embedding_model,retrieval_method,llm_model,RAGAS_Faithfulness,RAGAS_AnswerRelevancy,RAGAS_ContextPrecision,RAGAS_ContextRecall
gemini,bm25,gpt-4o,0.475534726958317,0.8852002366771002,0.4928867477366858,0.9018357397214051
gemini,combined,gpt-4o,0.46061683245737356,0.8645975986982269,0.4894823381449126,0.9135279203380924
gemini,cosine,gpt-4o,0.20071389444362492,0.8782782598317118,0.36512006318454476,0.6152318527632368
minilm,bm25,gpt-4o,0.2607445407223492,0.8782729833417569,0.5054296948266968,0.8336787121071764
minilm,combined,gpt-4o,0.25331719455016394,0.8854290598343189,0.5089877824725425,0.829198268797174
minilm,cosine,gpt-4o,0.1800939538998978,0.8832785051117896,0.3196048084992402,0.592178423875208
openai,bm25,gpt-4o,0.4361278430306821,0.8867962928506606,0.5086677938617257,0.9202656800102412
openai,combined,gpt-4o,0.4903699676027699,0.8816527235220905,0.5014235997854704,0.9202479735375598
openai,cosine,gpt-4o,0.2341959716575435,0.8940424746672199,0.5634081504390628,0.7553242475181817
