embedding_model_,retrieval_method_,llm_model_,stage_match_mean,stage_match_std,bertscore_f1_mean,bertscore_f1_std,bleu_mean,bleu_std,rougeL_mean,rougeL_std
gemini,bm25,gpt-4o,0.5,0.5006958945608437,0.8371084,0.014479174985306745,0.035089813689090435,0.01788600882881471,0.1957272267262484,0.04094516823108066
gemini,combined,gpt-4o,0.5027777777777778,0.5006881677127262,0.8360038,0.015096125705061572,0.03379940969540623,0.01891612691174298,0.19042829419469792,0.04556530660767468
gemini,cosine,gpt-4o,0.5166666666666667,0.5004176528641354,0.83749264,0.014681506944358717,0.034658956944486015,0.018030094377711896,0.1932365883658233,0.04313187532285702
minilm,bm25,gpt-4o,0.4777777777777778,0.5002011356509186,0.83600193,0.015985716828500782,0.034764162208236825,0.019085416045412012,0.19043130952135204,0.04640098254862748
minilm,combined,gpt-4o,0.4666666666666667,0.4995819979762581,0.8369171,0.014911420598263534,0.03575511583104742,0.01807934927367713,0.19311729633769456,0.04398352618077691
minilm,cosine,gpt-4o,0.45,0.49818612489890024,0.8370257,0.015718888008690268,0.035196359559454174,0.019259358059676723,0.19095914971147715,0.04475719139906397
openai,bm25,gpt-4o,0.48055555555555557,0.5003171386678811,0.8354763,0.015202941215603939,0.03362809150993967,0.017830192034373357,0.19206797083409824,0.043431622273741886
openai,combined,gpt-4o,0.49722222222222223,0.5006881677127262,0.8368763,0.01440426615231065,0.03413840062671911,0.017590916847439318,0.1941471226512213,0.04083876715412603
openai,cosine,gpt-4o,0.44722222222222224,0.4978987105498394,0.83733684,0.0148681094189291,0.03485974000156183,0.018776918557937606,0.19244558425443156,0.04378810701148219
