{
    "0": {
        "precision": 0.12389380530973451,
        "recall": 0.06407322654462243,
        "f1-score": 0.08446455505279035,
        "support": 437.0
    },
    "1": {
        "precision": 0.6155606407322655,
        "recall": 0.5337301587301587,
        "f1-score": 0.5717321997874601,
        "support": 504.0
    },
    "2": {
        "precision": 0.6795952782462057,
        "recall": 0.9415887850467289,
        "f1-score": 0.7894221351616063,
        "support": 428.0
    },
    "3": {
        "precision": 0.6225045372050817,
        "recall": 0.7831050228310502,
        "f1-score": 0.6936299292214358,
        "support": 438.0
    },
    "accuracy": 0.5771997786386276,
    "macro avg": {
        "precision": 0.5103885653733218,
        "recall": 0.5806242982881401,
        "f1-score": 0.5348122048058231,
        "support": 1807.0
    },
    "weighted avg": {
        "precision": 0.5135074279106905,
        "recall": 0.5771997786386276,
        "f1-score": 0.5350008976752106,
        "support": 1807.0
    }
}