{
    "train_metrics": [],
    "val_metrics": [],
    "hyperparameters": {
        "learning_rate": 8.520482159786357e-05,
        "batch_size": 16,
        "weight_decay": 0.0006278565678701453,
        "trainable_layers": 1,
        "dropout_rate": 0.7123778768049145,
        "dropout_rate_RN50": 0.1037132711173,
        "optimizer": "RMSprop",
        "scheduler": "OneCycleLR",
        "label_smoothing": 0.13828811826366133,
        "hidden_units": 256,
        "num_fc_layers": 2
    },
    "class_weights": {
        "T": [
            1.020164132118225,
            0.9987770915031433,
            0.9719483256340027,
            1.010427713394165
        ],
        "N": [
            1.005452036857605,
            0.9579423666000366,
            1.0827651023864746,
            0.9634310603141785
        ],
        "M": [
            0.9742671847343445,
            1.027129054069519
        ]
    },
    "classification_reports": {
        "T": {
            "0": {
                "precision": 0.3779527559055118,
                "recall": 0.4549763033175355,
                "f1-score": 0.4129032258064516,
                "support": 422.0
            },
            "1": {
                "precision": 0.1436893203883495,
                "recall": 0.18362282878411912,
                "f1-score": 0.16122004357298475,
                "support": 403.0
            },
            "2": {
                "precision": 0.6851063829787234,
                "recall": 0.3026315789473684,
                "f1-score": 0.4198174706649283,
                "support": 532.0
            },
            "3": {
                "precision": 0.4644808743169399,
                "recall": 0.5666666666666667,
                "f1-score": 0.5105105105105106,
                "support": 450.0
            },
            "accuracy": 0.3774211400110681,
            "macro avg": {
                "precision": 0.41780733339738113,
                "recall": 0.3769743444289224,
                "f1-score": 0.3761128126387188,
                "support": 1807.0
            },
            "weighted avg": {
                "precision": 0.43768447609072203,
                "recall": 0.3774211400110681,
                "f1-score": 0.38311536412490704,
                "support": 1807.0
            }
        },
        "N": {
            "0": {
                "precision": 0.3448275862068966,
                "recall": 0.34324942791762014,
                "f1-score": 0.3440366972477064,
                "support": 437.0
            },
            "1": {
                "precision": 0.597872340425532,
                "recall": 0.5575396825396826,
                "f1-score": 0.5770020533880903,
                "support": 504.0
            },
            "2": {
                "precision": 0.7220956719817767,
                "recall": 0.7406542056074766,
                "f1-score": 0.7312572087658593,
                "support": 428.0
            },
            "3": {
                "precision": 0.6371490280777538,
                "recall": 0.6735159817351598,
                "f1-score": 0.6548279689234184,
                "support": 438.0
            },
            "accuracy": 0.5771997786386276,
            "macro avg": {
                "precision": 0.5754861566729897,
                "recall": 0.5787398244499848,
                "f1-score": 0.5767809820812686,
                "support": 1807.0
            },
            "weighted avg": {
                "precision": 0.5756201088285215,
                "recall": 0.5771997786386276,
                "f1-score": 0.5760629813752575,
                "support": 1807.0
            }
        },
        "M": {
            "0": {
                "precision": 0.6348936170212766,
                "recall": 0.7910922587486744,
                "f1-score": 0.704438149197356,
                "support": 943.0
            },
            "1": {
                "precision": 0.6882911392405063,
                "recall": 0.5034722222222222,
                "f1-score": 0.5815508021390374,
                "support": 864.0
            },
            "accuracy": 0.6535694521306032,
            "macro avg": {
                "precision": 0.6615923781308914,
                "recall": 0.6472822404854484,
                "f1-score": 0.6429944756681967,
                "support": 1807.0
            },
            "weighted avg": {
                "precision": 0.6604251384365585,
                "recall": 0.6535694521306032,
                "f1-score": 0.6456807237084865,
                "support": 1807.0
            }
        }
    },
    "final_metrics": {
        "val_f1_T": 0.3761128126387188,
        "val_f1_N": 0.5767809820812686,
        "val_f1_M": 0.6429944756681967,
        "val_f1_mean": 0.5319627567960613
    }
}