{
    "0": {
        "precision": 0.40893470790378006,
        "recall": 0.2723112128146453,
        "f1-score": 0.3269230769230769,
        "support": 437.0
    },
    "1": {
        "precision": 0.6842105263157895,
        "recall": 0.6448412698412699,
        "f1-score": 0.6639427987742594,
        "support": 504.0
    },
    "2": {
        "precision": 0.8072289156626506,
        "recall": 0.7827102803738317,
        "f1-score": 0.7947805456702254,
        "support": 428.0
    },
    "3": {
        "precision": 0.5798722044728435,
        "recall": 0.8287671232876712,
        "f1-score": 0.6823308270676691,
        "support": 438.0
    },
    "accuracy": 0.6319867183176535,
    "macro avg": {
        "precision": 0.6200615885887659,
        "recall": 0.6321574715793545,
        "f1-score": 0.6169943121088077,
        "support": 1807.0
    },
    "weighted avg": {
        "precision": 0.6214856525068233,
        "recall": 0.6319867183176535,
        "f1-score": 0.6178857393470432,
        "support": 1807.0
    }
}