{
    "0": {
        "precision": 0.3567251461988304,
        "recall": 0.14454976303317535,
        "f1-score": 0.2057335581787521,
        "support": 422.0
    },
    "1": {
        "precision": 0.15082956259426847,
        "recall": 0.24813895781637718,
        "f1-score": 0.18761726078799248,
        "support": 403.0
    },
    "2": {
        "precision": 0.5026737967914439,
        "recall": 0.17669172932330826,
        "f1-score": 0.2614742698191933,
        "support": 532.0
    },
    "3": {
        "precision": 0.38295165394402036,
        "recall": 0.6688888888888889,
        "f1-score": 0.48705501618122976,
        "support": 450.0
    },
    "accuracy": 0.3076923076923077,
    "macro avg": {
        "precision": 0.3482950398821408,
        "recall": 0.3095673347654374,
        "f1-score": 0.2854700262417919,
        "support": 1807.0
    },
    "weighted avg": {
        "precision": 0.36030604847219366,
        "recall": 0.3076923076923077,
        "f1-score": 0.28816180767811767,
        "support": 1807.0
    }
}