{
    "0": {
        "precision": 0.1937984496124031,
        "recall": 0.11848341232227488,
        "f1-score": 0.14705882352941177,
        "support": 422.0
    },
    "1": {
        "precision": 0.11879432624113476,
        "recall": 0.1662531017369727,
        "f1-score": 0.13857290589451912,
        "support": 403.0
    },
    "2": {
        "precision": 0.592,
        "recall": 0.2781954887218045,
        "f1-score": 0.37851662404092073,
        "support": 532.0
    },
    "3": {
        "precision": 0.40816326530612246,
        "recall": 0.6666666666666666,
        "f1-score": 0.5063291139240507,
        "support": 450.0
    },
    "accuracy": 0.3126729385722192,
    "macro avg": {
        "precision": 0.3281890102899151,
        "recall": 0.3073996673619297,
        "f1-score": 0.29261936684722556,
        "support": 1807.0
    },
    "weighted avg": {
        "precision": 0.3476892798004242,
        "recall": 0.3126729385722192,
        "f1-score": 0.3027795516660186,
        "support": 1807.0
    }
}