{
    "0": {
        "precision": 0.6805054151624549,
        "recall": 0.799575821845175,
        "f1-score": 0.735251097025841,
        "support": 943.0
    },
    "1": {
        "precision": 0.7296137339055794,
        "recall": 0.5902777777777778,
        "f1-score": 0.6525911708253359,
        "support": 864.0
    },
    "accuracy": 0.6995019369120089,
    "macro avg": {
        "precision": 0.7050595745340171,
        "recall": 0.6949267998114763,
        "f1-score": 0.6939211339255884,
        "support": 1807.0
    },
    "weighted avg": {
        "precision": 0.7039860944065388,
        "recall": 0.6995019369120089,
        "f1-score": 0.6957280332531589,
        "support": 1807.0
    }
}