{
    "train_metrics": [],
    "val_metrics": [],
    "hyperparameters": {
        "learning_rate": 0.0001724795771004602,
        "batch_size": 16,
        "weight_decay": 0.004247058562261873,
        "trainable_layers": 1,
        "dropout_rate": 0.7813181884524238,
        "dropout_rate_RN50": 0.12982025747190834,
        "optimizer": "Adam",
        "scheduler": "CosineAnnealingLR",
        "label_smoothing": 0.25425406933718914,
        "hidden_units": 128,
        "num_fc_layers": 3,
        "T_max": 11,
        "eta_min": 3.375890446041227e-05
    },
    "class_weights": {
        "T": [
            1.020164132118225,
            0.9987770915031433,
            0.9719483256340027,
            1.010427713394165
        ],
        "N": [
            1.005452036857605,
            0.9579423666000366,
            1.0827651023864746,
            0.9634310603141785
        ],
        "M": [
            0.9742671847343445,
            1.027129054069519
        ]
    },
    "classification_reports": {
        "T": {
            "0": {
                "precision": 0.3567251461988304,
                "recall": 0.14454976303317535,
                "f1-score": 0.2057335581787521,
                "support": 422.0
            },
            "1": {
                "precision": 0.15082956259426847,
                "recall": 0.24813895781637718,
                "f1-score": 0.18761726078799248,
                "support": 403.0
            },
            "2": {
                "precision": 0.5026737967914439,
                "recall": 0.17669172932330826,
                "f1-score": 0.2614742698191933,
                "support": 532.0
            },
            "3": {
                "precision": 0.38295165394402036,
                "recall": 0.6688888888888889,
                "f1-score": 0.48705501618122976,
                "support": 450.0
            },
            "accuracy": 0.3076923076923077,
            "macro avg": {
                "precision": 0.3482950398821408,
                "recall": 0.3095673347654374,
                "f1-score": 0.2854700262417919,
                "support": 1807.0
            },
            "weighted avg": {
                "precision": 0.36030604847219366,
                "recall": 0.3076923076923077,
                "f1-score": 0.28816180767811767,
                "support": 1807.0
            }
        },
        "N": {
            "0": {
                "precision": 0.09032258064516129,
                "recall": 0.032036613272311214,
                "f1-score": 0.0472972972972973,
                "support": 437.0
            },
            "1": {
                "precision": 0.7859237536656891,
                "recall": 0.5317460317460317,
                "f1-score": 0.6343195266272189,
                "support": 504.0
            },
            "2": {
                "precision": 0.6731707317073171,
                "recall": 0.9672897196261683,
                "f1-score": 0.7938638542665388,
                "support": 428.0
            },
            "3": {
                "precision": 0.48563218390804597,
                "recall": 0.771689497716895,
                "f1-score": 0.5961199294532628,
                "support": 438.0
            },
            "accuracy": 0.5722191477587161,
            "macro avg": {
                "precision": 0.5087623124815533,
                "recall": 0.5756904655903515,
                "f1-score": 0.5179001519110794,
                "support": 1807.0
            },
            "weighted avg": {
                "precision": 0.5182072547381841,
                "recall": 0.5722191477587161,
                "f1-score": 0.5208855667214415,
                "support": 1807.0
            }
        },
        "M": {
            "0": {
                "precision": 0.669803250641574,
                "recall": 0.8303287380699894,
                "f1-score": 0.7414772727272727,
                "support": 943.0
            },
            "1": {
                "precision": 0.7492163009404389,
                "recall": 0.5532407407407407,
                "f1-score": 0.6364846870838882,
                "support": 864.0
            },
            "accuracy": 0.697841726618705,
            "macro avg": {
                "precision": 0.7095097757910065,
                "recall": 0.6917847394053651,
                "f1-score": 0.6889809799055804,
                "support": 1807.0
            },
            "weighted avg": {
                "precision": 0.707773851337877,
                "recall": 0.697841726618705,
                "f1-score": 0.6912760585624226,
                "support": 1807.0
            }
        }
    },
    "final_metrics": {
        "val_f1_T": 0.2854700262417919,
        "val_f1_N": 0.5179001519110794,
        "val_f1_M": 0.6889809799055804,
        "val_f1_mean": 0.4974503860194839
    }
}