{
    "0": {
        "precision": 0.3779527559055118,
        "recall": 0.4549763033175355,
        "f1-score": 0.4129032258064516,
        "support": 422.0
    },
    "1": {
        "precision": 0.1436893203883495,
        "recall": 0.18362282878411912,
        "f1-score": 0.16122004357298475,
        "support": 403.0
    },
    "2": {
        "precision": 0.6851063829787234,
        "recall": 0.3026315789473684,
        "f1-score": 0.4198174706649283,
        "support": 532.0
    },
    "3": {
        "precision": 0.4644808743169399,
        "recall": 0.5666666666666667,
        "f1-score": 0.5105105105105106,
        "support": 450.0
    },
    "accuracy": 0.3774211400110681,
    "macro avg": {
        "precision": 0.41780733339738113,
        "recall": 0.3769743444289224,
        "f1-score": 0.3761128126387188,
        "support": 1807.0
    },
    "weighted avg": {
        "precision": 0.43768447609072203,
        "recall": 0.3774211400110681,
        "f1-score": 0.38311536412490704,
        "support": 1807.0
    }
}