{
    "0": {
        "precision": 0.24330357142857142,
        "recall": 0.9977116704805492,
        "f1-score": 0.39120681920143563,
        "support": 437.0
    },
    "1": {
        "precision": 0.0,
        "recall": 0.0,
        "f1-score": 0.0,
        "support": 504.0
    },
    "2": {
        "precision": 0.0,
        "recall": 0.0,
        "f1-score": 0.0,
        "support": 428.0
    },
    "3": {
        "precision": 0.26666666666666666,
        "recall": 0.0091324200913242,
        "f1-score": 0.017660044150110375,
        "support": 438.0
    },
    "accuracy": 0.24349750968456005,
    "macro avg": {
        "precision": 0.12749255952380953,
        "recall": 0.25171102264296835,
        "f1-score": 0.1022167158378865,
        "support": 1807.0
    },
    "weighted avg": {
        "precision": 0.12347739939916198,
        "recall": 0.24349750968456005,
        "f1-score": 0.09888903117253776,
        "support": 1807.0
    }
}