{
    "0": {
        "precision": 0.09032258064516129,
        "recall": 0.032036613272311214,
        "f1-score": 0.0472972972972973,
        "support": 437.0
    },
    "1": {
        "precision": 0.7859237536656891,
        "recall": 0.5317460317460317,
        "f1-score": 0.6343195266272189,
        "support": 504.0
    },
    "2": {
        "precision": 0.6731707317073171,
        "recall": 0.9672897196261683,
        "f1-score": 0.7938638542665388,
        "support": 428.0
    },
    "3": {
        "precision": 0.48563218390804597,
        "recall": 0.771689497716895,
        "f1-score": 0.5961199294532628,
        "support": 438.0
    },
    "accuracy": 0.5722191477587161,
    "macro avg": {
        "precision": 0.5087623124815533,
        "recall": 0.5756904655903515,
        "f1-score": 0.5179001519110794,
        "support": 1807.0
    },
    "weighted avg": {
        "precision": 0.5182072547381841,
        "recall": 0.5722191477587161,
        "f1-score": 0.5208855667214415,
        "support": 1807.0
    }
}