{
    "0": {
        "precision": 0.6910268270120259,
        "recall": 0.792152704135737,
        "f1-score": 0.7381422924901185,
        "support": 943.0
    },
    "1": {
        "precision": 0.7300275482093664,
        "recall": 0.6134259259259259,
        "f1-score": 0.6666666666666666,
        "support": 864.0
    },
    "accuracy": 0.7066961815163254,
    "macro avg": {
        "precision": 0.7105271876106962,
        "recall": 0.7027893150308315,
        "f1-score": 0.7024044795783926,
        "support": 1807.0
    },
    "weighted avg": {
        "precision": 0.709674653860118,
        "recall": 0.7066961815163254,
        "f1-score": 0.7039668964129395,
        "support": 1807.0
    }
}