{
    "0": {
        "precision": 0.3333333333333333,
        "recall": 0.2914691943127962,
        "f1-score": 0.3109987357774968,
        "support": 422.0
    },
    "1": {
        "precision": 0.08787346221441125,
        "recall": 0.12406947890818859,
        "f1-score": 0.102880658436214,
        "support": 403.0
    },
    "2": {
        "precision": 0.7094017094017094,
        "recall": 0.31203007518796994,
        "f1-score": 0.43342036553524804,
        "support": 532.0
    },
    "3": {
        "precision": 0.4110236220472441,
        "recall": 0.58,
        "f1-score": 0.48110599078341015,
        "support": 450.0
    },
    "accuracy": 0.3320420586607637,
    "macro avg": {
        "precision": 0.3854080317491745,
        "recall": 0.32689218710223866,
        "f1-score": 0.33210143763309224,
        "support": 1807.0
    },
    "weighted avg": {
        "precision": 0.4086563427017397,
        "recall": 0.3320420586607637,
        "f1-score": 0.34298821370513805,
        "support": 1807.0
    }
}