{
    "train_metrics": [],
    "val_metrics": [],
    "hyperparameters": {
        "learning_rate": 0.000281510559583348,
        "batch_size": 32,
        "weight_decay": 0.01847793417351926,
        "trainable_layers": 1,
        "dropout_rate": 0.3461879458972758,
        "dropout_rate_RN50": 0.21590058116550723,
        "optimizer": "SGD",
        "scheduler": "CosineAnnealingLR",
        "label_smoothing": 0.27851179969799555,
        "hidden_units": 256,
        "num_fc_layers": 1,
        "momentum": 0.7319150581130263,
        "T_max": 7,
        "eta_min": 4.3283671073999374e-05
    },
    "class_weights": {
        "T": [
            1.020164132118225,
            0.9987770915031433,
            0.9719483256340027,
            1.010427713394165
        ],
        "N": [
            1.005452036857605,
            0.9579423666000366,
            1.0827651023864746,
            0.9634310603141785
        ],
        "M": [
            0.9742671847343445,
            1.027129054069519
        ]
    },
    "classification_reports": {
        "T": {
            "0": {
                "precision": 0.25,
                "recall": 0.13033175355450238,
                "f1-score": 0.17133956386292834,
                "support": 422.0
            },
            "1": {
                "precision": 0.13344316309719934,
                "recall": 0.20099255583126552,
                "f1-score": 0.1603960396039604,
                "support": 403.0
            },
            "2": {
                "precision": 0.5260115606936416,
                "recall": 0.17105263157894737,
                "f1-score": 0.2581560283687943,
                "support": 532.0
            },
            "3": {
                "precision": 0.4969021065675341,
                "recall": 0.8911111111111111,
                "f1-score": 0.6380270485282419,
                "support": 450.0
            },
            "accuracy": 0.34753735473159936,
            "macro avg": {
                "precision": 0.3515892075895938,
                "recall": 0.3483720130189566,
                "f1-score": 0.30697967009098126,
                "support": 1807.0
            },
            "weighted avg": {
                "precision": 0.36675245875626955,
                "recall": 0.34753735473159936,
                "f1-score": 0.31067851623711085,
                "support": 1807.0
            }
        },
        "N": {
            "0": {
                "precision": 0.12658227848101267,
                "recall": 0.02288329519450801,
                "f1-score": 0.03875968992248062,
                "support": 437.0
            },
            "1": {
                "precision": 0.517774343122102,
                "recall": 0.6646825396825397,
                "f1-score": 0.5821025195482189,
                "support": 504.0
            },
            "2": {
                "precision": 0.6788553259141494,
                "recall": 0.9976635514018691,
                "f1-score": 0.8079470198675497,
                "support": 428.0
            },
            "3": {
                "precision": 0.5066371681415929,
                "recall": 0.5228310502283106,
                "f1-score": 0.5146067415730337,
                "support": 438.0
            },
            "accuracy": 0.5539568345323741,
            "macro avg": {
                "precision": 0.45746227891471425,
                "recall": 0.5520151091268068,
                "f1-score": 0.4858539927278207,
                "support": 1807.0
            },
            "weighted avg": {
                "precision": 0.45862306793968766,
                "recall": 0.5539568345323741,
                "f1-score": 0.48783438387422606,
                "support": 1807.0
            }
        },
        "M": {
            "0": {
                "precision": 0.6477732793522267,
                "recall": 0.848356309650053,
                "f1-score": 0.7346189164370982,
                "support": 943.0
            },
            "1": {
                "precision": 0.75,
                "recall": 0.4965277777777778,
                "f1-score": 0.5974930362116991,
                "support": 864.0
            },
            "accuracy": 0.6801328168234643,
            "macro avg": {
                "precision": 0.6988866396761133,
                "recall": 0.6724420437139154,
                "f1-score": 0.6660559763243987,
                "support": 1807.0
            },
            "weighted avg": {
                "precision": 0.6966520212668234,
                "recall": 0.6801328168234643,
                "f1-score": 0.6690534706624747,
                "support": 1807.0
            }
        }
    },
    "final_metrics": {
        "val_f1_T": 0.30697967009098126,
        "val_f1_N": 0.4858539927278207,
        "val_f1_M": 0.6660559763243987,
        "val_f1_mean": 0.4862965463810669
    }
}