{
    "train_metrics": [],
    "val_metrics": [],
    "hyperparameters": {
        "learning_rate": 2.1348999901951977e-06,
        "batch_size": 16,
        "weight_decay": 0.053451661106468214,
        "trainable_layers": 2,
        "dropout_rate": 0.6975133706123893,
        "dropout_rate_RN50": 0.2246844304357644,
        "optimizer": "SGD",
        "scheduler": "StepLR",
        "label_smoothing": 0.21957999576221704,
        "hidden_units": 64,
        "num_fc_layers": 1,
        "momentum": 0.7943457959213467,
        "step_size": 3,
        "gamma": 0.3170792254191167
    },
    "class_weights": {
        "T": [
            1.020164132118225,
            0.9987770915031433,
            0.9719483256340027,
            1.010427713394165
        ],
        "N": [
            1.005452036857605,
            0.9579423666000366,
            1.0827651023864746,
            0.9634310603141785
        ],
        "M": [
            0.9742671847343445,
            1.027129054069519
        ]
    },
    "classification_reports": {
        "T": {
            "0": {
                "precision": 0.0,
                "recall": 0.0,
                "f1-score": 0.0,
                "support": 422.0
            },
            "1": {
                "precision": 1.0,
                "recall": 0.0024813895781637717,
                "f1-score": 0.0049504950495049506,
                "support": 403.0
            },
            "2": {
                "precision": 0.29892836999435984,
                "recall": 0.9962406015037594,
                "f1-score": 0.4598698481561822,
                "support": 532.0
            },
            "3": {
                "precision": 0.07692307692307693,
                "recall": 0.0044444444444444444,
                "f1-score": 0.008403361344537815,
                "support": 450.0
            },
            "accuracy": 0.2949640287769784,
            "macro avg": {
                "precision": 0.3439628617293592,
                "recall": 0.2507916088815919,
                "f1-score": 0.11830592613755625,
                "support": 1807.0
            },
            "weighted avg": {
                "precision": 0.33018554369252023,
                "recall": 0.2949640287769784,
                "f1-score": 0.13858733886501465,
                "support": 1807.0
            }
        },
        "N": {
            "0": {
                "precision": 0.24330357142857142,
                "recall": 0.9977116704805492,
                "f1-score": 0.39120681920143563,
                "support": 437.0
            },
            "1": {
                "precision": 0.0,
                "recall": 0.0,
                "f1-score": 0.0,
                "support": 504.0
            },
            "2": {
                "precision": 0.0,
                "recall": 0.0,
                "f1-score": 0.0,
                "support": 428.0
            },
            "3": {
                "precision": 0.26666666666666666,
                "recall": 0.0091324200913242,
                "f1-score": 0.017660044150110375,
                "support": 438.0
            },
            "accuracy": 0.24349750968456005,
            "macro avg": {
                "precision": 0.12749255952380953,
                "recall": 0.25171102264296835,
                "f1-score": 0.1022167158378865,
                "support": 1807.0
            },
            "weighted avg": {
                "precision": 0.12347739939916198,
                "recall": 0.24349750968456005,
                "f1-score": 0.09888903117253776,
                "support": 1807.0
            }
        },
        "M": {
            "0": {
                "precision": 0.848780487804878,
                "recall": 0.18451749734888653,
                "f1-score": 0.30313588850174217,
                "support": 943.0
            },
            "1": {
                "precision": 0.5199750312109863,
                "recall": 0.9641203703703703,
                "f1-score": 0.67558799675588,
                "support": 864.0
            },
            "accuracy": 0.5572772551189817,
            "macro avg": {
                "precision": 0.6843777595079321,
                "recall": 0.5743189338596284,
                "f1-score": 0.48936194262881105,
                "support": 1807.0
            },
            "weighted avg": {
                "precision": 0.6915652611877654,
                "recall": 0.5572772551189817,
                "f1-score": 0.4812203497809758,
                "support": 1807.0
            }
        }
    },
    "final_metrics": {
        "val_f1_T": 0.11830592613755625,
        "val_f1_N": 0.1022167158378865,
        "val_f1_M": 0.48936194262881105,
        "val_f1_mean": 0.23662819486808462
    }
}