{
    "0": {
        "precision": 0.0,
        "recall": 0.0,
        "f1-score": 0.0,
        "support": 422.0
    },
    "1": {
        "precision": 1.0,
        "recall": 0.0024813895781637717,
        "f1-score": 0.0049504950495049506,
        "support": 403.0
    },
    "2": {
        "precision": 0.29892836999435984,
        "recall": 0.9962406015037594,
        "f1-score": 0.4598698481561822,
        "support": 532.0
    },
    "3": {
        "precision": 0.07692307692307693,
        "recall": 0.0044444444444444444,
        "f1-score": 0.008403361344537815,
        "support": 450.0
    },
    "accuracy": 0.2949640287769784,
    "macro avg": {
        "precision": 0.3439628617293592,
        "recall": 0.2507916088815919,
        "f1-score": 0.11830592613755625,
        "support": 1807.0
    },
    "weighted avg": {
        "precision": 0.33018554369252023,
        "recall": 0.2949640287769784,
        "f1-score": 0.13858733886501465,
        "support": 1807.0
    }
}