{
    "0": {
        "precision": 0.40298507462686567,
        "recall": 0.31990521327014215,
        "f1-score": 0.35667107001321,
        "support": 422.0
    },
    "1": {
        "precision": 0.18700475435816163,
        "recall": 0.29280397022332505,
        "f1-score": 0.22823984526112184,
        "support": 403.0
    },
    "2": {
        "precision": 0.7121212121212122,
        "recall": 0.2650375939849624,
        "f1-score": 0.3863013698630137,
        "support": 532.0
    },
    "3": {
        "precision": 0.40435458786936235,
        "recall": 0.5777777777777777,
        "f1-score": 0.4757548032936871,
        "support": 450.0
    },
    "accuracy": 0.3619258439402324,
    "macro avg": {
        "precision": 0.42661640724390043,
        "recall": 0.3638811388140518,
        "f1-score": 0.3617417721077582,
        "support": 1807.0
    },
    "weighted avg": {
        "precision": 0.44617081731520447,
        "recall": 0.3619258439402324,
        "f1-score": 0.366407216068118,
        "support": 1807.0
    }
}