{
    "0": {
        "precision": 0.1134020618556701,
        "recall": 0.02517162471395881,
        "f1-score": 0.04119850187265917,
        "support": 437.0
    },
    "1": {
        "precision": 0.630057803468208,
        "recall": 0.6488095238095238,
        "f1-score": 0.6392961876832844,
        "support": 504.0
    },
    "2": {
        "precision": 0.6609642301710731,
        "recall": 0.9929906542056075,
        "f1-score": 0.7936507936507936,
        "support": 428.0
    },
    "3": {
        "precision": 0.5875912408759124,
        "recall": 0.7351598173515982,
        "f1-score": 0.6531440162271805,
        "support": 438.0
    },
    "accuracy": 0.600442722744881,
    "macro avg": {
        "precision": 0.49800383409271587,
        "recall": 0.6005329050201721,
        "f1-score": 0.5318223748584795,
        "support": 1807.0
    },
    "weighted avg": {
        "precision": 0.5021380675128797,
        "recall": 0.600442722744881,
        "f1-score": 0.5345703612068468,
        "support": 1807.0
    }
}