{
    "0": {
        "precision": 0.16,
        "recall": 0.02843601895734597,
        "f1-score": 0.0482897384305835,
        "support": 422.0
    },
    "1": {
        "precision": 0.21052631578947367,
        "recall": 0.3870967741935484,
        "f1-score": 0.2727272727272727,
        "support": 403.0
    },
    "2": {
        "precision": 0.696113074204947,
        "recall": 0.37030075187969924,
        "f1-score": 0.4834355828220859,
        "support": 532.0
    },
    "3": {
        "precision": 0.3545197740112994,
        "recall": 0.5577777777777778,
        "f1-score": 0.43350604490500866,
        "support": 450.0
    },
    "accuracy": 0.3408965135583841,
    "macro avg": {
        "precision": 0.35528979100143,
        "recall": 0.3359028307020928,
        "f1-score": 0.30948965972123765,
        "support": 1807.0
    },
    "weighted avg": {
        "precision": 0.3775474040095597,
        "recall": 0.3408965135583841,
        "f1-score": 0.3223867242918654,
        "support": 1807.0
    }
}