{
    "0": {
        "precision": 0.35978835978835977,
        "recall": 0.3112128146453089,
        "f1-score": 0.3337423312883436,
        "support": 437.0
    },
    "1": {
        "precision": 0.7175,
        "recall": 0.5694444444444444,
        "f1-score": 0.6349557522123894,
        "support": 504.0
    },
    "2": {
        "precision": 0.8037825059101655,
        "recall": 0.794392523364486,
        "f1-score": 0.799059929494712,
        "support": 428.0
    },
    "3": {
        "precision": 0.5478547854785478,
        "recall": 0.7579908675799086,
        "f1-score": 0.6360153256704981,
        "support": 438.0
    },
    "accuracy": 0.6059767570558937,
    "macro avg": {
        "precision": 0.6072314127942683,
        "recall": 0.608260162508537,
        "f1-score": 0.6009433346664859,
        "support": 1807.0
    },
    "weighted avg": {
        "precision": 0.610308147092788,
        "recall": 0.6059767570558937,
        "f1-score": 0.6012371114308054,
        "support": 1807.0
    }
}