{
    "0": {
        "precision": 0.6867145421903053,
        "recall": 0.8112407211028632,
        "f1-score": 0.743801652892562,
        "support": 943.0
    },
    "1": {
        "precision": 0.7431457431457431,
        "recall": 0.5960648148148148,
        "f1-score": 0.6615285806037251,
        "support": 864.0
    },
    "accuracy": 0.7083563918096292,
    "macro avg": {
        "precision": 0.7149301426680241,
        "recall": 0.7036527679588389,
        "f1-score": 0.7026651167481435,
        "support": 1807.0
    },
    "weighted avg": {
        "precision": 0.713696588468943,
        "recall": 0.7083563918096292,
        "f1-score": 0.704463559667573,
        "support": 1807.0
    }
}