{
    "0": {
        "precision": 0.6574154379878577,
        "recall": 0.8038176033934252,
        "f1-score": 0.7232824427480916,
        "support": 943.0
    },
    "1": {
        "precision": 0.7171253822629969,
        "recall": 0.5428240740740741,
        "f1-score": 0.6179183135704874,
        "support": 864.0
    },
    "accuracy": 0.6790260099612617,
    "macro avg": {
        "precision": 0.6872704101254273,
        "recall": 0.6733208387337497,
        "f1-score": 0.6706003781592895,
        "support": 1807.0
    },
    "weighted avg": {
        "precision": 0.6859651844481345,
        "recall": 0.6790260099612617,
        "f1-score": 0.6729035785480639,
        "support": 1807.0
    }
}