{
    "0": {
        "precision": 0.3611859838274933,
        "recall": 0.3175355450236967,
        "f1-score": 0.3379571248423707,
        "support": 422.0
    },
    "1": {
        "precision": 0.1936026936026936,
        "recall": 0.2853598014888337,
        "f1-score": 0.23069207622868607,
        "support": 403.0
    },
    "2": {
        "precision": 0.8883495145631068,
        "recall": 0.34398496240601506,
        "f1-score": 0.4959349593495935,
        "support": 532.0
    },
    "3": {
        "precision": 0.3757861635220126,
        "recall": 0.5311111111111111,
        "f1-score": 0.44014732965009207,
        "support": 450.0
    },
    "accuracy": 0.37133370226895407,
    "macro avg": {
        "precision": 0.4547310888788266,
        "recall": 0.36949785500741417,
        "f1-score": 0.37618287251768556,
        "support": 1807.0
    },
    "weighted avg": {
        "precision": 0.48264974323717,
        "recall": 0.37133370226895407,
        "f1-score": 0.38599364146107695,
        "support": 1807.0
    }
}