{
    "0": {
        "precision": 0.2733812949640288,
        "recall": 0.09004739336492891,
        "f1-score": 0.1354723707664884,
        "support": 422.0
    },
    "1": {
        "precision": 0.16393442622950818,
        "recall": 0.22332506203473945,
        "f1-score": 0.18907563025210083,
        "support": 403.0
    },
    "2": {
        "precision": 0.8128834355828221,
        "recall": 0.4981203007518797,
        "f1-score": 0.6177156177156177,
        "support": 532.0
    },
    "3": {
        "precision": 0.3921815889029004,
        "recall": 0.6911111111111111,
        "f1-score": 0.500402252614642,
        "support": 450.0
    },
    "accuracy": 0.38959601549529604,
    "macro avg": {
        "precision": 0.41059518641981485,
        "recall": 0.3756509668156648,
        "f1-score": 0.36066646783721223,
        "support": 1807.0
    },
    "weighted avg": {
        "precision": 0.4373924642953395,
        "recall": 0.38959601549529604,
        "f1-score": 0.38028364236654805,
        "support": 1807.0
    }
}