{
    "0": {
        "precision": 0.5991836734693877,
        "recall": 0.7783669141039237,
        "f1-score": 0.6771217712177122,
        "support": 943.0
    },
    "1": {
        "precision": 0.6408934707903781,
        "recall": 0.43171296296296297,
        "f1-score": 0.5159059474412172,
        "support": 864.0
    },
    "accuracy": 0.612617598229109,
    "macro avg": {
        "precision": 0.6200385721298829,
        "recall": 0.6050399385334433,
        "f1-score": 0.5965138593294648,
        "support": 1807.0
    },
    "weighted avg": {
        "precision": 0.6191268195044379,
        "recall": 0.612617598229109,
        "f1-score": 0.6000379462354811,
        "support": 1807.0
    }
}