{
    "0": {
        "precision": 0.4036697247706422,
        "recall": 0.30205949656750575,
        "f1-score": 0.34554973821989526,
        "support": 437.0
    },
    "1": {
        "precision": 0.7494089834515366,
        "recall": 0.628968253968254,
        "f1-score": 0.6839266450916937,
        "support": 504.0
    },
    "2": {
        "precision": 0.8192771084337349,
        "recall": 0.794392523364486,
        "f1-score": 0.8066429418742586,
        "support": 428.0
    },
    "3": {
        "precision": 0.5420560747663551,
        "recall": 0.7945205479452054,
        "f1-score": 0.6444444444444445,
        "support": 438.0
    },
    "accuracy": 0.6292197011621472,
    "macro avg": {
        "precision": 0.6286029728555672,
        "recall": 0.6299852054613628,
        "f1-score": 0.620140942407573,
        "support": 1807.0
    },
    "weighted avg": {
        "precision": 0.6320846488885707,
        "recall": 0.6292197011621472,
        "f1-score": 0.6215905426215591,
        "support": 1807.0
    }
}