{
    "train_metrics": [],
    "val_metrics": [],
    "hyperparameters": {
        "learning_rate": 4.4176962661764755e-05,
        "batch_size": 16,
        "weight_decay": 0.0006853925708853063,
        "trainable_layers": 4,
        "dropout_rate": 0.4437371344001835,
        "dropout_rate_RN50": 0.15795794883648925,
        "optimizer": "SGD",
        "scheduler": "CosineAnnealingLR",
        "label_smoothing": 0.17355662654385065,
        "hidden_units": 128,
        "num_fc_layers": 1,
        "momentum": 0.942237723720879,
        "T_max": 8,
        "eta_min": 1.946533252958557e-05
    },
    "class_weights": {
        "T": [
            1.020164132118225,
            0.9987770915031433,
            0.9719483256340027,
            1.010427713394165
        ],
        "N": [
            1.005452036857605,
            0.9579423666000366,
            1.0827651023864746,
            0.9634310603141785
        ],
        "M": [
            0.9742671847343445,
            1.027129054069519
        ]
    },
    "classification_reports": {
        "T": {
            "0": {
                "precision": 0.2733812949640288,
                "recall": 0.09004739336492891,
                "f1-score": 0.1354723707664884,
                "support": 422.0
            },
            "1": {
                "precision": 0.16393442622950818,
                "recall": 0.22332506203473945,
                "f1-score": 0.18907563025210083,
                "support": 403.0
            },
            "2": {
                "precision": 0.8128834355828221,
                "recall": 0.4981203007518797,
                "f1-score": 0.6177156177156177,
                "support": 532.0
            },
            "3": {
                "precision": 0.3921815889029004,
                "recall": 0.6911111111111111,
                "f1-score": 0.500402252614642,
                "support": 450.0
            },
            "accuracy": 0.38959601549529604,
            "macro avg": {
                "precision": 0.41059518641981485,
                "recall": 0.3756509668156648,
                "f1-score": 0.36066646783721223,
                "support": 1807.0
            },
            "weighted avg": {
                "precision": 0.4373924642953395,
                "recall": 0.38959601549529604,
                "f1-score": 0.38028364236654805,
                "support": 1807.0
            }
        },
        "N": {
            "0": {
                "precision": 0.1134020618556701,
                "recall": 0.02517162471395881,
                "f1-score": 0.04119850187265917,
                "support": 437.0
            },
            "1": {
                "precision": 0.630057803468208,
                "recall": 0.6488095238095238,
                "f1-score": 0.6392961876832844,
                "support": 504.0
            },
            "2": {
                "precision": 0.6609642301710731,
                "recall": 0.9929906542056075,
                "f1-score": 0.7936507936507936,
                "support": 428.0
            },
            "3": {
                "precision": 0.5875912408759124,
                "recall": 0.7351598173515982,
                "f1-score": 0.6531440162271805,
                "support": 438.0
            },
            "accuracy": 0.600442722744881,
            "macro avg": {
                "precision": 0.49800383409271587,
                "recall": 0.6005329050201721,
                "f1-score": 0.5318223748584795,
                "support": 1807.0
            },
            "weighted avg": {
                "precision": 0.5021380675128797,
                "recall": 0.600442722744881,
                "f1-score": 0.5345703612068468,
                "support": 1807.0
            }
        },
        "M": {
            "0": {
                "precision": 0.5991836734693877,
                "recall": 0.7783669141039237,
                "f1-score": 0.6771217712177122,
                "support": 943.0
            },
            "1": {
                "precision": 0.6408934707903781,
                "recall": 0.43171296296296297,
                "f1-score": 0.5159059474412172,
                "support": 864.0
            },
            "accuracy": 0.612617598229109,
            "macro avg": {
                "precision": 0.6200385721298829,
                "recall": 0.6050399385334433,
                "f1-score": 0.5965138593294648,
                "support": 1807.0
            },
            "weighted avg": {
                "precision": 0.6191268195044379,
                "recall": 0.612617598229109,
                "f1-score": 0.6000379462354811,
                "support": 1807.0
            }
        }
    },
    "final_metrics": {
        "val_f1_T": 0.36066646783721223,
        "val_f1_N": 0.5318223748584795,
        "val_f1_M": 0.5965138593294648,
        "val_f1_mean": 0.49633423400838544
    }
}