{
    "0": {
        "precision": 0.3448275862068966,
        "recall": 0.34324942791762014,
        "f1-score": 0.3440366972477064,
        "support": 437.0
    },
    "1": {
        "precision": 0.597872340425532,
        "recall": 0.5575396825396826,
        "f1-score": 0.5770020533880903,
        "support": 504.0
    },
    "2": {
        "precision": 0.7220956719817767,
        "recall": 0.7406542056074766,
        "f1-score": 0.7312572087658593,
        "support": 428.0
    },
    "3": {
        "precision": 0.6371490280777538,
        "recall": 0.6735159817351598,
        "f1-score": 0.6548279689234184,
        "support": 438.0
    },
    "accuracy": 0.5771997786386276,
    "macro avg": {
        "precision": 0.5754861566729897,
        "recall": 0.5787398244499848,
        "f1-score": 0.5767809820812686,
        "support": 1807.0
    },
    "weighted avg": {
        "precision": 0.5756201088285215,
        "recall": 0.5771997786386276,
        "f1-score": 0.5760629813752575,
        "support": 1807.0
    }
}