{
    "0": {
        "precision": 0.6477732793522267,
        "recall": 0.848356309650053,
        "f1-score": 0.7346189164370982,
        "support": 943.0
    },
    "1": {
        "precision": 0.75,
        "recall": 0.4965277777777778,
        "f1-score": 0.5974930362116991,
        "support": 864.0
    },
    "accuracy": 0.6801328168234643,
    "macro avg": {
        "precision": 0.6988866396761133,
        "recall": 0.6724420437139154,
        "f1-score": 0.6660559763243987,
        "support": 1807.0
    },
    "weighted avg": {
        "precision": 0.6966520212668234,
        "recall": 0.6801328168234643,
        "f1-score": 0.6690534706624747,
        "support": 1807.0
    }
}