{
    "0": {
        "precision": 0.12658227848101267,
        "recall": 0.02288329519450801,
        "f1-score": 0.03875968992248062,
        "support": 437.0
    },
    "1": {
        "precision": 0.517774343122102,
        "recall": 0.6646825396825397,
        "f1-score": 0.5821025195482189,
        "support": 504.0
    },
    "2": {
        "precision": 0.6788553259141494,
        "recall": 0.9976635514018691,
        "f1-score": 0.8079470198675497,
        "support": 428.0
    },
    "3": {
        "precision": 0.5066371681415929,
        "recall": 0.5228310502283106,
        "f1-score": 0.5146067415730337,
        "support": 438.0
    },
    "accuracy": 0.5539568345323741,
    "macro avg": {
        "precision": 0.45746227891471425,
        "recall": 0.5520151091268068,
        "f1-score": 0.4858539927278207,
        "support": 1807.0
    },
    "weighted avg": {
        "precision": 0.45862306793968766,
        "recall": 0.5539568345323741,
        "f1-score": 0.48783438387422606,
        "support": 1807.0
    }
}