{
    "0": {
        "precision": 0.35714285714285715,
        "recall": 0.28604118993135014,
        "f1-score": 0.3176620076238882,
        "support": 437.0
    },
    "1": {
        "precision": 0.4821917808219178,
        "recall": 0.3492063492063492,
        "f1-score": 0.4050632911392405,
        "support": 504.0
    },
    "2": {
        "precision": 0.7318982387475538,
        "recall": 0.8738317757009346,
        "f1-score": 0.7965921192758253,
        "support": 428.0
    },
    "3": {
        "precision": 0.621342512908778,
        "recall": 0.8242009132420092,
        "f1-score": 0.7085377821393523,
        "support": 438.0
    },
    "accuracy": 0.5733259546209186,
    "macro avg": {
        "precision": 0.5481438474052767,
        "recall": 0.5833200570201608,
        "f1-score": 0.5569638000445766,
        "support": 1807.0
    },
    "weighted avg": {
        "precision": 0.5448237703064045,
        "recall": 0.5733259546209186,
        "f1-score": 0.5502220097913149,
        "support": 1807.0
    }
}