{
    "train_metrics": [],
    "val_metrics": [],
    "hyperparameters": {
        "learning_rate": 9.378738141867735e-06,
        "batch_size": 32,
        "weight_decay": 0.0007115004924229724,
        "trainable_layers": 4,
        "dropout_rate": 0.6015187306048778,
        "dropout_rate_RN50": 0.4630659181130071,
        "optimizer": "RMSprop",
        "scheduler": "ReduceLROnPlateau",
        "label_smoothing": 0.11939375594965589,
        "hidden_units": 256,
        "num_fc_layers": 2,
        "factor": 0.31993737299046926,
        "patience": 2
    },
    "class_weights": {
        "T": [
            1.020164132118225,
            0.9987770915031433,
            0.9719483256340027,
            1.010427713394165
        ],
        "N": [
            1.005452036857605,
            0.9579423666000366,
            1.0827651023864746,
            0.9634310603141785
        ],
        "M": [
            0.9742671847343445,
            1.027129054069519
        ]
    },
    "classification_reports": {
        "T": {
            "0": {
                "precision": 0.3611859838274933,
                "recall": 0.3175355450236967,
                "f1-score": 0.3379571248423707,
                "support": 422.0
            },
            "1": {
                "precision": 0.1936026936026936,
                "recall": 0.2853598014888337,
                "f1-score": 0.23069207622868607,
                "support": 403.0
            },
            "2": {
                "precision": 0.8883495145631068,
                "recall": 0.34398496240601506,
                "f1-score": 0.4959349593495935,
                "support": 532.0
            },
            "3": {
                "precision": 0.3757861635220126,
                "recall": 0.5311111111111111,
                "f1-score": 0.44014732965009207,
                "support": 450.0
            },
            "accuracy": 0.37133370226895407,
            "macro avg": {
                "precision": 0.4547310888788266,
                "recall": 0.36949785500741417,
                "f1-score": 0.37618287251768556,
                "support": 1807.0
            },
            "weighted avg": {
                "precision": 0.48264974323717,
                "recall": 0.37133370226895407,
                "f1-score": 0.38599364146107695,
                "support": 1807.0
            }
        },
        "N": {
            "0": {
                "precision": 0.40893470790378006,
                "recall": 0.2723112128146453,
                "f1-score": 0.3269230769230769,
                "support": 437.0
            },
            "1": {
                "precision": 0.6842105263157895,
                "recall": 0.6448412698412699,
                "f1-score": 0.6639427987742594,
                "support": 504.0
            },
            "2": {
                "precision": 0.8072289156626506,
                "recall": 0.7827102803738317,
                "f1-score": 0.7947805456702254,
                "support": 428.0
            },
            "3": {
                "precision": 0.5798722044728435,
                "recall": 0.8287671232876712,
                "f1-score": 0.6823308270676691,
                "support": 438.0
            },
            "accuracy": 0.6319867183176535,
            "macro avg": {
                "precision": 0.6200615885887659,
                "recall": 0.6321574715793545,
                "f1-score": 0.6169943121088077,
                "support": 1807.0
            },
            "weighted avg": {
                "precision": 0.6214856525068233,
                "recall": 0.6319867183176535,
                "f1-score": 0.6178857393470432,
                "support": 1807.0
            }
        },
        "M": {
            "0": {
                "precision": 0.6805054151624549,
                "recall": 0.799575821845175,
                "f1-score": 0.735251097025841,
                "support": 943.0
            },
            "1": {
                "precision": 0.7296137339055794,
                "recall": 0.5902777777777778,
                "f1-score": 0.6525911708253359,
                "support": 864.0
            },
            "accuracy": 0.6995019369120089,
            "macro avg": {
                "precision": 0.7050595745340171,
                "recall": 0.6949267998114763,
                "f1-score": 0.6939211339255884,
                "support": 1807.0
            },
            "weighted avg": {
                "precision": 0.7039860944065388,
                "recall": 0.6995019369120089,
                "f1-score": 0.6957280332531589,
                "support": 1807.0
            }
        }
    },
    "final_metrics": {
        "val_f1_T": 0.37618287251768556,
        "val_f1_N": 0.6169943121088077,
        "val_f1_M": 0.6939211339255884,
        "val_f1_mean": 0.5623661061840273
    }
}