{
    "train_metrics": [],
    "val_metrics": [],
    "hyperparameters": {
        "learning_rate": 3.551554863393257e-06,
        "batch_size": 32,
        "weight_decay": 0.0020546182417162046,
        "trainable_layers": 4,
        "dropout_rate": 0.30284407179185346,
        "dropout_rate_RN50": 0.3177308911662098,
        "optimizer": "RMSprop",
        "scheduler": "ReduceLROnPlateau",
        "label_smoothing": 0.2442939982730896,
        "hidden_units": 256,
        "num_fc_layers": 2,
        "factor": 0.1812699712112874,
        "patience": 2
    },
    "class_weights": {
        "T": [
            1.020164132118225,
            0.9987770915031433,
            0.9719483256340027,
            1.010427713394165
        ],
        "N": [
            1.005452036857605,
            0.9579423666000366,
            1.0827651023864746,
            0.9634310603141785
        ],
        "M": [
            0.9742671847343445,
            1.027129054069519
        ]
    },
    "classification_reports": {
        "T": {
            "0": {
                "precision": 0.3953488372093023,
                "recall": 0.36255924170616116,
                "f1-score": 0.37824474660074164,
                "support": 422.0
            },
            "1": {
                "precision": 0.19223985890652556,
                "recall": 0.2704714640198511,
                "f1-score": 0.22474226804123712,
                "support": 403.0
            },
            "2": {
                "precision": 0.6990740740740741,
                "recall": 0.28383458646616544,
                "f1-score": 0.4037433155080214,
                "support": 532.0
            },
            "3": {
                "precision": 0.3893249607535322,
                "recall": 0.5511111111111111,
                "f1-score": 0.4563017479300828,
                "support": 450.0
            },
            "accuracy": 0.36579966795794133,
            "macro avg": {
                "precision": 0.4189969327358585,
                "recall": 0.3669941008258222,
                "f1-score": 0.36575801952002074,
                "support": 1807.0
            },
            "weighted avg": {
                "precision": 0.43797095306483247,
                "recall": 0.36579966795794133,
                "f1-score": 0.37095608605696523,
                "support": 1807.0
            }
        },
        "N": {
            "0": {
                "precision": 0.4036697247706422,
                "recall": 0.30205949656750575,
                "f1-score": 0.34554973821989526,
                "support": 437.0
            },
            "1": {
                "precision": 0.7494089834515366,
                "recall": 0.628968253968254,
                "f1-score": 0.6839266450916937,
                "support": 504.0
            },
            "2": {
                "precision": 0.8192771084337349,
                "recall": 0.794392523364486,
                "f1-score": 0.8066429418742586,
                "support": 428.0
            },
            "3": {
                "precision": 0.5420560747663551,
                "recall": 0.7945205479452054,
                "f1-score": 0.6444444444444445,
                "support": 438.0
            },
            "accuracy": 0.6292197011621472,
            "macro avg": {
                "precision": 0.6286029728555672,
                "recall": 0.6299852054613628,
                "f1-score": 0.620140942407573,
                "support": 1807.0
            },
            "weighted avg": {
                "precision": 0.6320846488885707,
                "recall": 0.6292197011621472,
                "f1-score": 0.6215905426215591,
                "support": 1807.0
            }
        },
        "M": {
            "0": {
                "precision": 0.6910268270120259,
                "recall": 0.792152704135737,
                "f1-score": 0.7381422924901185,
                "support": 943.0
            },
            "1": {
                "precision": 0.7300275482093664,
                "recall": 0.6134259259259259,
                "f1-score": 0.6666666666666666,
                "support": 864.0
            },
            "accuracy": 0.7066961815163254,
            "macro avg": {
                "precision": 0.7105271876106962,
                "recall": 0.7027893150308315,
                "f1-score": 0.7024044795783926,
                "support": 1807.0
            },
            "weighted avg": {
                "precision": 0.709674653860118,
                "recall": 0.7066961815163254,
                "f1-score": 0.7039668964129395,
                "support": 1807.0
            }
        }
    },
    "final_metrics": {
        "val_f1_T": 0.36575801952002074,
        "val_f1_N": 0.620140942407573,
        "val_f1_M": 0.7024044795783926,
        "val_f1_mean": 0.5627678138353288
    }
}