{
    "0": {
        "precision": 0.25,
        "recall": 0.13033175355450238,
        "f1-score": 0.17133956386292834,
        "support": 422.0
    },
    "1": {
        "precision": 0.13344316309719934,
        "recall": 0.20099255583126552,
        "f1-score": 0.1603960396039604,
        "support": 403.0
    },
    "2": {
        "precision": 0.5260115606936416,
        "recall": 0.17105263157894737,
        "f1-score": 0.2581560283687943,
        "support": 532.0
    },
    "3": {
        "precision": 0.4969021065675341,
        "recall": 0.8911111111111111,
        "f1-score": 0.6380270485282419,
        "support": 450.0
    },
    "accuracy": 0.34753735473159936,
    "macro avg": {
        "precision": 0.3515892075895938,
        "recall": 0.3483720130189566,
        "f1-score": 0.30697967009098126,
        "support": 1807.0
    },
    "weighted avg": {
        "precision": 0.36675245875626955,
        "recall": 0.34753735473159936,
        "f1-score": 0.31067851623711085,
        "support": 1807.0
    }
}