{
    "0": {
        "precision": 0.848780487804878,
        "recall": 0.18451749734888653,
        "f1-score": 0.30313588850174217,
        "support": 943.0
    },
    "1": {
        "precision": 0.5199750312109863,
        "recall": 0.9641203703703703,
        "f1-score": 0.67558799675588,
        "support": 864.0
    },
    "accuracy": 0.5572772551189817,
    "macro avg": {
        "precision": 0.6843777595079321,
        "recall": 0.5743189338596284,
        "f1-score": 0.48936194262881105,
        "support": 1807.0
    },
    "weighted avg": {
        "precision": 0.6915652611877654,
        "recall": 0.5572772551189817,
        "f1-score": 0.4812203497809758,
        "support": 1807.0
    }
}