{
    "0": {
        "precision": 0.669803250641574,
        "recall": 0.8303287380699894,
        "f1-score": 0.7414772727272727,
        "support": 943.0
    },
    "1": {
        "precision": 0.7492163009404389,
        "recall": 0.5532407407407407,
        "f1-score": 0.6364846870838882,
        "support": 864.0
    },
    "accuracy": 0.697841726618705,
    "macro avg": {
        "precision": 0.7095097757910065,
        "recall": 0.6917847394053651,
        "f1-score": 0.6889809799055804,
        "support": 1807.0
    },
    "weighted avg": {
        "precision": 0.707773851337877,
        "recall": 0.697841726618705,
        "f1-score": 0.6912760585624226,
        "support": 1807.0
    }
}