{
    "0": {
        "precision": 0.6575576430401366,
        "recall": 0.8165429480381761,
        "f1-score": 0.7284768211920529,
        "support": 943.0
    },
    "1": {
        "precision": 0.7279874213836478,
        "recall": 0.5358796296296297,
        "f1-score": 0.6173333333333333,
        "support": 864.0
    },
    "accuracy": 0.6823464305478694,
    "macro avg": {
        "precision": 0.6927725322118923,
        "recall": 0.6762112888339029,
        "f1-score": 0.6729050772626931,
        "support": 1807.0
    },
    "weighted avg": {
        "precision": 0.6912329770129058,
        "recall": 0.6823464305478694,
        "f1-score": 0.6753346111699534,
        "support": 1807.0
    }
}