{
    "0": {
        "precision": 0.3953488372093023,
        "recall": 0.36255924170616116,
        "f1-score": 0.37824474660074164,
        "support": 422.0
    },
    "1": {
        "precision": 0.19223985890652556,
        "recall": 0.2704714640198511,
        "f1-score": 0.22474226804123712,
        "support": 403.0
    },
    "2": {
        "precision": 0.6990740740740741,
        "recall": 0.28383458646616544,
        "f1-score": 0.4037433155080214,
        "support": 532.0
    },
    "3": {
        "precision": 0.3893249607535322,
        "recall": 0.5511111111111111,
        "f1-score": 0.4563017479300828,
        "support": 450.0
    },
    "accuracy": 0.36579966795794133,
    "macro avg": {
        "precision": 0.4189969327358585,
        "recall": 0.3669941008258222,
        "f1-score": 0.36575801952002074,
        "support": 1807.0
    },
    "weighted avg": {
        "precision": 0.43797095306483247,
        "recall": 0.36579966795794133,
        "f1-score": 0.37095608605696523,
        "support": 1807.0
    }
}