{
    "train_metrics": [],
    "val_metrics": [],
    "hyperparameters": {
        "learning_rate": 1.4843697010415798e-06,
        "batch_size": 32,
        "weight_decay": 0.015446089075047083,
        "trainable_layers": 3,
        "dropout_rate": 0.832327645545796,
        "dropout_rate_RN50": 0.28888597006477973,
        "optimizer": "RMSprop",
        "scheduler": "CosineAnnealingLR",
        "label_smoothing": 0.18550820367170992,
        "hidden_units": 128,
        "num_fc_layers": 2,
        "T_max": 8,
        "eta_min": 5.1348498425305576e-05
    },
    "class_weights": {
        "T": [
            1.020164132118225,
            0.9987770915031433,
            0.9719483256340027,
            1.010427713394165
        ],
        "N": [
            1.005452036857605,
            0.9579423666000366,
            1.0827651023864746,
            0.9634310603141785
        ],
        "M": [
            0.9742671847343445,
            1.027129054069519
        ]
    },
    "classification_reports": {
        "T": {
            "0": {
                "precision": 0.1937984496124031,
                "recall": 0.11848341232227488,
                "f1-score": 0.14705882352941177,
                "support": 422.0
            },
            "1": {
                "precision": 0.11879432624113476,
                "recall": 0.1662531017369727,
                "f1-score": 0.13857290589451912,
                "support": 403.0
            },
            "2": {
                "precision": 0.592,
                "recall": 0.2781954887218045,
                "f1-score": 0.37851662404092073,
                "support": 532.0
            },
            "3": {
                "precision": 0.40816326530612246,
                "recall": 0.6666666666666666,
                "f1-score": 0.5063291139240507,
                "support": 450.0
            },
            "accuracy": 0.3126729385722192,
            "macro avg": {
                "precision": 0.3281890102899151,
                "recall": 0.3073996673619297,
                "f1-score": 0.29261936684722556,
                "support": 1807.0
            },
            "weighted avg": {
                "precision": 0.3476892798004242,
                "recall": 0.3126729385722192,
                "f1-score": 0.3027795516660186,
                "support": 1807.0
            }
        },
        "N": {
            "0": {
                "precision": 0.35714285714285715,
                "recall": 0.28604118993135014,
                "f1-score": 0.3176620076238882,
                "support": 437.0
            },
            "1": {
                "precision": 0.4821917808219178,
                "recall": 0.3492063492063492,
                "f1-score": 0.4050632911392405,
                "support": 504.0
            },
            "2": {
                "precision": 0.7318982387475538,
                "recall": 0.8738317757009346,
                "f1-score": 0.7965921192758253,
                "support": 428.0
            },
            "3": {
                "precision": 0.621342512908778,
                "recall": 0.8242009132420092,
                "f1-score": 0.7085377821393523,
                "support": 438.0
            },
            "accuracy": 0.5733259546209186,
            "macro avg": {
                "precision": 0.5481438474052767,
                "recall": 0.5833200570201608,
                "f1-score": 0.5569638000445766,
                "support": 1807.0
            },
            "weighted avg": {
                "precision": 0.5448237703064045,
                "recall": 0.5733259546209186,
                "f1-score": 0.5502220097913149,
                "support": 1807.0
            }
        },
        "M": {
            "0": {
                "precision": 0.6574154379878577,
                "recall": 0.8038176033934252,
                "f1-score": 0.7232824427480916,
                "support": 943.0
            },
            "1": {
                "precision": 0.7171253822629969,
                "recall": 0.5428240740740741,
                "f1-score": 0.6179183135704874,
                "support": 864.0
            },
            "accuracy": 0.6790260099612617,
            "macro avg": {
                "precision": 0.6872704101254273,
                "recall": 0.6733208387337497,
                "f1-score": 0.6706003781592895,
                "support": 1807.0
            },
            "weighted avg": {
                "precision": 0.6859651844481345,
                "recall": 0.6790260099612617,
                "f1-score": 0.6729035785480639,
                "support": 1807.0
            }
        }
    },
    "final_metrics": {
        "val_f1_T": 0.29261936684722556,
        "val_f1_N": 0.5569638000445766,
        "val_f1_M": 0.6706003781592895,
        "val_f1_mean": 0.5067278483503639
    }
}