{
    "0": {
        "precision": 0.3107822410147992,
        "recall": 0.33638443935926776,
        "f1-score": 0.3230769230769231,
        "support": 437.0
    },
    "1": {
        "precision": 0.638235294117647,
        "recall": 0.4305555555555556,
        "f1-score": 0.514218009478673,
        "support": 504.0
    },
    "2": {
        "precision": 0.7922912205567452,
        "recall": 0.8644859813084113,
        "f1-score": 0.8268156424581006,
        "support": 428.0
    },
    "3": {
        "precision": 0.5977229601518027,
        "recall": 0.7191780821917808,
        "f1-score": 0.6528497409326425,
        "support": 438.0
    },
    "accuracy": 0.5805201992252352,
    "macro avg": {
        "precision": 0.5847579289602485,
        "recall": 0.5876510146037539,
        "f1-score": 0.5792400789865848,
        "support": 1807.0
    },
    "weighted avg": {
        "precision": 0.5857142924756712,
        "recall": 0.5805201992252352,
        "f1-score": 0.5756368420932103,
        "support": 1807.0
    }
}