{
    "train_metrics": [],
    "val_metrics": [],
    "hyperparameters": {
        "learning_rate": 2.537023726256943e-05,
        "batch_size": 32,
        "weight_decay": 0.00022638291047507285,
        "trainable_layers": 3,
        "dropout_rate": 0.5913218919828269,
        "dropout_rate_RN50": 0.39646127647197915,
        "optimizer": "RMSprop",
        "scheduler": "OneCycleLR",
        "label_smoothing": 0.10092730145093119,
        "hidden_units": 256,
        "num_fc_layers": 3
    },
    "class_weights": {
        "T": [
            1.020164132118225,
            0.9987770915031433,
            0.9719483256340027,
            1.010427713394165
        ],
        "N": [
            1.005452036857605,
            0.9579423666000366,
            1.0827651023864746,
            0.9634310603141785
        ],
        "M": [
            0.9742671847343445,
            1.027129054069519
        ]
    },
    "classification_reports": {
        "T": {
            "0": {
                "precision": 0.3333333333333333,
                "recall": 0.2914691943127962,
                "f1-score": 0.3109987357774968,
                "support": 422.0
            },
            "1": {
                "precision": 0.08787346221441125,
                "recall": 0.12406947890818859,
                "f1-score": 0.102880658436214,
                "support": 403.0
            },
            "2": {
                "precision": 0.7094017094017094,
                "recall": 0.31203007518796994,
                "f1-score": 0.43342036553524804,
                "support": 532.0
            },
            "3": {
                "precision": 0.4110236220472441,
                "recall": 0.58,
                "f1-score": 0.48110599078341015,
                "support": 450.0
            },
            "accuracy": 0.3320420586607637,
            "macro avg": {
                "precision": 0.3854080317491745,
                "recall": 0.32689218710223866,
                "f1-score": 0.33210143763309224,
                "support": 1807.0
            },
            "weighted avg": {
                "precision": 0.4086563427017397,
                "recall": 0.3320420586607637,
                "f1-score": 0.34298821370513805,
                "support": 1807.0
            }
        },
        "N": {
            "0": {
                "precision": 0.3107822410147992,
                "recall": 0.33638443935926776,
                "f1-score": 0.3230769230769231,
                "support": 437.0
            },
            "1": {
                "precision": 0.638235294117647,
                "recall": 0.4305555555555556,
                "f1-score": 0.514218009478673,
                "support": 504.0
            },
            "2": {
                "precision": 0.7922912205567452,
                "recall": 0.8644859813084113,
                "f1-score": 0.8268156424581006,
                "support": 428.0
            },
            "3": {
                "precision": 0.5977229601518027,
                "recall": 0.7191780821917808,
                "f1-score": 0.6528497409326425,
                "support": 438.0
            },
            "accuracy": 0.5805201992252352,
            "macro avg": {
                "precision": 0.5847579289602485,
                "recall": 0.5876510146037539,
                "f1-score": 0.5792400789865848,
                "support": 1807.0
            },
            "weighted avg": {
                "precision": 0.5857142924756712,
                "recall": 0.5805201992252352,
                "f1-score": 0.5756368420932103,
                "support": 1807.0
            }
        },
        "M": {
            "0": {
                "precision": 0.6377269139700079,
                "recall": 0.8568398727465536,
                "f1-score": 0.7312217194570135,
                "support": 943.0
            },
            "1": {
                "precision": 0.75,
                "recall": 0.46875,
                "f1-score": 0.5769230769230769,
                "support": 864.0
            },
            "accuracy": 0.6712783619258439,
            "macro avg": {
                "precision": 0.693863456985004,
                "recall": 0.6627949363732768,
                "f1-score": 0.6540723981900451,
                "support": 1807.0
            },
            "weighted avg": {
                "precision": 0.6914092306993456,
                "recall": 0.6712783619258439,
                "f1-score": 0.6574452794186508,
                "support": 1807.0
            }
        }
    },
    "final_metrics": {
        "val_f1_T": 0.33210143763309224,
        "val_f1_N": 0.5792400789865848,
        "val_f1_M": 0.6540723981900451,
        "val_f1_mean": 0.5218046382699074
    }
}