{
    "0": {
        "precision": 0.6348936170212766,
        "recall": 0.7910922587486744,
        "f1-score": 0.704438149197356,
        "support": 943.0
    },
    "1": {
        "precision": 0.6882911392405063,
        "recall": 0.5034722222222222,
        "f1-score": 0.5815508021390374,
        "support": 864.0
    },
    "accuracy": 0.6535694521306032,
    "macro avg": {
        "precision": 0.6615923781308914,
        "recall": 0.6472822404854484,
        "f1-score": 0.6429944756681967,
        "support": 1807.0
    },
    "weighted avg": {
        "precision": 0.6604251384365585,
        "recall": 0.6535694521306032,
        "f1-score": 0.6456807237084865,
        "support": 1807.0
    }
}