{
    "train_metrics": [],
    "val_metrics": [],
    "hyperparameters": {
        "learning_rate": 6.71523190663099e-06,
        "batch_size": 32,
        "weight_decay": 0.0009012779589354676,
        "trainable_layers": 4,
        "dropout_rate": 0.6021009339236614,
        "dropout_rate_RN50": 0.47586799859126433,
        "optimizer": "RMSprop",
        "scheduler": "ReduceLROnPlateau",
        "label_smoothing": 0.1025675504376501,
        "hidden_units": 256,
        "num_fc_layers": 2,
        "factor": 0.3158480427211191,
        "patience": 2
    },
    "class_weights": {
        "T": [
            1.020164132118225,
            0.9987770915031433,
            0.9719483256340027,
            1.010427713394165
        ],
        "N": [
            1.005452036857605,
            0.9579423666000366,
            1.0827651023864746,
            0.9634310603141785
        ],
        "M": [
            0.9742671847343445,
            1.027129054069519
        ]
    },
    "classification_reports": {
        "T": {
            "0": {
                "precision": 0.16,
                "recall": 0.02843601895734597,
                "f1-score": 0.0482897384305835,
                "support": 422.0
            },
            "1": {
                "precision": 0.21052631578947367,
                "recall": 0.3870967741935484,
                "f1-score": 0.2727272727272727,
                "support": 403.0
            },
            "2": {
                "precision": 0.696113074204947,
                "recall": 0.37030075187969924,
                "f1-score": 0.4834355828220859,
                "support": 532.0
            },
            "3": {
                "precision": 0.3545197740112994,
                "recall": 0.5577777777777778,
                "f1-score": 0.43350604490500866,
                "support": 450.0
            },
            "accuracy": 0.3408965135583841,
            "macro avg": {
                "precision": 0.35528979100143,
                "recall": 0.3359028307020928,
                "f1-score": 0.30948965972123765,
                "support": 1807.0
            },
            "weighted avg": {
                "precision": 0.3775474040095597,
                "recall": 0.3408965135583841,
                "f1-score": 0.3223867242918654,
                "support": 1807.0
            }
        },
        "N": {
            "0": {
                "precision": 0.12389380530973451,
                "recall": 0.06407322654462243,
                "f1-score": 0.08446455505279035,
                "support": 437.0
            },
            "1": {
                "precision": 0.6155606407322655,
                "recall": 0.5337301587301587,
                "f1-score": 0.5717321997874601,
                "support": 504.0
            },
            "2": {
                "precision": 0.6795952782462057,
                "recall": 0.9415887850467289,
                "f1-score": 0.7894221351616063,
                "support": 428.0
            },
            "3": {
                "precision": 0.6225045372050817,
                "recall": 0.7831050228310502,
                "f1-score": 0.6936299292214358,
                "support": 438.0
            },
            "accuracy": 0.5771997786386276,
            "macro avg": {
                "precision": 0.5103885653733218,
                "recall": 0.5806242982881401,
                "f1-score": 0.5348122048058231,
                "support": 1807.0
            },
            "weighted avg": {
                "precision": 0.5135074279106905,
                "recall": 0.5771997786386276,
                "f1-score": 0.5350008976752106,
                "support": 1807.0
            }
        },
        "M": {
            "0": {
                "precision": 0.6867145421903053,
                "recall": 0.8112407211028632,
                "f1-score": 0.743801652892562,
                "support": 943.0
            },
            "1": {
                "precision": 0.7431457431457431,
                "recall": 0.5960648148148148,
                "f1-score": 0.6615285806037251,
                "support": 864.0
            },
            "accuracy": 0.7083563918096292,
            "macro avg": {
                "precision": 0.7149301426680241,
                "recall": 0.7036527679588389,
                "f1-score": 0.7026651167481435,
                "support": 1807.0
            },
            "weighted avg": {
                "precision": 0.713696588468943,
                "recall": 0.7083563918096292,
                "f1-score": 0.704463559667573,
                "support": 1807.0
            }
        }
    },
    "final_metrics": {
        "val_f1_T": 0.30948965972123765,
        "val_f1_N": 0.5348122048058231,
        "val_f1_M": 0.7026651167481435,
        "val_f1_mean": 0.515655660425068
    }
}