{
    "train_metrics": [],
    "val_metrics": [],
    "hyperparameters": {
        "learning_rate": 2.379522116387725e-06,
        "batch_size": 32,
        "weight_decay": 0.0023345864076016252,
        "trainable_layers": 4,
        "dropout_rate": 0.41980426929501585,
        "dropout_rate_RN50": 0.3056937753654446,
        "optimizer": "RMSprop",
        "scheduler": "OneCycleLR",
        "label_smoothing": 0.26167946962329225,
        "hidden_units": 256,
        "num_fc_layers": 2
    },
    "class_weights": {
        "T": [
            1.020164132118225,
            0.9987770915031433,
            0.9719483256340027,
            1.010427713394165
        ],
        "N": [
            1.005452036857605,
            0.9579423666000366,
            1.0827651023864746,
            0.9634310603141785
        ],
        "M": [
            0.9742671847343445,
            1.027129054069519
        ]
    },
    "classification_reports": {
        "T": {
            "0": {
                "precision": 0.40298507462686567,
                "recall": 0.31990521327014215,
                "f1-score": 0.35667107001321,
                "support": 422.0
            },
            "1": {
                "precision": 0.18700475435816163,
                "recall": 0.29280397022332505,
                "f1-score": 0.22823984526112184,
                "support": 403.0
            },
            "2": {
                "precision": 0.7121212121212122,
                "recall": 0.2650375939849624,
                "f1-score": 0.3863013698630137,
                "support": 532.0
            },
            "3": {
                "precision": 0.40435458786936235,
                "recall": 0.5777777777777777,
                "f1-score": 0.4757548032936871,
                "support": 450.0
            },
            "accuracy": 0.3619258439402324,
            "macro avg": {
                "precision": 0.42661640724390043,
                "recall": 0.3638811388140518,
                "f1-score": 0.3617417721077582,
                "support": 1807.0
            },
            "weighted avg": {
                "precision": 0.44617081731520447,
                "recall": 0.3619258439402324,
                "f1-score": 0.366407216068118,
                "support": 1807.0
            }
        },
        "N": {
            "0": {
                "precision": 0.35978835978835977,
                "recall": 0.3112128146453089,
                "f1-score": 0.3337423312883436,
                "support": 437.0
            },
            "1": {
                "precision": 0.7175,
                "recall": 0.5694444444444444,
                "f1-score": 0.6349557522123894,
                "support": 504.0
            },
            "2": {
                "precision": 0.8037825059101655,
                "recall": 0.794392523364486,
                "f1-score": 0.799059929494712,
                "support": 428.0
            },
            "3": {
                "precision": 0.5478547854785478,
                "recall": 0.7579908675799086,
                "f1-score": 0.6360153256704981,
                "support": 438.0
            },
            "accuracy": 0.6059767570558937,
            "macro avg": {
                "precision": 0.6072314127942683,
                "recall": 0.608260162508537,
                "f1-score": 0.6009433346664859,
                "support": 1807.0
            },
            "weighted avg": {
                "precision": 0.610308147092788,
                "recall": 0.6059767570558937,
                "f1-score": 0.6012371114308054,
                "support": 1807.0
            }
        },
        "M": {
            "0": {
                "precision": 0.6575576430401366,
                "recall": 0.8165429480381761,
                "f1-score": 0.7284768211920529,
                "support": 943.0
            },
            "1": {
                "precision": 0.7279874213836478,
                "recall": 0.5358796296296297,
                "f1-score": 0.6173333333333333,
                "support": 864.0
            },
            "accuracy": 0.6823464305478694,
            "macro avg": {
                "precision": 0.6927725322118923,
                "recall": 0.6762112888339029,
                "f1-score": 0.6729050772626931,
                "support": 1807.0
            },
            "weighted avg": {
                "precision": 0.6912329770129058,
                "recall": 0.6823464305478694,
                "f1-score": 0.6753346111699534,
                "support": 1807.0
            }
        }
    },
    "final_metrics": {
        "val_f1_T": 0.3617417721077582,
        "val_f1_N": 0.6009433346664859,
        "val_f1_M": 0.6729050772626931,
        "val_f1_mean": 0.5451967280123124
    }
}