{
    "0": {
        "precision": 0.6377269139700079,
        "recall": 0.8568398727465536,
        "f1-score": 0.7312217194570135,
        "support": 943.0
    },
    "1": {
        "precision": 0.75,
        "recall": 0.46875,
        "f1-score": 0.5769230769230769,
        "support": 864.0
    },
    "accuracy": 0.6712783619258439,
    "macro avg": {
        "precision": 0.693863456985004,
        "recall": 0.6627949363732768,
        "f1-score": 0.6540723981900451,
        "support": 1807.0
    },
    "weighted avg": {
        "precision": 0.6914092306993456,
        "recall": 0.6712783619258439,
        "f1-score": 0.6574452794186508,
        "support": 1807.0
    }
}