Stage Accuracy,Stage F1 Score (Macro),Stage F1 Score (Weighted),Stage Precision (Macro),Stage Recall (Macro),Stage Cohen's Kappa,BERTScore F1 (mean),BLEU Score (mean),ROUGE-L Score (mean),RAGAS_Faithfulness,RAGAS_AnswerRelevancy,RAGAS_ContextPrecision,RAGAS_ContextRecall
0.45740740740740743,0.23165219697603412,0.41956194709483036,0.34826453621125014,0.2537309368191721,0.37400593471810084,0.8366931,0.03465445000732686,0.19250672695522714,0.4677168523928646,0.8571738598919285,0.9933787635323961,0.9067682597688057
