embedding_model,retrieval_method,llm_model,stage_match_mean,stage_match_std,bertscore_f1_mean,bertscore_f1_std,bleu_mean,bleu_std,rougeL_mean,rougeL_std,RAGAS_Faithfulness,RAGAS_AnswerRelevancy,RAGAS_ContextPrecision,RAGAS_ContextRecall
gemini,bm25,gpt-4o,0.4666666666666667,0.499581997976258,0.83710825,0.01447917242453522,0.035089813689090435,0.01788600882881471,0.1957272267262484,0.04094516823108066,0.48397097175706044,0.8600899129828135,0.991691344390777,0.9196085317112658
gemini,combined,gpt-4o,0.48055555555555557,0.5003171386678812,0.8360037,0.015096129178466318,0.03379940969540623,0.01891612691174298,0.19042829419469792,0.04556530660767468,0.4667028779477904,0.854804627782839,0.9935574935341066,0.884077989892435
gemini,cosine,gpt-4o,0.4888888888888889,0.5005722506783411,0.83749247,0.014681508109880875,0.034658956944486015,0.018030094377711896,0.1932365883658233,0.04313187532285702,0.1764544119385046,0.8573789067029531,0.7565392542451501,0.36028953152912774
minilm,bm25,gpt-4o,0.4638888888888889,0.4993883600345905,0.8360018,0.015985716307469807,0.034764162208236825,0.019085416045412012,0.19043130952135204,0.04640098254862748,0.29351988557726355,0.8617574465594317,0.9972808274443417,0.5031998586212258
minilm,combined,gpt-4o,0.4361111111111111,0.49659160163831145,0.83691704,0.014911415522494824,0.03575511583104742,0.01807934927367713,0.19311729633769456,0.04398352618077691,0.27635427163615645,0.8575926503230398,0.9973926795411573,0.5251099358802305
minilm,cosine,gpt-4o,0.4166666666666667,0.493692809882064,0.83702564,0.015718889570378484,0.035196359559454174,0.019259358059676723,0.19095914971147715,0.04475719139906397,0.21488633915131403,0.8634683969731296,0.7532172417733188,0.46910993850744526
openai,bm25,gpt-4o,0.4527777777777778,0.49845785080712646,0.8354761,0.015202933032602766,0.03362809150993967,0.017830192034373357,0.19206797083409824,0.043431622273741886,0.4704601596764681,0.859947888813147,0.9922289418312265,0.9225223503400986
openai,combined,gpt-4o,0.4777777777777778,0.5002011356509185,0.8368761,0.014404272507175879,0.03413840062671911,0.017590916847439318,0.1941471226512213,0.04083876715412603,0.4677168523928646,0.8571738598919285,0.9933787635323961,0.9067682597688057
openai,cosine,gpt-4o,0.43333333333333335,0.4962253060027761,0.8373367,0.01486811158855973,0.03485974000156183,0.018776918557937606,0.19244558425443156,0.04378810701148219,0.24830090390377904,0.8628512430644147,0.9632669685434321,0.978539268344824
