embedding_model,retrieval_method,llm_model,RAGAS_Faithfulness,RAGAS_AnswerRelevancy,RAGAS_ContextPrecision,RAGAS_ContextRecall
gemini,bm25,gemini,0.5422076076902752,0.8445190188021179,0.6235147409867094,0.954011995649707
gemini,combined,gemini,0.5240306142104671,0.8431010507194306,0.6258625701641366,0.940827014393541
gemini,cosine,gemini,0.291328977952888,0.8201768887546226,0.47844322350659085,0.6790384477923611
minilm,bm25,gemini,0.3428332268253373,0.8474284602812073,0.6659640809466031,0.8985114372191638
minilm,combined,gemini,0.34031358634520414,0.855722174506679,0.6980869006037738,0.8952379423784615
minilm,cosine,gemini,0.3053627571960757,0.8177620358692822,0.3850830411250366,0.6396510584644433
openai,bm25,gemini,0.49837794739712377,0.8351351209175183,0.6368988282650448,0.9622092838210901
openai,combined,gemini,0.5165516789924117,0.8409024313320038,0.6412205096302106,0.9508185018259031
openai,cosine,gemini,0.43218492223560306,0.830066889695301,0.7309103243313009,0.8669243409998002
