embedding_model_,retrieval_method_,llm_model_,stage_match_mean,stage_match_std,bertscore_f1_mean,bertscore_f1_std,bleu_mean,bleu_std,rougeL_mean,rougeL_std
gemini,bm25,gemini,0.5388888888888889,0.4991791466888542,0.81325656,0.012366960245784773,0.021578038388827055,0.014856211424826887,0.16891122819927598,0.0357430419572792
gemini,combined,gemini,0.55,0.4981861248989006,0.8123779,0.013641231053445361,0.022624807572939002,0.01615914596807273,0.16789674827314818,0.03416112551715079
gemini,cosine,gemini,0.6194444444444445,0.48619920057847144,0.8126966,0.013786794750911487,0.02053414778633902,0.016731253374301112,0.15935752899115055,0.03900228836992985
minilm,bm25,gemini,0.5583333333333333,0.4972767062337368,0.8139893,0.013046185688187818,0.022827525659451463,0.015408806815898358,0.16919996042926944,0.03353436540198211
minilm,combined,gemini,0.5722222222222222,0.4954450525153121,0.81493443,0.013234788048935424,0.024245134217451808,0.01627584872096841,0.1724753899804274,0.03396097012631253
minilm,cosine,gemini,0.5527777777777778,0.4978987105498396,0.81304574,0.01522173234518395,0.02011827591819588,0.018086685806591254,0.15748067377895236,0.04334241383546046
openai,bm25,gemini,0.5472222222222223,0.4984578508071266,0.8137044,0.01271690741156886,0.021610677886884585,0.015944097304650483,0.17080500306783084,0.03609945649981532
openai,combined,gemini,0.5305555555555556,0.4997600786184796,0.81291586,0.012556976001356183,0.02234889925090206,0.014753012911859605,0.16958394075302483,0.033791517531960996
openai,cosine,gemini,0.5527777777777778,0.49789871054983936,0.81712717,0.012275626301029694,0.020512217174012873,0.015670117691866284,0.16779618637915467,0.03140640786002928
