embedding_model,retrieval_method,llm_model,RAGAS_Faithfulness,RAGAS_AnswerRelevancy,RAGAS_ContextPrecision,RAGAS_ContextRecall
gemini,bm25,gemini,0.5435666489473288,0.8026368740208667,0.9938534685965082,0.8922971985758118
gemini,combined,gemini,0.552441695188653,0.8065234389558206,0.9941457623513342,0.9107902583719921
gemini,cosine,gemini,0.316864451229356,0.7735427981936135,0.752331316298667,0.34469959808952705
minilm,bm25,gemini,0.44059443473473986,0.7800162180462371,0.9975015309520827,0.4792584929779109
minilm,combined,gemini,0.4555260307232297,0.7965821609257814,0.9975713887563121,0.48901439707276084
minilm,cosine,gemini,0.3487342747917936,0.7807879924769066,0.7545501341895479,0.4694900228048166
openai,bm25,gemini,0.5661834638985536,0.793168080837588,0.9941117388771878,0.8850630779888405
openai,combined,gemini,0.5436854281151514,0.8001915471769268,0.9939991605007098,0.8991232507013667
openai,cosine,gemini,0.5037953426330661,0.7739239718663191,0.9624466612674388,0.9576430932628704
