embedding_model_,retrieval_method_,llm_model_,stage_match_mean,stage_match_std,bertscore_f1_mean,bertscore_f1_std,bleu_mean,bleu_std,rougeL_mean,rougeL_std
gemini,bm25,gemini,0.5277777777777778,0.49992261858655196,0.8264319,0.013251449556222795,0.03425389706255705,0.01570484303828145,0.20007283197944686,0.033341045432595307
gemini,combined,gemini,0.5555555555555556,0.4975955805747173,0.8271105,0.013938528173195155,0.03583918782990352,0.016346687608890572,0.2011383578228671,0.03149877220023288
gemini,cosine,gemini,0.6055555555555555,0.4894112456600486,0.8240762,0.014884135099092215,0.033256560488125024,0.018393511328735145,0.1886862650621714,0.03483526398604703
minilm,bm25,gemini,0.5583333333333333,0.4972767062337368,0.8294353,0.012354169999835109,0.03612077851693589,0.015735511332888218,0.2043029512075985,0.033541494384644384
minilm,combined,gemini,0.5722222222222222,0.4954450525153121,0.8297182,0.011243964464482009,0.037799377784376996,0.01642117681777128,0.20627618160321531,0.033007016515020665
minilm,cosine,gemini,0.5166666666666667,0.5004176528641353,0.8235904,0.014853533223992323,0.03364296891677173,0.01838710314768667,0.18929643150669087,0.0361109229567343
openai,bm25,gemini,0.55,0.49818612489890035,0.8271033,0.012229917297052167,0.03421670322295061,0.01587908846935022,0.2011924535216812,0.03204507750729955
openai,combined,gemini,0.5388888888888889,0.49917914668885416,0.82700664,0.011745429569177807,0.0353036371093223,0.01523565518682453,0.20216165396420596,0.03111625946506692
openai,cosine,gemini,0.5472222222222223,0.4984578508071266,0.8320626,0.0115322356447593,0.037224994687407226,0.01653300338877455,0.2052844081011866,0.030826568066304853
