{
    "0": {
        "precision": 0.2978723404255319,
        "recall": 0.28832951945080093,
        "f1-score": 0.2930232558139535,
        "support": 437.0
    },
    "1": {
        "precision": 0.5880681818181818,
        "recall": 0.4107142857142857,
        "f1-score": 0.48364485981308414,
        "support": 504.0
    },
    "2": {
        "precision": 0.7814569536423841,
        "recall": 0.8271028037383178,
        "f1-score": 0.8036322360953462,
        "support": 428.0
    },
    "3": {
        "precision": 0.5699481865284974,
        "recall": 0.7534246575342466,
        "f1-score": 0.6489675516224189,
        "support": 438.0
    },
    "accuracy": 0.5628112894299945,
    "macro avg": {
        "precision": 0.5593364156036489,
        "recall": 0.5698928166094127,
        "f1-score": 0.5573169758362007,
        "support": 1807.0
    },
    "weighted avg": {
        "precision": 0.5593013050695869,
        "recall": 0.5628112894299945,
        "f1-score": 0.5534092732683562,
        "support": 1807.0
    }
}