{
    "train_metrics": [],
    "val_metrics": [],
    "hyperparameters": {
        "learning_rate": 0.0006316450753125158,
        "batch_size": 16,
        "weight_decay": 0.007356970013361314,
        "trainable_layers": 2,
        "dropout_rate": 0.27863769779243697,
        "optimizer": "Adam",
        "scheduler": "ReduceLROnPlateau",
        "label_smoothing": 0.0969635434934426,
        "factor": 0.435088886344705,
        "patience": 3
    },
    "class_weights": {
        "T": [
            1.020164132118225,
            0.9987770915031433,
            0.9719483256340027,
            1.010427713394165
        ],
        "N": [
            1.005452036857605,
            0.9579423666000366,
            1.0827651023864746,
            0.9634310603141785
        ],
        "M": [
            0.9742671847343445,
            1.027129054069519
        ]
    },
    "classification_reports": {
        "T": {
            "0": {
                "precision": 0.38235294117647056,
                "recall": 0.3080568720379147,
                "f1-score": 0.34120734908136485,
                "support": 422.0
            },
            "1": {
                "precision": 0.138801261829653,
                "recall": 0.10918114143920596,
                "f1-score": 0.12222222222222222,
                "support": 403.0
            },
            "2": {
                "precision": 0.7346278317152104,
                "recall": 0.4266917293233083,
                "f1-score": 0.539833531510107,
                "support": 532.0
            },
            "3": {
                "precision": 0.34720570749108204,
                "recall": 0.6488888888888888,
                "f1-score": 0.45236250968241676,
                "support": 450.0
            },
            "accuracy": 0.3835085777531821,
            "macro avg": {
                "precision": 0.40074693555310403,
                "recall": 0.37320465792232943,
                "f1-score": 0.36390640312402767,
                "support": 1807.0
            },
            "weighted avg": {
                "precision": 0.4229963611163805,
                "recall": 0.3835085777531821,
                "f1-score": 0.3785277393405401,
                "support": 1807.0
            }
        },
        "N": {
            "0": {
                "precision": 0.3940520446096654,
                "recall": 0.2425629290617849,
                "f1-score": 0.3002832861189802,
                "support": 437.0
            },
            "1": {
                "precision": 0.6457925636007827,
                "recall": 0.6547619047619048,
                "f1-score": 0.6502463054187192,
                "support": 504.0
            },
            "2": {
                "precision": 0.7442348008385744,
                "recall": 0.8294392523364486,
                "f1-score": 0.7845303867403315,
                "support": 428.0
            },
            "3": {
                "precision": 0.6036363636363636,
                "recall": 0.7579908675799086,
                "f1-score": 0.6720647773279352,
                "support": 438.0
            },
            "accuracy": 0.6214720531267294,
            "macro avg": {
                "precision": 0.5969289431713466,
                "recall": 0.6211887384350118,
                "f1-score": 0.6017811889014916,
                "support": 1807.0
            },
            "weighted avg": {
                "precision": 0.5980107457558691,
                "recall": 0.6214720531267294,
                "f1-score": 0.6027068688209886,
                "support": 1807.0
            }
        },
        "M": {
            "0": {
                "precision": 0.7071651090342679,
                "recall": 0.7221633085896076,
                "f1-score": 0.7145855194123819,
                "support": 943.0
            },
            "1": {
                "precision": 0.6895734597156398,
                "recall": 0.6736111111111112,
                "f1-score": 0.6814988290398126,
                "support": 864.0
            },
            "accuracy": 0.6989485334809076,
            "macro avg": {
                "precision": 0.6983692843749538,
                "recall": 0.6978872098503595,
                "f1-score": 0.6980421742260973,
                "support": 1807.0
            },
            "weighted avg": {
                "precision": 0.6987538278990743,
                "recall": 0.6989485334809076,
                "f1-score": 0.6987654306011478,
                "support": 1807.0
            }
        }
    },
    "final_metrics": {
        "val_f1_T": 0.36390640312402767,
        "val_f1_N": 0.6017811889014916,
        "val_f1_M": 0.6980421742260973,
        "val_f1_mean": 0.5545765887505388
    }
}