{
    "0": {
        "precision": 0.35714285714285715,
        "recall": 0.34360189573459715,
        "f1-score": 0.3502415458937198,
        "support": 422.0
    },
    "1": {
        "precision": 0.1412037037037037,
        "recall": 0.1513647642679901,
        "f1-score": 0.14610778443113773,
        "support": 403.0
    },
    "2": {
        "precision": 0.653250773993808,
        "recall": 0.3966165413533835,
        "f1-score": 0.4935672514619883,
        "support": 532.0
    },
    "3": {
        "precision": 0.39473684210526316,
        "recall": 0.5666666666666667,
        "f1-score": 0.4653284671532847,
        "support": 450.0
    },
    "accuracy": 0.37188710570005534,
    "macro avg": {
        "precision": 0.38658354423640806,
        "recall": 0.36456246700565936,
        "f1-score": 0.36381126223503263,
        "support": 1807.0
    },
    "weighted avg": {
        "precision": 0.4055231704587452,
        "recall": 0.37188710570005534,
        "f1-score": 0.3755721956223874,
        "support": 1807.0
    }
}