{
    "0": {
        "precision": 0.23636363636363636,
        "recall": 0.0924170616113744,
        "f1-score": 0.13287904599659284,
        "support": 422.0
    },
    "1": {
        "precision": 0.21052631578947367,
        "recall": 0.1687344913151365,
        "f1-score": 0.18732782369146006,
        "support": 403.0
    },
    "2": {
        "precision": 0.6558891454965358,
        "recall": 0.5338345864661654,
        "f1-score": 0.5886010362694301,
        "support": 532.0
    },
    "3": {
        "precision": 0.4401805869074492,
        "recall": 0.8666666666666667,
        "f1-score": 0.5838323353293413,
        "support": 450.0
    },
    "accuracy": 0.43220807969009406,
    "macro avg": {
        "precision": 0.3857399211392737,
        "recall": 0.41541320151483574,
        "f1-score": 0.37316006032170607,
        "support": 1807.0
    },
    "weighted avg": {
        "precision": 0.4048709736143451,
        "recall": 0.43220807969009406,
        "f1-score": 0.391493288628534,
        "support": 1807.0
    }
}