{
    "0": {
        "precision": 0.11956521739130435,
        "recall": 0.10426540284360189,
        "f1-score": 0.11139240506329114,
        "support": 422.0
    },
    "1": {
        "precision": 0.11042944785276074,
        "recall": 0.08933002481389578,
        "f1-score": 0.09876543209876543,
        "support": 403.0
    },
    "2": {
        "precision": 0.6786516853932584,
        "recall": 0.5676691729323309,
        "f1-score": 0.6182190378710338,
        "support": 532.0
    },
    "3": {
        "precision": 0.4101796407185629,
        "recall": 0.6088888888888889,
        "f1-score": 0.49016100178890876,
        "support": 450.0
    },
    "accuracy": 0.36303265080243496,
    "macro avg": {
        "precision": 0.3297064978389716,
        "recall": 0.3425383723696793,
        "f1-score": 0.32963446920549977,
        "support": 1807.0
    },
    "weighted avg": {
        "precision": 0.3545008988247702,
        "recall": 0.36303265080243496,
        "f1-score": 0.35211679193409534,
        "support": 1807.0
    }
}