{
    "0": {
        "precision": 0.6416861826697893,
        "recall": 0.8716861081654295,
        "f1-score": 0.7392086330935251,
        "support": 943.0
    },
    "1": {
        "precision": 0.7699619771863118,
        "recall": 0.46875,
        "f1-score": 0.5827338129496403,
        "support": 864.0
    },
    "accuracy": 0.6790260099612617,
    "macro avg": {
        "precision": 0.7058240799280505,
        "recall": 0.6702180540827147,
        "f1-score": 0.6609712230215827,
        "support": 1807.0
    },
    "weighted avg": {
        "precision": 0.7030200434679494,
        "recall": 0.6790260099612617,
        "f1-score": 0.6643916742643516,
        "support": 1807.0
    }
}