{
    "0": {
        "precision": 0.2375,
        "recall": 0.09004739336492891,
        "f1-score": 0.13058419243986255,
        "support": 422.0
    },
    "1": {
        "precision": 0.17329545454545456,
        "recall": 0.1513647642679901,
        "f1-score": 0.16158940397350993,
        "support": 403.0
    },
    "2": {
        "precision": 0.5874125874125874,
        "recall": 0.631578947368421,
        "f1-score": 0.6086956521739131,
        "support": 532.0
    },
    "3": {
        "precision": 0.38589211618257263,
        "recall": 0.62,
        "f1-score": 0.47570332480818417,
        "support": 450.0
    },
    "accuracy": 0.3951300498063088,
    "macro avg": {
        "precision": 0.3460250395351536,
        "recall": 0.373247776250335,
        "f1-score": 0.3441431433488674,
        "support": 1807.0
    },
    "weighted avg": {
        "precision": 0.3631533021402725,
        "recall": 0.3951300498063088,
        "f1-score": 0.3642056680305208,
        "support": 1807.0
    }
}