{
    "0": {
        "precision": 0.16826923076923078,
        "recall": 0.08293838862559241,
        "f1-score": 0.1111111111111111,
        "support": 422.0
    },
    "1": {
        "precision": 0.16666666666666666,
        "recall": 0.2109181141439206,
        "f1-score": 0.18619934282584885,
        "support": 403.0
    },
    "2": {
        "precision": 0.664804469273743,
        "recall": 0.4473684210526316,
        "f1-score": 0.5348314606741573,
        "support": 532.0
    },
    "3": {
        "precision": 0.4829001367989056,
        "recall": 0.7844444444444445,
        "f1-score": 0.5977984758679086,
        "support": 450.0
    },
    "accuracy": 0.39346983951300496,
    "macro avg": {
        "precision": 0.37066012587713654,
        "recall": 0.3814173420666473,
        "f1-score": 0.35748509761975644,
        "support": 1807.0
    },
    "weighted avg": {
        "precision": 0.39245009477831816,
        "recall": 0.39346983951300496,
        "f1-score": 0.37380568636796707,
        "support": 1807.0
    }
}