{
    "0": {
        "precision": 0.632687447346251,
        "recall": 0.7963944856839873,
        "f1-score": 0.7051643192488263,
        "support": 943.0
    },
    "1": {
        "precision": 0.6903225806451613,
        "recall": 0.49537037037037035,
        "f1-score": 0.5768194070080862,
        "support": 864.0
    },
    "accuracy": 0.6524626452684007,
    "macro avg": {
        "precision": 0.6615050139957062,
        "recall": 0.6458824280271789,
        "f1-score": 0.6409918631284562,
        "support": 1807.0
    },
    "weighted avg": {
        "precision": 0.6602451425151822,
        "recall": 0.6524626452684007,
        "f1-score": 0.6437974104629938,
        "support": 1807.0
    }
}