{
    "0": {
        "precision": 0.6166281755196305,
        "recall": 0.8494167550371156,
        "f1-score": 0.7145405887600357,
        "support": 943.0
    },
    "1": {
        "precision": 0.7204724409448819,
        "recall": 0.4236111111111111,
        "f1-score": 0.5335276967930029,
        "support": 864.0
    },
    "accuracy": 0.6458218040951854,
    "macro avg": {
        "precision": 0.6685503082322561,
        "recall": 0.6365139330741133,
        "f1-score": 0.6240341427765193,
        "support": 1807.0
    },
    "weighted avg": {
        "precision": 0.6662803312071884,
        "recall": 0.6458218040951854,
        "f1-score": 0.6279909824183001,
        "support": 1807.0
    }
}