{
    "train_metrics": [],
    "val_metrics": [],
    "hyperparameters": {
        "learning_rate": 0.00045443839603360173,
        "batch_size": 16,
        "weight_decay": 0.00042470585622618684,
        "trainable_layers": 2,
        "dropout_rate": 0.270329547113106,
        "optimizer": "SGD",
        "scheduler": "ReduceLROnPlateau",
        "label_smoothing": 0.10602860157714257,
        "momentum": 0.9114120787318862,
        "factor": 0.4313811040057837,
        "patience": 3
    },
    "class_weights": {
        "T": [
            1.020164132118225,
            0.9987770915031433,
            0.9719483256340027,
            1.010427713394165
        ],
        "N": [
            1.005452036857605,
            0.9579423666000366,
            1.0827651023864746,
            0.9634310603141785
        ],
        "M": [
            0.9742671847343445,
            1.027129054069519
        ]
    },
    "classification_reports": {
        "T": {
            "0": {
                "precision": 0.3111111111111111,
                "recall": 0.26540284360189575,
                "f1-score": 0.2864450127877238,
                "support": 422.0
            },
            "1": {
                "precision": 0.12582781456953643,
                "recall": 0.141439205955335,
                "f1-score": 0.13317757009345793,
                "support": 403.0
            },
            "2": {
                "precision": 0.513189448441247,
                "recall": 0.40225563909774437,
                "f1-score": 0.45100105374077976,
                "support": 532.0
            },
            "3": {
                "precision": 0.45753899480069327,
                "recall": 0.5866666666666667,
                "f1-score": 0.5141187925998053,
                "support": 450.0
            },
            "accuracy": 0.3580520199225235,
            "macro avg": {
                "precision": 0.35191684223064695,
                "recall": 0.3489410888304104,
                "f1-score": 0.3461856073054417,
                "support": 1807.0
            },
            "weighted avg": {
                "precision": 0.36574810868371194,
                "recall": 0.3580520199225235,
                "f1-score": 0.3574080649718263,
                "support": 1807.0
            }
        },
        "N": {
            "0": {
                "precision": 0.345679012345679,
                "recall": 0.32036613272311215,
                "f1-score": 0.332541567695962,
                "support": 437.0
            },
            "1": {
                "precision": 0.5499092558983666,
                "recall": 0.6011904761904762,
                "f1-score": 0.5744075829383887,
                "support": 504.0
            },
            "2": {
                "precision": 0.7794486215538847,
                "recall": 0.7266355140186916,
                "f1-score": 0.7521160822249093,
                "support": 428.0
            },
            "3": {
                "precision": 0.3473451327433628,
                "recall": 0.3584474885844749,
                "f1-score": 0.35280898876404493,
                "support": 438.0
            },
            "accuracy": 0.5041505257332596,
            "macro avg": {
                "precision": 0.5055955056353233,
                "recall": 0.5016599028791887,
                "f1-score": 0.5029685554058262,
                "support": 1807.0
            },
            "weighted avg": {
                "precision": 0.5057870346068036,
                "recall": 0.5041505257332596,
                "f1-score": 0.5042933631184262,
                "support": 1807.0
            }
        },
        "M": {
            "0": {
                "precision": 0.5671537926235213,
                "recall": 0.8642629904559915,
                "f1-score": 0.6848739495798319,
                "support": 943.0
            },
            "1": {
                "precision": 0.654054054054054,
                "recall": 0.2800925925925926,
                "f1-score": 0.39222042139384117,
                "support": 864.0
            },
            "accuracy": 0.5849474266740454,
            "macro avg": {
                "precision": 0.6106039233387877,
                "recall": 0.572177791524292,
                "f1-score": 0.5385471854868366,
                "support": 1807.0
            },
            "weighted avg": {
                "precision": 0.6087043326766371,
                "recall": 0.5849474266740454,
                "f1-score": 0.5449444264184063,
                "support": 1807.0
            }
        }
    },
    "final_metrics": {
        "val_f1_T": 0.3461856073054417,
        "val_f1_N": 0.5029685554058262,
        "val_f1_M": 0.5385471854868366,
        "val_f1_mean": 0.4625671160660348
    }
}