{
    "0": {
        "precision": 0.2848101265822785,
        "recall": 0.30892448512585813,
        "f1-score": 0.29637760702524696,
        "support": 437.0
    },
    "1": {
        "precision": 0.4932249322493225,
        "recall": 0.3611111111111111,
        "f1-score": 0.41695303550973656,
        "support": 504.0
    },
    "2": {
        "precision": 0.753393665158371,
        "recall": 0.7780373831775701,
        "f1-score": 0.7655172413793103,
        "support": 428.0
    },
    "3": {
        "precision": 0.5842911877394636,
        "recall": 0.6963470319634704,
        "f1-score": 0.6354166666666666,
        "support": 438.0
    },
    "accuracy": 0.5285002767017155,
    "macro avg": {
        "precision": 0.5289299779323589,
        "recall": 0.5361050028445025,
        "f1-score": 0.5285661376452401,
        "support": 1807.0
    },
    "weighted avg": {
        "precision": 0.5265187714929619,
        "recall": 0.5285002767017155,
        "f1-score": 0.5233067091739263,
        "support": 1807.0
    }
}