{
    "0": {
        "precision": 0.45907473309608543,
        "recall": 0.2951945080091533,
        "f1-score": 0.3593314763231198,
        "support": 437.0
    },
    "1": {
        "precision": 0.6993987975951904,
        "recall": 0.6924603174603174,
        "f1-score": 0.6959122632103689,
        "support": 504.0
    },
    "2": {
        "precision": 0.7577777777777778,
        "recall": 0.7967289719626168,
        "f1-score": 0.7767653758542141,
        "support": 428.0
    },
    "3": {
        "precision": 0.6256499133448874,
        "recall": 0.8242009132420092,
        "f1-score": 0.7113300492610838,
        "support": 438.0
    },
    "accuracy": 0.6530160486995019,
    "macro avg": {
        "precision": 0.6354753054534853,
        "recall": 0.6521461776685242,
        "f1-score": 0.6358347911621967,
        "support": 1807.0
    },
    "weighted avg": {
        "precision": 0.6372308817293386,
        "recall": 0.6530160486995019,
        "f1-score": 0.6374022015789638,
        "support": 1807.0
    }
}