{
    "0": {
        "precision": 0.6420047732696897,
        "recall": 0.855779427359491,
        "f1-score": 0.7336363636363636,
        "support": 943.0
    },
    "1": {
        "precision": 0.7527272727272727,
        "recall": 0.4791666666666667,
        "f1-score": 0.5855728429985856,
        "support": 864.0
    },
    "accuracy": 0.6757055893746541,
    "macro avg": {
        "precision": 0.6973660229984813,
        "recall": 0.6674730470130789,
        "f1-score": 0.6596046033174746,
        "support": 1807.0
    },
    "weighted avg": {
        "precision": 0.6949456916600337,
        "recall": 0.6757055893746541,
        "f1-score": 0.6628411883009789,
        "support": 1807.0
    }
}