{
    "train_metrics": [],
    "val_metrics": [],
    "hyperparameters": {
        "learning_rate": 2.8567374298471872e-05,
        "batch_size": 32,
        "weight_decay": 0.0038211294416912265,
        "trainable_layers": 2,
        "dropout_rate": 0.22661209538663485,
        "optimizer": "Adam",
        "scheduler": "CosineAnnealingLR",
        "label_smoothing": 0.0778185932615049,
        "T_max": 8,
        "eta_min": 3.69993306355501e-05
    },
    "class_weights": {
        "T": [
            1.020164132118225,
            0.9987770915031433,
            0.9719483256340027,
            1.010427713394165
        ],
        "N": [
            1.005452036857605,
            0.9579423666000366,
            1.0827651023864746,
            0.9634310603141785
        ],
        "M": [
            0.9742671847343445,
            1.027129054069519
        ]
    },
    "classification_reports": {
        "T": {
            "0": {
                "precision": 0.352112676056338,
                "recall": 0.35545023696682465,
                "f1-score": 0.35377358490566035,
                "support": 422.0
            },
            "1": {
                "precision": 0.24120603015075376,
                "recall": 0.11910669975186104,
                "f1-score": 0.15946843853820597,
                "support": 403.0
            },
            "2": {
                "precision": 0.7326315789473684,
                "recall": 0.6541353383458647,
                "f1-score": 0.6911618669314796,
                "support": 532.0
            },
            "3": {
                "precision": 0.4031117397454031,
                "recall": 0.6333333333333333,
                "f1-score": 0.49265341400172863,
                "support": 450.0
            },
            "accuracy": 0.45987825124515774,
            "macro avg": {
                "precision": 0.43226550622496585,
                "recall": 0.4405064020994709,
                "f1-score": 0.4242643260942687,
                "support": 1807.0
            },
            "weighted avg": {
                "precision": 0.4521072840796678,
                "recall": 0.45987825124515774,
                "f1-score": 0.44435549699469323,
                "support": 1807.0
            }
        },
        "N": {
            "0": {
                "precision": 0.25274725274725274,
                "recall": 0.21052631578947367,
                "f1-score": 0.22971285892634208,
                "support": 437.0
            },
            "1": {
                "precision": 0.5186046511627908,
                "recall": 0.44246031746031744,
                "f1-score": 0.47751605995717344,
                "support": 504.0
            },
            "2": {
                "precision": 0.7489361702127659,
                "recall": 0.822429906542056,
                "f1-score": 0.7839643652561247,
                "support": 428.0
            },
            "3": {
                "precision": 0.5985267034990792,
                "recall": 0.7420091324200914,
                "f1-score": 0.6625891946992865,
                "support": 438.0
            },
            "accuracy": 0.5489762036524627,
            "macro avg": {
                "precision": 0.5297036944054722,
                "recall": 0.5543564180529846,
                "f1-score": 0.5384456197097317,
                "support": 1807.0
            },
            "weighted avg": {
                "precision": 0.5282383345989244,
                "recall": 0.5489762036524627,
                "f1-score": 0.5350323349071033,
                "support": 1807.0
            }
        },
        "M": {
            "0": {
                "precision": 0.7066666666666667,
                "recall": 0.7868504772004242,
                "f1-score": 0.7446061214249875,
                "support": 943.0
            },
            "1": {
                "precision": 0.7344782034346103,
                "recall": 0.6435185185185185,
                "f1-score": 0.6859962985811228,
                "support": 864.0
            },
            "accuracy": 0.7183176535694521,
            "macro avg": {
                "precision": 0.7205724350506385,
                "recall": 0.7151844978594714,
                "f1-score": 0.7153012100030551,
                "support": 1807.0
            },
            "weighted avg": {
                "precision": 0.7199644905557111,
                "recall": 0.7183176535694521,
                "f1-score": 0.7165823876468475,
                "support": 1807.0
            }
        }
    },
    "final_metrics": {
        "val_f1_T": 0.4242643260942687,
        "val_f1_N": 0.5384456197097317,
        "val_f1_M": 0.7153012100030551,
        "val_f1_mean": 0.5593370519356852
    }
}