{
    "train_metrics": [],
    "val_metrics": [],
    "hyperparameters": {
        "learning_rate": 2.1930485556643678e-05,
        "batch_size": 32,
        "weight_decay": 0.00788671412999049,
        "trainable_layers": 4,
        "dropout_rate": 0.1956920653760056,
        "optimizer": "SGD",
        "scheduler": "CosineAnnealingLR",
        "label_smoothing": 0.1363980603118173,
        "momentum": 0.7750461946640048,
        "T_max": 8,
        "eta_min": 3.185939653285169e-05
    },
    "class_weights": {
        "T": [
            1.020164132118225,
            0.9987770915031433,
            0.9719483256340027,
            1.010427713394165
        ],
        "N": [
            1.005452036857605,
            0.9579423666000366,
            1.0827651023864746,
            0.9634310603141785
        ],
        "M": [
            0.9742671847343445,
            1.027129054069519
        ]
    },
    "classification_reports": {
        "T": {
            "0": {
                "precision": 0.23636363636363636,
                "recall": 0.0924170616113744,
                "f1-score": 0.13287904599659284,
                "support": 422.0
            },
            "1": {
                "precision": 0.21052631578947367,
                "recall": 0.1687344913151365,
                "f1-score": 0.18732782369146006,
                "support": 403.0
            },
            "2": {
                "precision": 0.6558891454965358,
                "recall": 0.5338345864661654,
                "f1-score": 0.5886010362694301,
                "support": 532.0
            },
            "3": {
                "precision": 0.4401805869074492,
                "recall": 0.8666666666666667,
                "f1-score": 0.5838323353293413,
                "support": 450.0
            },
            "accuracy": 0.43220807969009406,
            "macro avg": {
                "precision": 0.3857399211392737,
                "recall": 0.41541320151483574,
                "f1-score": 0.37316006032170607,
                "support": 1807.0
            },
            "weighted avg": {
                "precision": 0.4048709736143451,
                "recall": 0.43220807969009406,
                "f1-score": 0.391493288628534,
                "support": 1807.0
            }
        },
        "N": {
            "0": {
                "precision": 0.2072072072072072,
                "recall": 0.05263157894736842,
                "f1-score": 0.08394160583941605,
                "support": 437.0
            },
            "1": {
                "precision": 0.6367265469061876,
                "recall": 0.6329365079365079,
                "f1-score": 0.6348258706467662,
                "support": 504.0
            },
            "2": {
                "precision": 0.6426426426426426,
                "recall": 1.0,
                "f1-score": 0.7824497257769653,
                "support": 428.0
            },
            "3": {
                "precision": 0.5689981096408318,
                "recall": 0.6872146118721462,
                "f1-score": 0.6225439503619442,
                "support": 438.0
            },
            "accuracy": 0.5926950747094631,
            "macro avg": {
                "precision": 0.5138936265992172,
                "recall": 0.5931956746890056,
                "f1-score": 0.5309402881562729,
                "support": 1807.0
            },
            "weighted avg": {
                "precision": 0.517837272973992,
                "recall": 0.5926950747094631,
                "f1-score": 0.5335901789977132,
                "support": 1807.0
            }
        },
        "M": {
            "0": {
                "precision": 0.6490939044481054,
                "recall": 0.8356309650053022,
                "f1-score": 0.7306444135373203,
                "support": 943.0
            },
            "1": {
                "precision": 0.7386172006745363,
                "recall": 0.5069444444444444,
                "f1-score": 0.6012354152367879,
                "support": 864.0
            },
            "accuracy": 0.6784726065301605,
            "macro avg": {
                "precision": 0.6938555525613208,
                "recall": 0.6712877047248733,
                "f1-score": 0.6659399143870541,
                "support": 1807.0
            },
            "weighted avg": {
                "precision": 0.6918986238391603,
                "recall": 0.6784726065301605,
                "f1-score": 0.6687687220422124,
                "support": 1807.0
            }
        }
    },
    "final_metrics": {
        "val_f1_T": 0.37316006032170607,
        "val_f1_N": 0.5309402881562729,
        "val_f1_M": 0.6659399143870541,
        "val_f1_mean": 0.5233467542883444
    }
}