{
    "0": {
        "precision": 0.37293729372937295,
        "recall": 0.2677725118483412,
        "f1-score": 0.3117241379310345,
        "support": 422.0
    },
    "1": {
        "precision": 0.17590361445783131,
        "recall": 0.18114143920595532,
        "f1-score": 0.1784841075794621,
        "support": 403.0
    },
    "2": {
        "precision": 0.5940366972477065,
        "recall": 0.4868421052631579,
        "f1-score": 0.5351239669421488,
        "support": 532.0
    },
    "3": {
        "precision": 0.4104134762633997,
        "recall": 0.5955555555555555,
        "f1-score": 0.485947416137806,
        "support": 450.0
    },
    "accuracy": 0.3945766463752075,
    "macro avg": {
        "precision": 0.38832277042457763,
        "recall": 0.38282790296825253,
        "f1-score": 0.3778199071476128,
        "support": 1807.0
    },
    "weighted avg": {
        "precision": 0.4034212959793088,
        "recall": 0.3945766463752075,
        "f1-score": 0.3911671108116523,
        "support": 1807.0
    }
}