{
    "0": {
        "precision": 0.453781512605042,
        "recall": 0.38388625592417064,
        "f1-score": 0.4159178433889602,
        "support": 422.0
    },
    "1": {
        "precision": 0.22371364653243847,
        "recall": 0.24813895781637718,
        "f1-score": 0.23529411764705882,
        "support": 403.0
    },
    "2": {
        "precision": 0.7523510971786834,
        "recall": 0.45112781954887216,
        "f1-score": 0.564042303172738,
        "support": 532.0
    },
    "3": {
        "precision": 0.38596491228070173,
        "recall": 0.5866666666666667,
        "f1-score": 0.4656084656084656,
        "support": 450.0
    },
    "accuracy": 0.423907028223575,
    "macro avg": {
        "precision": 0.45395279214921636,
        "recall": 0.41745492498902165,
        "f1-score": 0.42021568245430563,
        "support": 1807.0
    },
    "weighted avg": {
        "precision": 0.47348499839362246,
        "recall": 0.423907028223575,
        "f1-score": 0.43161880140210956,
        "support": 1807.0
    }
}