{
    "0": {
        "precision": 0.6490939044481054,
        "recall": 0.8356309650053022,
        "f1-score": 0.7306444135373203,
        "support": 943.0
    },
    "1": {
        "precision": 0.7386172006745363,
        "recall": 0.5069444444444444,
        "f1-score": 0.6012354152367879,
        "support": 864.0
    },
    "accuracy": 0.6784726065301605,
    "macro avg": {
        "precision": 0.6938555525613208,
        "recall": 0.6712877047248733,
        "f1-score": 0.6659399143870541,
        "support": 1807.0
    },
    "weighted avg": {
        "precision": 0.6918986238391603,
        "recall": 0.6784726065301605,
        "f1-score": 0.6687687220422124,
        "support": 1807.0
    }
}