{
    "0": {
        "precision": 0.6450798990748529,
        "recall": 0.8133616118769883,
        "f1-score": 0.7195121951219512,
        "support": 943.0
    },
    "1": {
        "precision": 0.7152103559870551,
        "recall": 0.5115740740740741,
        "f1-score": 0.5964912280701754,
        "support": 864.0
    },
    "accuracy": 0.6690647482014388,
    "macro avg": {
        "precision": 0.680145127530954,
        "recall": 0.6624678429755312,
        "f1-score": 0.6580017115960632,
        "support": 1807.0
    },
    "weighted avg": {
        "precision": 0.6786121153294974,
        "recall": 0.6690647482014388,
        "f1-score": 0.6606908804939854,
        "support": 1807.0
    }
}