{
    "0": {
        "precision": 0.28205128205128205,
        "recall": 0.2768878718535469,
        "f1-score": 0.279445727482679,
        "support": 437.0
    },
    "1": {
        "precision": 0.5912596401028277,
        "recall": 0.45634920634920634,
        "f1-score": 0.5151175811870101,
        "support": 504.0
    },
    "2": {
        "precision": 0.7795823665893271,
        "recall": 0.7850467289719626,
        "f1-score": 0.7823050058207218,
        "support": 428.0
    },
    "3": {
        "precision": 0.5967741935483871,
        "recall": 0.7602739726027398,
        "f1-score": 0.6686746987951807,
        "support": 438.0
    },
    "accuracy": 0.5644714997232982,
    "macro avg": {
        "precision": 0.562416870572956,
        "recall": 0.5696394449443639,
        "f1-score": 0.5613857533213978,
        "support": 1807.0
    },
    "weighted avg": {
        "precision": 0.5624236959284233,
        "recall": 0.5644714997232982,
        "f1-score": 0.5586292774719103,
        "support": 1807.0
    }
}