{
    "0": {
        "precision": 0.6083617747440273,
        "recall": 0.7560975609756098,
        "f1-score": 0.6742316784869976,
        "support": 943.0
    },
    "1": {
        "precision": 0.6377952755905512,
        "recall": 0.46875,
        "f1-score": 0.5403602401601068,
        "support": 864.0
    },
    "accuracy": 0.6187050359712231,
    "macro avg": {
        "precision": 0.6230785251672892,
        "recall": 0.6124237804878049,
        "f1-score": 0.6072959593235522,
        "support": 1807.0
    },
    "weighted avg": {
        "precision": 0.6224351254531567,
        "recall": 0.6187050359712231,
        "f1-score": 0.6102223133987665,
        "support": 1807.0
    }
}