{
    "0": {
        "precision": 0.6439873417721519,
        "recall": 0.8632025450689289,
        "f1-score": 0.737652922519257,
        "support": 943.0
    },
    "1": {
        "precision": 0.7624309392265194,
        "recall": 0.4791666666666667,
        "f1-score": 0.5884861407249466,
        "support": 864.0
    },
    "accuracy": 0.679579413392363,
    "macro avg": {
        "precision": 0.7032091404993357,
        "recall": 0.6711846058677978,
        "f1-score": 0.6630695316221018,
        "support": 1807.0
    },
    "weighted avg": {
        "precision": 0.7006200303170181,
        "recall": 0.679579413392363,
        "f1-score": 0.6663302332717284,
        "support": 1807.0
    }
}