{
    "0": {
        "precision": 0.6454767726161369,
        "recall": 0.8398727465535525,
        "f1-score": 0.7299539170506912,
        "support": 943.0
    },
    "1": {
        "precision": 0.7396551724137931,
        "recall": 0.4965277777777778,
        "f1-score": 0.5941828254847645,
        "support": 864.0
    },
    "accuracy": 0.6757055893746541,
    "macro avg": {
        "precision": 0.692565972514965,
        "recall": 0.6682002621656651,
        "f1-score": 0.6620683712677279,
        "support": 1807.0
    },
    "weighted avg": {
        "precision": 0.6905072858564109,
        "recall": 0.6757055893746541,
        "f1-score": 0.6650362506904473,
        "support": 1807.0
    }
}