{
    "train_metrics": [],
    "val_metrics": [],
    "hyperparameters": {
        "learning_rate": 4.134375791996668e-05,
        "batch_size": 32,
        "weight_decay": 0.0015554329757887998,
        "trainable_layers": 2,
        "dropout_rate": 0.2202393035304228,
        "optimizer": "Adam",
        "scheduler": "CosineAnnealingLR",
        "label_smoothing": 4.93340077538729e-05,
        "T_max": 7,
        "eta_min": 5.467862828817766e-06
    },
    "class_weights": {
        "T": [
            1.020164132118225,
            0.9987770915031433,
            0.9719483256340027,
            1.010427713394165
        ],
        "N": [
            1.005452036857605,
            0.9579423666000366,
            1.0827651023864746,
            0.9634310603141785
        ],
        "M": [
            0.9742671847343445,
            1.027129054069519
        ]
    },
    "classification_reports": {
        "T": {
            "0": {
                "precision": 0.44755244755244755,
                "recall": 0.3033175355450237,
                "f1-score": 0.3615819209039548,
                "support": 422.0
            },
            "1": {
                "precision": 0.20335820895522388,
                "recall": 0.2704714640198511,
                "f1-score": 0.2321618743343983,
                "support": 403.0
            },
            "2": {
                "precision": 0.6105263157894737,
                "recall": 0.43609022556390975,
                "f1-score": 0.5087719298245614,
                "support": 532.0
            },
            "3": {
                "precision": 0.44958677685950416,
                "recall": 0.6044444444444445,
                "f1-score": 0.5156398104265403,
                "support": 450.0
            },
            "accuracy": 0.41007194244604317,
            "macro avg": {
                "precision": 0.42775593728916234,
                "recall": 0.40358091739330726,
                "f1-score": 0.4045388838723637,
                "support": 1807.0
            },
            "weighted avg": {
                "precision": 0.4415797125970476,
                "recall": 0.41007194244604317,
                "f1-score": 0.4144180339440184,
                "support": 1807.0
            }
        },
        "N": {
            "0": {
                "precision": 0.2392638036809816,
                "recall": 0.17848970251716248,
                "f1-score": 0.20445609436435125,
                "support": 437.0
            },
            "1": {
                "precision": 0.5724770642201835,
                "recall": 0.6190476190476191,
                "f1-score": 0.5948522402287894,
                "support": 504.0
            },
            "2": {
                "precision": 0.7679814385150812,
                "recall": 0.7733644859813084,
                "f1-score": 0.770663562281723,
                "support": 428.0
            },
            "3": {
                "precision": 0.5643564356435643,
                "recall": 0.6506849315068494,
                "f1-score": 0.6044538706256628,
                "support": 438.0
            },
            "accuracy": 0.5567238516878804,
            "macro avg": {
                "precision": 0.5360196855149526,
                "recall": 0.5553966847632348,
                "f1-score": 0.5436064418751316,
                "support": 1807.0
            },
            "weighted avg": {
                "precision": 0.5362318190768662,
                "recall": 0.5567238516878804,
                "f1-score": 0.5444093205883502,
                "support": 1807.0
            }
        },
        "M": {
            "0": {
                "precision": 0.6763668430335097,
                "recall": 0.8133616118769883,
                "f1-score": 0.7385652383245065,
                "support": 943.0
            },
            "1": {
                "precision": 0.7384843982169391,
                "recall": 0.5752314814814815,
                "f1-score": 0.6467143786597267,
                "support": 864.0
            },
            "accuracy": 0.6995019369120089,
            "macro avg": {
                "precision": 0.7074256206252244,
                "recall": 0.6942965466792349,
                "f1-score": 0.6926398084921166,
                "support": 1807.0
            },
            "weighted avg": {
                "precision": 0.7060677659325041,
                "recall": 0.6995019369120089,
                "f1-score": 0.6946476164371961,
                "support": 1807.0
            }
        }
    },
    "final_metrics": {
        "val_f1_T": 0.4045388838723637,
        "val_f1_N": 0.5436064418751316,
        "val_f1_M": 0.6926398084921166,
        "val_f1_mean": 0.5469283780798707
    }
}