{
    "0": {
        "precision": 0.6035141329258976,
        "recall": 0.8377518557794273,
        "f1-score": 0.7015985790408525,
        "support": 943.0
    },
    "1": {
        "precision": 0.6927710843373494,
        "recall": 0.3993055555555556,
        "f1-score": 0.5066079295154186,
        "support": 864.0
    },
    "accuracy": 0.6281128942999447,
    "macro avg": {
        "precision": 0.6481426086316235,
        "recall": 0.6185287056674915,
        "f1-score": 0.6041032542781355,
        "support": 1807.0
    },
    "weighted avg": {
        "precision": 0.6461915020567743,
        "recall": 0.6281128942999447,
        "f1-score": 0.6083656398100971,
        "support": 1807.0
    }
}