{
    "train_metrics": [],
    "val_metrics": [],
    "hyperparameters": {
        "learning_rate": 4.059611610484306e-05,
        "batch_size": 16,
        "weight_decay": 7.476312062252303e-05,
        "trainable_layers": 3,
        "dropout_rate": 0.17092407909780627,
        "optimizer": "RMSprop",
        "scheduler": "StepLR",
        "label_smoothing": 0.08886218532930637,
        "step_size": 1,
        "gamma": 0.7430179407605754
    },
    "class_weights": {
        "T": [
            1.020164132118225,
            0.9987770915031433,
            0.9719483256340027,
            1.010427713394165
        ],
        "N": [
            1.005452036857605,
            0.9579423666000366,
            1.0827651023864746,
            0.9634310603141785
        ],
        "M": [
            0.9742671847343445,
            1.027129054069519
        ]
    },
    "classification_reports": {
        "T": {
            "0": {
                "precision": 0.31137724550898205,
                "recall": 0.24644549763033174,
                "f1-score": 0.2751322751322751,
                "support": 422.0
            },
            "1": {
                "precision": 0.1731266149870801,
                "recall": 0.1662531017369727,
                "f1-score": 0.16962025316455695,
                "support": 403.0
            },
            "2": {
                "precision": 0.6643990929705216,
                "recall": 0.5507518796992481,
                "f1-score": 0.6022610483042138,
                "support": 532.0
            },
            "3": {
                "precision": 0.3953488372093023,
                "recall": 0.5666666666666667,
                "f1-score": 0.4657534246575342,
                "support": 450.0
            },
            "accuracy": 0.39789706696181515,
            "macro avg": {
                "precision": 0.38606294766897153,
                "recall": 0.3825292864333048,
                "f1-score": 0.378191750314645,
                "support": 1807.0
            },
            "weighted avg": {
                "precision": 0.4053893290808452,
                "recall": 0.39789706696181515,
                "f1-score": 0.39538168285825603,
                "support": 1807.0
            }
        },
        "N": {
            "0": {
                "precision": 0.2814070351758794,
                "recall": 0.38443935926773454,
                "f1-score": 0.32495164410058025,
                "support": 437.0
            },
            "1": {
                "precision": 0.44866920152091255,
                "recall": 0.23412698412698413,
                "f1-score": 0.3076923076923077,
                "support": 504.0
            },
            "2": {
                "precision": 0.7727272727272727,
                "recall": 0.8341121495327103,
                "f1-score": 0.802247191011236,
                "support": 428.0
            },
            "3": {
                "precision": 0.6618556701030928,
                "recall": 0.7328767123287672,
                "f1-score": 0.695557963163597,
                "support": 438.0
            },
            "accuracy": 0.533480907581627,
            "macro avg": {
                "precision": 0.5411647948817894,
                "recall": 0.546388801314049,
                "f1-score": 0.5326122764919302,
                "support": 1807.0
            },
            "weighted avg": {
                "precision": 0.5366487040237004,
                "recall": 0.533480907581627,
                "f1-score": 0.523019909887848,
                "support": 1807.0
            }
        },
        "M": {
            "0": {
                "precision": 0.6140483383685801,
                "recall": 0.8621420996818664,
                "f1-score": 0.717247463608293,
                "support": 943.0
            },
            "1": {
                "precision": 0.7308488612836439,
                "recall": 0.4085648148148148,
                "f1-score": 0.5241276911655531,
                "support": 864.0
            },
            "accuracy": 0.6452684006640841,
            "macro avg": {
                "precision": 0.672448599826112,
                "recall": 0.6353534572483406,
                "f1-score": 0.620687577386923,
                "support": 1807.0
            },
            "weighted avg": {
                "precision": 0.6698954063257551,
                "recall": 0.6452684006640841,
                "f1-score": 0.6249090666019138,
                "support": 1807.0
            }
        }
    },
    "final_metrics": {
        "val_f1_T": 0.378191750314645,
        "val_f1_N": 0.5326122764919302,
        "val_f1_M": 0.620687577386923,
        "val_f1_mean": 0.5104972013978327
    }
}