{
    "train_metrics": [],
    "val_metrics": [],
    "hyperparameters": {
        "learning_rate": 1.1285872227812842e-05,
        "batch_size": 32,
        "weight_decay": 0.0025034878457739903,
        "trainable_layers": 3,
        "dropout_rate": 0.23446951995382972,
        "optimizer": "Adam",
        "scheduler": "StepLR",
        "label_smoothing": 0.07236221995576222,
        "step_size": 6,
        "gamma": 0.504924467825975
    },
    "class_weights": {
        "T": [
            1.020164132118225,
            0.9987770915031433,
            0.9719483256340027,
            1.010427713394165
        ],
        "N": [
            1.005452036857605,
            0.9579423666000366,
            1.0827651023864746,
            0.9634310603141785
        ],
        "M": [
            0.9742671847343445,
            1.027129054069519
        ]
    },
    "classification_reports": {
        "T": {
            "0": {
                "precision": 0.35792349726775957,
                "recall": 0.3104265402843602,
                "f1-score": 0.33248730964467005,
                "support": 422.0
            },
            "1": {
                "precision": 0.22099447513812154,
                "recall": 0.19851116625310175,
                "f1-score": 0.20915032679738563,
                "support": 403.0
            },
            "2": {
                "precision": 0.6225961538461539,
                "recall": 0.4868421052631579,
                "f1-score": 0.5464135021097046,
                "support": 532.0
            },
            "3": {
                "precision": 0.38763197586727,
                "recall": 0.5711111111111111,
                "f1-score": 0.4618149146451033,
                "support": 450.0
            },
            "accuracy": 0.40232429441062534,
            "macro avg": {
                "precision": 0.39728652552982624,
                "recall": 0.39172273072793273,
                "f1-score": 0.38746651329921594,
                "support": 1807.0
            },
            "weighted avg": {
                "precision": 0.41270616066080956,
                "recall": 0.40232429441062534,
                "f1-score": 0.40016929777645627,
                "support": 1807.0
            }
        },
        "N": {
            "0": {
                "precision": 0.28809523809523807,
                "recall": 0.2768878718535469,
                "f1-score": 0.2823803967327888,
                "support": 437.0
            },
            "1": {
                "precision": 0.59,
                "recall": 0.46825396825396826,
                "f1-score": 0.5221238938053098,
                "support": 504.0
            },
            "2": {
                "precision": 0.7911832946635731,
                "recall": 0.7967289719626168,
                "f1-score": 0.7939464493597206,
                "support": 428.0
            },
            "3": {
                "precision": 0.5863309352517986,
                "recall": 0.7442922374429224,
                "f1-score": 0.6559356136820925,
                "support": 438.0
            },
            "accuracy": 0.5666851134477033,
            "macro avg": {
                "precision": 0.5639023670026524,
                "recall": 0.5715407623782636,
                "f1-score": 0.563596588394978,
                "support": 1807.0
            },
            "weighted avg": {
                "precision": 0.563750425458725,
                "recall": 0.5666851134477033,
                "f1-score": 0.5609626756883352,
                "support": 1807.0
            }
        },
        "M": {
            "0": {
                "precision": 0.6327014218009479,
                "recall": 0.8494167550371156,
                "f1-score": 0.7252150294250792,
                "support": 943.0
            },
            "1": {
                "precision": 0.7375231053604436,
                "recall": 0.4618055555555556,
                "f1-score": 0.5679715302491103,
                "support": 864.0
            },
            "accuracy": 0.6640841173215274,
            "macro avg": {
                "precision": 0.6851122635806958,
                "recall": 0.6556111552963355,
                "f1-score": 0.6465932798370948,
                "support": 1807.0
            },
            "weighted avg": {
                "precision": 0.6828209207469381,
                "recall": 0.6640841173215274,
                "f1-score": 0.6500305339696076,
                "support": 1807.0
            }
        }
    },
    "final_metrics": {
        "val_f1_T": 0.38746651329921594,
        "val_f1_N": 0.563596588394978,
        "val_f1_M": 0.6465932798370948,
        "val_f1_mean": 0.5325521271770962
    }
}