{
    "train_metrics": [],
    "val_metrics": [],
    "hyperparameters": {
        "learning_rate": 9.316779556383413e-05,
        "batch_size": 16,
        "weight_decay": 0.00048620216322997997,
        "trainable_layers": 2,
        "dropout_rate": 0.2733543731993053,
        "optimizer": "Adam",
        "scheduler": "CosineAnnealingLR",
        "label_smoothing": 0.04011985008359412,
        "T_max": 8,
        "eta_min": 2.076552347444661e-05
    },
    "class_weights": {
        "T": [
            1.020164132118225,
            0.9987770915031433,
            0.9719483256340027,
            1.010427713394165
        ],
        "N": [
            1.005452036857605,
            0.9579423666000366,
            1.0827651023864746,
            0.9634310603141785
        ],
        "M": [
            0.9742671847343445,
            1.027129054069519
        ]
    },
    "classification_reports": {
        "T": {
            "0": {
                "precision": 0.3553921568627451,
                "recall": 0.34360189573459715,
                "f1-score": 0.3493975903614458,
                "support": 422.0
            },
            "1": {
                "precision": 0.13147410358565736,
                "recall": 0.08188585607940446,
                "f1-score": 0.10091743119266056,
                "support": 403.0
            },
            "2": {
                "precision": 0.6924731182795699,
                "recall": 0.6052631578947368,
                "f1-score": 0.645937813440321,
                "support": 532.0
            },
            "3": {
                "precision": 0.3850658857979502,
                "recall": 0.5844444444444444,
                "f1-score": 0.4642541924095322,
                "support": 450.0
            },
            "accuracy": 0.4222468179302712,
            "macro avg": {
                "precision": 0.3911013161314807,
                "recall": 0.4037988385382957,
                "f1-score": 0.3901267568509899,
                "support": 1807.0
            },
            "weighted avg": {
                "precision": 0.4120835093939718,
                "recall": 0.4222468179302712,
                "f1-score": 0.40988866144865105,
                "support": 1807.0
            }
        },
        "N": {
            "0": {
                "precision": 0.25824175824175827,
                "recall": 0.32265446224256294,
                "f1-score": 0.28687690742624616,
                "support": 437.0
            },
            "1": {
                "precision": 0.45454545454545453,
                "recall": 0.23809523809523808,
                "f1-score": 0.3125,
                "support": 504.0
            },
            "2": {
                "precision": 0.7555555555555555,
                "recall": 0.794392523364486,
                "f1-score": 0.7744874715261959,
                "support": 428.0
            },
            "3": {
                "precision": 0.6672760511882998,
                "recall": 0.8333333333333334,
                "f1-score": 0.7411167512690355,
                "support": 438.0
            },
            "accuracy": 0.5345877144438296,
            "macro avg": {
                "precision": 0.533904704882767,
                "recall": 0.5471188892589051,
                "f1-score": 0.5287452825553693,
                "support": 1807.0
            },
            "weighted avg": {
                "precision": 0.5299320673164419,
                "recall": 0.5345877144438296,
                "f1-score": 0.5196209094711228,
                "support": 1807.0
            }
        },
        "M": {
            "0": {
                "precision": 0.6161262050832603,
                "recall": 0.7454931071049841,
                "f1-score": 0.6746641074856046,
                "support": 943.0
            },
            "1": {
                "precision": 0.6396396396396397,
                "recall": 0.4930555555555556,
                "f1-score": 0.5568627450980392,
                "support": 864.0
            },
            "accuracy": 0.624792473713337,
            "macro avg": {
                "precision": 0.6278829223614499,
                "recall": 0.6192743313302698,
                "f1-score": 0.6157634262918219,
                "support": 1807.0
            },
            "weighted avg": {
                "precision": 0.6273689319547112,
                "recall": 0.624792473713337,
                "f1-score": 0.6183384975781024,
                "support": 1807.0
            }
        }
    },
    "final_metrics": {
        "val_f1_T": 0.3901267568509899,
        "val_f1_N": 0.5287452825553693,
        "val_f1_M": 0.6157634262918219,
        "val_f1_mean": 0.511545155232727
    }
}