{
    "0": {
        "precision": 0.20437956204379562,
        "recall": 0.2562929061784897,
        "f1-score": 0.22741116751269036,
        "support": 437.0
    },
    "1": {
        "precision": 0.5012919896640827,
        "recall": 0.38492063492063494,
        "f1-score": 0.43546576879910215,
        "support": 504.0
    },
    "2": {
        "precision": 0.6455938697318008,
        "recall": 0.7873831775700935,
        "f1-score": 0.7094736842105264,
        "support": 428.0
    },
    "3": {
        "precision": 0.78,
        "recall": 0.6232876712328768,
        "f1-score": 0.6928934010152284,
        "support": 438.0
    },
    "accuracy": 0.5069175428887659,
    "macro avg": {
        "precision": 0.5328163553599198,
        "recall": 0.5129710974755237,
        "f1-score": 0.5163110053843868,
        "support": 1807.0
    },
    "weighted avg": {
        "precision": 0.5312225830929979,
        "recall": 0.5069175428887659,
        "f1-score": 0.5124490725869223,
        "support": 1807.0
    }
}