{
    "train_metrics": [],
    "val_metrics": [],
    "hyperparameters": {
        "learning_rate": 7.173444087088242e-05,
        "batch_size": 32,
        "weight_decay": 0.00011889698841945607,
        "trainable_layers": 2,
        "dropout_rate": 0.20220296597010182,
        "optimizer": "Adam",
        "scheduler": "StepLR",
        "label_smoothing": 0.0016227699399230106,
        "step_size": 3,
        "gamma": 0.6711221535230216
    },
    "class_weights": {
        "T": [
            1.020164132118225,
            0.9987770915031433,
            0.9719483256340027,
            1.010427713394165
        ],
        "N": [
            1.005452036857605,
            0.9579423666000366,
            1.0827651023864746,
            0.9634310603141785
        ],
        "M": [
            0.9742671847343445,
            1.027129054069519
        ]
    },
    "classification_reports": {
        "T": {
            "0": {
                "precision": 0.39285714285714285,
                "recall": 0.36492890995260663,
                "f1-score": 0.3783783783783784,
                "support": 422.0
            },
            "1": {
                "precision": 0.14,
                "recall": 0.10421836228287841,
                "f1-score": 0.11948790896159317,
                "support": 403.0
            },
            "2": {
                "precision": 0.6464208242950108,
                "recall": 0.5601503759398496,
                "f1-score": 0.6002014098690835,
                "support": 532.0
            },
            "3": {
                "precision": 0.38837920489296635,
                "recall": 0.5644444444444444,
                "f1-score": 0.4601449275362319,
                "support": 450.0
            },
            "accuracy": 0.4139457664637521,
            "macro avg": {
                "precision": 0.39191429301128006,
                "recall": 0.3984355231549448,
                "f1-score": 0.38955315618632175,
                "support": 1807.0
            },
            "weighted avg": {
                "precision": 0.41000123686358325,
                "recall": 0.4139457664637521,
                "f1-score": 0.406309723535614,
                "support": 1807.0
            }
        },
        "N": {
            "0": {
                "precision": 0.26597938144329897,
                "recall": 0.2951945080091533,
                "f1-score": 0.279826464208243,
                "support": 437.0
            },
            "1": {
                "precision": 0.5452261306532663,
                "recall": 0.4305555555555556,
                "f1-score": 0.4811529933481153,
                "support": 504.0
            },
            "2": {
                "precision": 0.7994987468671679,
                "recall": 0.7453271028037384,
                "f1-score": 0.7714631197097944,
                "support": 428.0
            },
            "3": {
                "precision": 0.5619047619047619,
                "recall": 0.6735159817351598,
                "f1-score": 0.612668743509865,
                "support": 438.0
            },
            "accuracy": 0.5312672938572219,
            "macro avg": {
                "precision": 0.5431522552171237,
                "recall": 0.5361482870259018,
                "f1-score": 0.5362778301940044,
                "support": 1807.0
            },
            "weighted avg": {
                "precision": 0.5419627608817938,
                "recall": 0.5312672938572219,
                "f1-score": 0.5331048137241645,
                "support": 1807.0
            }
        },
        "M": {
            "0": {
                "precision": 0.6228847703464948,
                "recall": 0.8197242841993637,
                "f1-score": 0.7078754578754579,
                "support": 943.0
            },
            "1": {
                "precision": 0.6996466431095406,
                "recall": 0.4583333333333333,
                "f1-score": 0.5538461538461539,
                "support": 864.0
            },
            "accuracy": 0.646928610957388,
            "macro avg": {
                "precision": 0.6612657067280177,
                "recall": 0.6390288087663485,
                "f1-score": 0.6308608058608058,
                "support": 1807.0
            },
            "weighted avg": {
                "precision": 0.6595877355193069,
                "recall": 0.646928610957388,
                "f1-score": 0.6342277995017344,
                "support": 1807.0
            }
        }
    },
    "final_metrics": {
        "val_f1_T": 0.38955315618632175,
        "val_f1_N": 0.5362778301940044,
        "val_f1_M": 0.6308608058608058,
        "val_f1_mean": 0.5188972640803774
    }
}