{
    "0": {
        "precision": 0.26597938144329897,
        "recall": 0.2951945080091533,
        "f1-score": 0.279826464208243,
        "support": 437.0
    },
    "1": {
        "precision": 0.5452261306532663,
        "recall": 0.4305555555555556,
        "f1-score": 0.4811529933481153,
        "support": 504.0
    },
    "2": {
        "precision": 0.7994987468671679,
        "recall": 0.7453271028037384,
        "f1-score": 0.7714631197097944,
        "support": 428.0
    },
    "3": {
        "precision": 0.5619047619047619,
        "recall": 0.6735159817351598,
        "f1-score": 0.612668743509865,
        "support": 438.0
    },
    "accuracy": 0.5312672938572219,
    "macro avg": {
        "precision": 0.5431522552171237,
        "recall": 0.5361482870259018,
        "f1-score": 0.5362778301940044,
        "support": 1807.0
    },
    "weighted avg": {
        "precision": 0.5419627608817938,
        "recall": 0.5312672938572219,
        "f1-score": 0.5331048137241645,
        "support": 1807.0
    }
}