{
    "0": {
        "precision": 0.24848484848484848,
        "recall": 0.18764302059496568,
        "f1-score": 0.2138200782268579,
        "support": 437.0
    },
    "1": {
        "precision": 0.6463700234192038,
        "recall": 0.5476190476190477,
        "f1-score": 0.5929108485499462,
        "support": 504.0
    },
    "2": {
        "precision": 0.7478070175438597,
        "recall": 0.7967289719626168,
        "f1-score": 0.7714932126696833,
        "support": 428.0
    },
    "3": {
        "precision": 0.5420875420875421,
        "recall": 0.7351598173515982,
        "f1-score": 0.624031007751938,
        "support": 438.0
    },
    "accuracy": 0.5650249031543996,
    "macro avg": {
        "precision": 0.5461873578838635,
        "recall": 0.5667877143820571,
        "f1-score": 0.5505637867996063,
        "support": 1807.0
    },
    "weighted avg": {
        "precision": 0.5488954717953918,
        "recall": 0.5650249031543996,
        "f1-score": 0.5510742215120548,
        "support": 1807.0
    }
}