{
    "0": {
        "precision": 0.289002557544757,
        "recall": 0.2585812356979405,
        "f1-score": 0.27294685990338163,
        "support": 437.0
    },
    "1": {
        "precision": 0.5760517799352751,
        "recall": 0.3531746031746032,
        "f1-score": 0.43788437884378845,
        "support": 504.0
    },
    "2": {
        "precision": 0.7752808988764045,
        "recall": 0.8060747663551402,
        "f1-score": 0.7903780068728522,
        "support": 428.0
    },
    "3": {
        "precision": 0.5120845921450151,
        "recall": 0.773972602739726,
        "f1-score": 0.6163636363636363,
        "support": 438.0
    },
    "accuracy": 0.539568345323741,
    "macro avg": {
        "precision": 0.5381049571253629,
        "recall": 0.5479508019918524,
        "f1-score": 0.5293932204959146,
        "support": 1807.0
    },
    "weighted avg": {
        "precision": 0.5383162649767876,
        "recall": 0.539568345323741,
        "f1-score": 0.524748513770836,
        "support": 1807.0
    }
}