{
    "train_metrics": [],
    "val_metrics": [],
    "hyperparameters": {
        "learning_rate": 1.3368181591799242e-05,
        "batch_size": 32,
        "weight_decay": 0.002163765438068391,
        "trainable_layers": 3,
        "dropout_rate": 0.23094301602041964,
        "optimizer": "Adam",
        "scheduler": "StepLR",
        "label_smoothing": 0.07474022351725505,
        "step_size": 6,
        "gamma": 0.5011806537303891
    },
    "class_weights": {
        "T": [
            1.020164132118225,
            0.9987770915031433,
            0.9719483256340027,
            1.010427713394165
        ],
        "N": [
            1.005452036857605,
            0.9579423666000366,
            1.0827651023864746,
            0.9634310603141785
        ],
        "M": [
            0.9742671847343445,
            1.027129054069519
        ]
    },
    "classification_reports": {
        "T": {
            "0": {
                "precision": 0.3407202216066482,
                "recall": 0.2914691943127962,
                "f1-score": 0.31417624521072796,
                "support": 422.0
            },
            "1": {
                "precision": 0.1978319783197832,
                "recall": 0.18114143920595532,
                "f1-score": 0.18911917098445596,
                "support": 403.0
            },
            "2": {
                "precision": 0.6174334140435835,
                "recall": 0.4793233082706767,
                "f1-score": 0.5396825396825397,
                "support": 532.0
            },
            "3": {
                "precision": 0.3870481927710843,
                "recall": 0.5711111111111111,
                "f1-score": 0.4614003590664273,
                "support": 450.0
            },
            "accuracy": 0.39180962921970114,
            "macro avg": {
                "precision": 0.38575845168527484,
                "recall": 0.3807612632251348,
                "f1-score": 0.37609457873603774,
                "support": 1807.0
            },
            "weighted avg": {
                "precision": 0.40185748965083146,
                "recall": 0.39180962921970114,
                "f1-score": 0.38934071614646726,
                "support": 1807.0
            }
        },
        "N": {
            "0": {
                "precision": 0.28205128205128205,
                "recall": 0.2768878718535469,
                "f1-score": 0.279445727482679,
                "support": 437.0
            },
            "1": {
                "precision": 0.5912596401028277,
                "recall": 0.45634920634920634,
                "f1-score": 0.5151175811870101,
                "support": 504.0
            },
            "2": {
                "precision": 0.7795823665893271,
                "recall": 0.7850467289719626,
                "f1-score": 0.7823050058207218,
                "support": 428.0
            },
            "3": {
                "precision": 0.5967741935483871,
                "recall": 0.7602739726027398,
                "f1-score": 0.6686746987951807,
                "support": 438.0
            },
            "accuracy": 0.5644714997232982,
            "macro avg": {
                "precision": 0.562416870572956,
                "recall": 0.5696394449443639,
                "f1-score": 0.5613857533213978,
                "support": 1807.0
            },
            "weighted avg": {
                "precision": 0.5624236959284233,
                "recall": 0.5644714997232982,
                "f1-score": 0.5586292774719103,
                "support": 1807.0
            }
        },
        "M": {
            "0": {
                "precision": 0.6420047732696897,
                "recall": 0.855779427359491,
                "f1-score": 0.7336363636363636,
                "support": 943.0
            },
            "1": {
                "precision": 0.7527272727272727,
                "recall": 0.4791666666666667,
                "f1-score": 0.5855728429985856,
                "support": 864.0
            },
            "accuracy": 0.6757055893746541,
            "macro avg": {
                "precision": 0.6973660229984813,
                "recall": 0.6674730470130789,
                "f1-score": 0.6596046033174746,
                "support": 1807.0
            },
            "weighted avg": {
                "precision": 0.6949456916600337,
                "recall": 0.6757055893746541,
                "f1-score": 0.6628411883009789,
                "support": 1807.0
            }
        }
    },
    "final_metrics": {
        "val_f1_T": 0.37609457873603774,
        "val_f1_N": 0.5613857533213978,
        "val_f1_M": 0.6596046033174746,
        "val_f1_mean": 0.5323616451249701
    }
}