{
    "0": {
        "precision": 0.2631578947368421,
        "recall": 0.30892448512585813,
        "f1-score": 0.28421052631578947,
        "support": 437.0
    },
    "1": {
        "precision": 0.538961038961039,
        "recall": 0.32936507936507936,
        "f1-score": 0.4088669950738916,
        "support": 504.0
    },
    "2": {
        "precision": 0.7583148558758315,
        "recall": 0.7990654205607477,
        "f1-score": 0.7781569965870307,
        "support": 428.0
    },
    "3": {
        "precision": 0.6205607476635514,
        "recall": 0.7579908675799086,
        "f1-score": 0.6824254881808839,
        "support": 438.0
    },
    "accuracy": 0.539568345323741,
    "macro avg": {
        "precision": 0.545248634309316,
        "recall": 0.5488364631578985,
        "f1-score": 0.5384150015393989,
        "support": 1807.0
    },
    "weighted avg": {
        "precision": 0.543995976440429,
        "recall": 0.539568345323741,
        "f1-score": 0.5324972461979621,
        "support": 1807.0
    }
}