{
    "train_metrics": [],
    "val_metrics": [],
    "hyperparameters": {
        "learning_rate": 0.00018288104180760954,
        "batch_size": 32,
        "weight_decay": 0.0038801501739814527,
        "trainable_layers": 3,
        "dropout_rate": 0.24609524058509116,
        "optimizer": "Adam",
        "scheduler": "CosineAnnealingLR",
        "label_smoothing": 0.060118149476253054,
        "T_max": 9,
        "eta_min": 6.520926547840726e-05
    },
    "class_weights": {
        "T": [
            1.020164132118225,
            0.9987770915031433,
            0.9719483256340027,
            1.010427713394165
        ],
        "N": [
            1.005452036857605,
            0.9579423666000366,
            1.0827651023864746,
            0.9634310603141785
        ],
        "M": [
            0.9742671847343445,
            1.027129054069519
        ]
    },
    "classification_reports": {
        "T": {
            "0": {
                "precision": 0.20588235294117646,
                "recall": 0.16587677725118483,
                "f1-score": 0.1837270341207349,
                "support": 422.0
            },
            "1": {
                "precision": 0.21596858638743455,
                "recall": 0.4094292803970223,
                "f1-score": 0.2827763496143959,
                "support": 403.0
            },
            "2": {
                "precision": 0.4067796610169492,
                "recall": 0.045112781954887216,
                "f1-score": 0.08121827411167512,
                "support": 532.0
            },
            "3": {
                "precision": 0.42857142857142855,
                "recall": 0.6133333333333333,
                "f1-score": 0.5045703839122486,
                "support": 450.0
            },
            "accuracy": 0.29607083563918096,
            "macro avg": {
                "precision": 0.3143005072292472,
                "recall": 0.30843804323410695,
                "f1-score": 0.2630730104397636,
                "support": 1807.0
            },
            "weighted avg": {
                "precision": 0.3227347071242238,
                "recall": 0.29607083563918096,
                "f1-score": 0.2555376158724265,
                "support": 1807.0
            }
        },
        "N": {
            "0": {
                "precision": 0.3993435448577681,
                "recall": 0.8352402745995423,
                "f1-score": 0.540340488527017,
                "support": 437.0
            },
            "1": {
                "precision": 0.7276422764227642,
                "recall": 0.3551587301587302,
                "f1-score": 0.47733333333333333,
                "support": 504.0
            },
            "2": {
                "precision": 0.8604651162790697,
                "recall": 0.6915887850467289,
                "f1-score": 0.7668393782383419,
                "support": 428.0
            },
            "3": {
                "precision": 0.7491749174917491,
                "recall": 0.5182648401826484,
                "f1-score": 0.6126855600539811,
                "support": 438.0
            },
            "accuracy": 0.5904814609850582,
            "macro avg": {
                "precision": 0.6841564637628378,
                "recall": 0.6000631574969124,
                "f1-score": 0.5992996900381684,
                "support": 1807.0
            },
            "weighted avg": {
                "precision": 0.6849266851404238,
                "recall": 0.5904814609850582,
                "f1-score": 0.5939503722611845,
                "support": 1807.0
            }
        },
        "M": {
            "0": {
                "precision": 0.6254125412541254,
                "recall": 0.8038176033934252,
                "f1-score": 0.7034802784222738,
                "support": 943.0
            },
            "1": {
                "precision": 0.6890756302521008,
                "recall": 0.47453703703703703,
                "f1-score": 0.5620287868403016,
                "support": 864.0
            },
            "accuracy": 0.6463752075262866,
            "macro avg": {
                "precision": 0.6572440857531131,
                "recall": 0.6391773202152311,
                "f1-score": 0.6327545326312877,
                "support": 1807.0
            },
            "weighted avg": {
                "precision": 0.6558524465636167,
                "recall": 0.6463752075262866,
                "f1-score": 0.635846582391934,
                "support": 1807.0
            }
        }
    },
    "final_metrics": {
        "val_f1_T": 0.2630730104397636,
        "val_f1_N": 0.5992996900381684,
        "val_f1_M": 0.6327545326312877,
        "val_f1_mean": 0.49837574436973986
    }
}