{
    "0": {
        "precision": 0.35792349726775957,
        "recall": 0.3104265402843602,
        "f1-score": 0.33248730964467005,
        "support": 422.0
    },
    "1": {
        "precision": 0.22099447513812154,
        "recall": 0.19851116625310175,
        "f1-score": 0.20915032679738563,
        "support": 403.0
    },
    "2": {
        "precision": 0.6225961538461539,
        "recall": 0.4868421052631579,
        "f1-score": 0.5464135021097046,
        "support": 532.0
    },
    "3": {
        "precision": 0.38763197586727,
        "recall": 0.5711111111111111,
        "f1-score": 0.4618149146451033,
        "support": 450.0
    },
    "accuracy": 0.40232429441062534,
    "macro avg": {
        "precision": 0.39728652552982624,
        "recall": 0.39172273072793273,
        "f1-score": 0.38746651329921594,
        "support": 1807.0
    },
    "weighted avg": {
        "precision": 0.41270616066080956,
        "recall": 0.40232429441062534,
        "f1-score": 0.40016929777645627,
        "support": 1807.0
    }
}