{
    "0": {
        "precision": 0.6580645161290323,
        "recall": 0.7571580063626723,
        "f1-score": 0.7041420118343196,
        "support": 943.0
    },
    "1": {
        "precision": 0.682825484764543,
        "recall": 0.5706018518518519,
        "f1-score": 0.6216897856242118,
        "support": 864.0
    },
    "accuracy": 0.6679579413392362,
    "macro avg": {
        "precision": 0.6704450004467877,
        "recall": 0.6638799291072621,
        "f1-score": 0.6629158987292657,
        "support": 1807.0
    },
    "weighted avg": {
        "precision": 0.6699037396492764,
        "recall": 0.6679579413392362,
        "f1-score": 0.6647182578522869,
        "support": 1807.0
    }
}