{
    "0": {
        "precision": 0.6127527216174183,
        "recall": 0.8356309650053022,
        "f1-score": 0.7070435172723194,
        "support": 943.0
    },
    "1": {
        "precision": 0.7024952015355086,
        "recall": 0.4236111111111111,
        "f1-score": 0.5285198555956678,
        "support": 864.0
    },
    "accuracy": 0.6386275594908688,
    "macro avg": {
        "precision": 0.6576239615764634,
        "recall": 0.6296210380582067,
        "f1-score": 0.6177816864339936,
        "support": 1807.0
    },
    "weighted avg": {
        "precision": 0.6556622416225263,
        "recall": 0.6386275594908688,
        "f1-score": 0.6216841129067262,
        "support": 1807.0
    }
}