{
    "0": {
        "precision": 0.6470588235294118,
        "recall": 0.8165429480381761,
        "f1-score": 0.7219878105954055,
        "support": 943.0
    },
    "1": {
        "precision": 0.7196110210696921,
        "recall": 0.5138888888888888,
        "f1-score": 0.599594868332208,
        "support": 864.0
    },
    "accuracy": 0.6718317653569452,
    "macro avg": {
        "precision": 0.683334922299552,
        "recall": 0.6652159184635325,
        "f1-score": 0.6607913394638067,
        "support": 1807.0
    },
    "weighted avg": {
        "precision": 0.6817489722149692,
        "recall": 0.6718317653569452,
        "f1-score": 0.6634667800943527,
        "support": 1807.0
    }
}