{
    "train_metrics": [],
    "val_metrics": [],
    "hyperparameters": {
        "learning_rate": 3.0095889785698927e-05,
        "batch_size": 32,
        "weight_decay": 0.0014719942202891885,
        "trainable_layers": 2,
        "dropout_rate": 0.2456627543976591,
        "optimizer": "Adam",
        "scheduler": "CosineAnnealingLR",
        "label_smoothing": 0.0032837272230199777,
        "T_max": 7,
        "eta_min": 1.0769946898576602e-05
    },
    "class_weights": {
        "T": [
            1.020164132118225,
            0.9987770915031433,
            0.9719483256340027,
            1.010427713394165
        ],
        "N": [
            1.005452036857605,
            0.9579423666000366,
            1.0827651023864746,
            0.9634310603141785
        ],
        "M": [
            0.9742671847343445,
            1.027129054069519
        ]
    },
    "classification_reports": {
        "T": {
            "0": {
                "precision": 0.37616822429906543,
                "recall": 0.3815165876777251,
                "f1-score": 0.3788235294117647,
                "support": 422.0
            },
            "1": {
                "precision": 0.1935483870967742,
                "recall": 0.17866004962779156,
                "f1-score": 0.18580645161290324,
                "support": 403.0
            },
            "2": {
                "precision": 0.6790830945558739,
                "recall": 0.44548872180451127,
                "f1-score": 0.5380249716231555,
                "support": 532.0
            },
            "3": {
                "precision": 0.3905775075987842,
                "recall": 0.5711111111111111,
                "f1-score": 0.463898916967509,
                "support": 450.0
            },
            "accuracy": 0.40232429441062534,
            "macro avg": {
                "precision": 0.40984430338762445,
                "recall": 0.3941941175552848,
                "f1-score": 0.3916384674038331,
                "support": 1807.0
            },
            "weighted avg": {
                "precision": 0.42820978161449,
                "recall": 0.40232429441062534,
                "f1-score": 0.40383360650285693,
                "support": 1807.0
            }
        },
        "N": {
            "0": {
                "precision": 0.3261390887290168,
                "recall": 0.3112128146453089,
                "f1-score": 0.3185011709601874,
                "support": 437.0
            },
            "1": {
                "precision": 0.5903361344537815,
                "recall": 0.5575396825396826,
                "f1-score": 0.573469387755102,
                "support": 504.0
            },
            "2": {
                "precision": 0.7893462469733656,
                "recall": 0.7616822429906542,
                "f1-score": 0.7752675386444708,
                "support": 428.0
            },
            "3": {
                "precision": 0.624750499001996,
                "recall": 0.7146118721461188,
                "f1-score": 0.6666666666666666,
                "support": 438.0
            },
            "accuracy": 0.5843940232429441,
            "macro avg": {
                "precision": 0.58264299228954,
                "recall": 0.5862616530804412,
                "f1-score": 0.5834761910066067,
                "support": 1807.0
            },
            "weighted avg": {
                "precision": 0.5819220286700393,
                "recall": 0.5843940232429441,
                "f1-score": 0.5821959544427265,
                "support": 1807.0
            }
        },
        "M": {
            "0": {
                "precision": 0.6579185520361991,
                "recall": 0.7709437963944857,
                "f1-score": 0.7099609375,
                "support": 943.0
            },
            "1": {
                "precision": 0.6923076923076923,
                "recall": 0.5625,
                "f1-score": 0.6206896551724138,
                "support": 864.0
            },
            "accuracy": 0.6712783619258439,
            "macro avg": {
                "precision": 0.6751131221719457,
                "recall": 0.6667218981972429,
                "f1-score": 0.6653252963362069,
                "support": 1807.0
            },
            "weighted avg": {
                "precision": 0.6743613949773004,
                "recall": 0.6712783619258439,
                "f1-score": 0.6672767161767933,
                "support": 1807.0
            }
        }
    },
    "final_metrics": {
        "val_f1_T": 0.3916384674038331,
        "val_f1_N": 0.5834761910066067,
        "val_f1_M": 0.6653252963362069,
        "val_f1_mean": 0.5468133182488822
    }
}