{
    "0": {
        "precision": 0.24358974358974358,
        "recall": 0.21739130434782608,
        "f1-score": 0.22974607013301088,
        "support": 437.0
    },
    "1": {
        "precision": 0.5882352941176471,
        "recall": 0.5357142857142857,
        "f1-score": 0.5607476635514018,
        "support": 504.0
    },
    "2": {
        "precision": 0.8025316455696202,
        "recall": 0.7406542056074766,
        "f1-score": 0.7703523693803159,
        "support": 428.0
    },
    "3": {
        "precision": 0.5612788632326821,
        "recall": 0.7214611872146118,
        "f1-score": 0.6313686313686314,
        "support": 438.0
    },
    "accuracy": 0.5522966242390703,
    "macro avg": {
        "precision": 0.5489088866274232,
        "recall": 0.55380524572105,
        "f1-score": 0.54805368360834,
        "support": 1807.0
    },
    "weighted avg": {
        "precision": 0.5491106765820278,
        "recall": 0.5522966242390703,
        "f1-score": 0.5474632704550461,
        "support": 1807.0
    }
}