{
    "train_metrics": [],
    "val_metrics": [],
    "hyperparameters": {
        "learning_rate": 2.315386396031948e-05,
        "batch_size": 32,
        "weight_decay": 0.0016020313453120997,
        "trainable_layers": 2,
        "dropout_rate": 0.24003327984224276,
        "optimizer": "SGD",
        "scheduler": "CosineAnnealingLR",
        "label_smoothing": 0.027796315351564387,
        "momentum": 0.8790044136568922,
        "T_max": 7,
        "eta_min": 1.5067214303823998e-05
    },
    "class_weights": {
        "T": [
            1.020164132118225,
            0.9987770915031433,
            0.9719483256340027,
            1.010427713394165
        ],
        "N": [
            1.005452036857605,
            0.9579423666000366,
            1.0827651023864746,
            0.9634310603141785
        ],
        "M": [
            0.9742671847343445,
            1.027129054069519
        ]
    },
    "classification_reports": {
        "T": {
            "0": {
                "precision": 0.18867924528301888,
                "recall": 0.0947867298578199,
                "f1-score": 0.12618296529968454,
                "support": 422.0
            },
            "1": {
                "precision": 0.1735357917570499,
                "recall": 0.19851116625310175,
                "f1-score": 0.18518518518518517,
                "support": 403.0
            },
            "2": {
                "precision": 0.6675062972292192,
                "recall": 0.4981203007518797,
                "f1-score": 0.5705059203444564,
                "support": 532.0
            },
            "3": {
                "precision": 0.4843962008141113,
                "recall": 0.7933333333333333,
                "f1-score": 0.6015164279696714,
                "support": 450.0
            },
            "accuracy": 0.41062534587714444,
            "macro avg": {
                "precision": 0.37852938377084977,
                "recall": 0.3961878825490337,
                "f1-score": 0.37084762469974936,
                "support": 1807.0
            },
            "weighted avg": {
                "precision": 0.399916550127183,
                "recall": 0.41062534587714444,
                "f1-score": 0.3885281589350854,
                "support": 1807.0
            }
        },
        "N": {
            "0": {
                "precision": 0.1111111111111111,
                "recall": 0.02517162471395881,
                "f1-score": 0.041044776119402986,
                "support": 437.0
            },
            "1": {
                "precision": 0.5836298932384342,
                "recall": 0.6507936507936508,
                "f1-score": 0.6153846153846154,
                "support": 504.0
            },
            "2": {
                "precision": 0.6635220125786163,
                "recall": 0.985981308411215,
                "f1-score": 0.793233082706767,
                "support": 428.0
            },
            "3": {
                "precision": 0.5470588235294118,
                "recall": 0.636986301369863,
                "f1-score": 0.5886075949367089,
                "support": 438.0
            },
            "accuracy": 0.5755395683453237,
            "macro avg": {
                "precision": 0.47633046011439334,
                "recall": 0.574733221322172,
                "f1-score": 0.5095675172868736,
                "support": 1807.0
            },
            "weighted avg": {
                "precision": 0.47941572099460794,
                "recall": 0.5755395683453237,
                "f1-score": 0.5121219143878252,
                "support": 1807.0
            }
        },
        "M": {
            "0": {
                "precision": 0.6416861826697893,
                "recall": 0.8716861081654295,
                "f1-score": 0.7392086330935251,
                "support": 943.0
            },
            "1": {
                "precision": 0.7699619771863118,
                "recall": 0.46875,
                "f1-score": 0.5827338129496403,
                "support": 864.0
            },
            "accuracy": 0.6790260099612617,
            "macro avg": {
                "precision": 0.7058240799280505,
                "recall": 0.6702180540827147,
                "f1-score": 0.6609712230215827,
                "support": 1807.0
            },
            "weighted avg": {
                "precision": 0.7030200434679494,
                "recall": 0.6790260099612617,
                "f1-score": 0.6643916742643516,
                "support": 1807.0
            }
        }
    },
    "final_metrics": {
        "val_f1_T": 0.37084762469974936,
        "val_f1_N": 0.5095675172868736,
        "val_f1_M": 0.6609712230215827,
        "val_f1_mean": 0.5137954550027352
    }
}