{
    "0": {
        "precision": 0.3111111111111111,
        "recall": 0.26540284360189575,
        "f1-score": 0.2864450127877238,
        "support": 422.0
    },
    "1": {
        "precision": 0.12582781456953643,
        "recall": 0.141439205955335,
        "f1-score": 0.13317757009345793,
        "support": 403.0
    },
    "2": {
        "precision": 0.513189448441247,
        "recall": 0.40225563909774437,
        "f1-score": 0.45100105374077976,
        "support": 532.0
    },
    "3": {
        "precision": 0.45753899480069327,
        "recall": 0.5866666666666667,
        "f1-score": 0.5141187925998053,
        "support": 450.0
    },
    "accuracy": 0.3580520199225235,
    "macro avg": {
        "precision": 0.35191684223064695,
        "recall": 0.3489410888304104,
        "f1-score": 0.3461856073054417,
        "support": 1807.0
    },
    "weighted avg": {
        "precision": 0.36574810868371194,
        "recall": 0.3580520199225235,
        "f1-score": 0.3574080649718263,
        "support": 1807.0
    }
}