{
    "0": {
        "precision": 0.649641577060932,
        "recall": 0.7688229056203606,
        "f1-score": 0.704225352112676,
        "support": 943.0
    },
    "1": {
        "precision": 0.6845151953690304,
        "recall": 0.5474537037037037,
        "f1-score": 0.6083601286173633,
        "support": 864.0
    },
    "accuracy": 0.6629773104593248,
    "macro avg": {
        "precision": 0.6670783862149812,
        "recall": 0.6581383046620322,
        "f1-score": 0.6562927403650196,
        "support": 1807.0
    },
    "weighted avg": {
        "precision": 0.6663160686039297,
        "recall": 0.6629773104593248,
        "f1-score": 0.6583883000374408,
        "support": 1807.0
    }
}