{
    "0": {
        "precision": 0.6298533218291631,
        "recall": 0.7741251325556734,
        "f1-score": 0.6945765937202664,
        "support": 943.0
    },
    "1": {
        "precision": 0.6712962962962963,
        "recall": 0.5034722222222222,
        "f1-score": 0.5753968253968254,
        "support": 864.0
    },
    "accuracy": 0.6447149972329829,
    "macro avg": {
        "precision": 0.6505748090627297,
        "recall": 0.6387986773889478,
        "f1-score": 0.6349867095585459,
        "support": 1807.0
    },
    "weighted avg": {
        "precision": 0.649668889034256,
        "recall": 0.6447149972329829,
        "f1-score": 0.6375919120205138,
        "support": 1807.0
    }
}