{
    "train_metrics": [],
    "val_metrics": [],
    "hyperparameters": {
        "learning_rate": 2.2728782449141937e-05,
        "batch_size": 16,
        "weight_decay": 0.0013435041042785872,
        "trainable_layers": 4,
        "dropout_rate": 0.19974262716713645,
        "optimizer": "Adam",
        "scheduler": "CosineAnnealingLR",
        "label_smoothing": 0.058867933815394874,
        "T_max": 6,
        "eta_min": 3.858082009860214e-05
    },
    "class_weights": {
        "T": [
            1.020164132118225,
            0.9987770915031433,
            0.9719483256340027,
            1.010427713394165
        ],
        "N": [
            1.005452036857605,
            0.9579423666000366,
            1.0827651023864746,
            0.9634310603141785
        ],
        "M": [
            0.9742671847343445,
            1.027129054069519
        ]
    },
    "classification_reports": {
        "T": {
            "0": {
                "precision": 0.3504273504273504,
                "recall": 0.0971563981042654,
                "f1-score": 0.15213358070500926,
                "support": 422.0
            },
            "1": {
                "precision": 0.13447432762836187,
                "recall": 0.13647642679900746,
                "f1-score": 0.1354679802955665,
                "support": 403.0
            },
            "2": {
                "precision": 0.7055702917771883,
                "recall": 0.5,
                "f1-score": 0.5852585258525853,
                "support": 532.0
            },
            "3": {
                "precision": 0.3639380530973451,
                "recall": 0.7311111111111112,
                "f1-score": 0.4859675036927622,
                "support": 450.0
            },
            "accuracy": 0.38240177089097954,
            "macro avg": {
                "precision": 0.38860250573256144,
                "recall": 0.36618598400359603,
                "f1-score": 0.3397068976364808,
                "support": 1807.0
            },
            "weighted avg": {
                "precision": 0.41018761208292265,
                "recall": 0.38240177089097954,
                "f1-score": 0.35906855535802196,
                "support": 1807.0
            }
        },
        "N": {
            "0": {
                "precision": 0.20437956204379562,
                "recall": 0.2562929061784897,
                "f1-score": 0.22741116751269036,
                "support": 437.0
            },
            "1": {
                "precision": 0.5012919896640827,
                "recall": 0.38492063492063494,
                "f1-score": 0.43546576879910215,
                "support": 504.0
            },
            "2": {
                "precision": 0.6455938697318008,
                "recall": 0.7873831775700935,
                "f1-score": 0.7094736842105264,
                "support": 428.0
            },
            "3": {
                "precision": 0.78,
                "recall": 0.6232876712328768,
                "f1-score": 0.6928934010152284,
                "support": 438.0
            },
            "accuracy": 0.5069175428887659,
            "macro avg": {
                "precision": 0.5328163553599198,
                "recall": 0.5129710974755237,
                "f1-score": 0.5163110053843868,
                "support": 1807.0
            },
            "weighted avg": {
                "precision": 0.5312225830929979,
                "recall": 0.5069175428887659,
                "f1-score": 0.5124490725869223,
                "support": 1807.0
            }
        },
        "M": {
            "0": {
                "precision": 0.6371814092953523,
                "recall": 0.9013785790031813,
                "f1-score": 0.7465963987703118,
                "support": 943.0
            },
            "1": {
                "precision": 0.8033826638477801,
                "recall": 0.4398148148148148,
                "f1-score": 0.5684367988032909,
                "support": 864.0
            },
            "accuracy": 0.6806862202545656,
            "macro avg": {
                "precision": 0.7202820365715662,
                "recall": 0.670596696908998,
                "f1-score": 0.6575165987868014,
                "support": 1807.0
            },
            "weighted avg": {
                "precision": 0.7166489709629215,
                "recall": 0.6806862202545656,
                "f1-score": 0.6614110670760639,
                "support": 1807.0
            }
        }
    },
    "final_metrics": {
        "val_f1_T": 0.3397068976364808,
        "val_f1_N": 0.5163110053843868,
        "val_f1_M": 0.6575165987868014,
        "val_f1_mean": 0.5045115006025563
    }
}