{
    "0": {
        "precision": 0.25654450261780104,
        "recall": 0.33638443935926776,
        "f1-score": 0.29108910891089107,
        "support": 437.0
    },
    "1": {
        "precision": 0.3488372093023256,
        "recall": 0.1488095238095238,
        "f1-score": 0.2086230876216968,
        "support": 504.0
    },
    "2": {
        "precision": 0.7891304347826087,
        "recall": 0.8481308411214953,
        "f1-score": 0.8175675675675675,
        "support": 428.0
    },
    "3": {
        "precision": 0.5885509838998211,
        "recall": 0.7511415525114156,
        "f1-score": 0.6599799398194583,
        "support": 438.0
    },
    "accuracy": 0.5058107360265633,
    "macro avg": {
        "precision": 0.4957657826506391,
        "recall": 0.5211165892004257,
        "f1-score": 0.49431492597990345,
        "support": 1807.0
    },
    "weighted avg": {
        "precision": 0.48890816722049213,
        "recall": 0.5058107360265633,
        "f1-score": 0.4822037129580721,
        "support": 1807.0
    }
}