{
    "0": {
        "precision": 0.31116389548693585,
        "recall": 0.2997711670480549,
        "f1-score": 0.30536130536130535,
        "support": 437.0
    },
    "1": {
        "precision": 0.590778097982709,
        "recall": 0.40674603174603174,
        "f1-score": 0.481786133960047,
        "support": 504.0
    },
    "2": {
        "precision": 0.7334801762114538,
        "recall": 0.7780373831775701,
        "f1-score": 0.7551020408163265,
        "support": 428.0
    },
    "3": {
        "precision": 0.5914529914529915,
        "recall": 0.7899543378995434,
        "f1-score": 0.6764418377321603,
        "support": 438.0
    },
    "accuracy": 0.5617044825677919,
    "macro avg": {
        "precision": 0.5567187902835226,
        "recall": 0.5686272299678,
        "f1-score": 0.5546728294674598,
        "support": 1807.0
    },
    "weighted avg": {
        "precision": 0.5571204811211892,
        "recall": 0.5617044825677919,
        "f1-score": 0.5510394578610005,
        "support": 1807.0
    }
}