{
    "0": {
        "precision": 0.6245210727969349,
        "recall": 0.8642629904559915,
        "f1-score": 0.7250889679715302,
        "support": 943.0
    },
    "1": {
        "precision": 0.7450199203187251,
        "recall": 0.43287037037037035,
        "f1-score": 0.5475841874084919,
        "support": 864.0
    },
    "accuracy": 0.6579966795794134,
    "macro avg": {
        "precision": 0.6847704965578301,
        "recall": 0.6485666804131809,
        "f1-score": 0.6363365776900111,
        "support": 1807.0
    },
    "weighted avg": {
        "precision": 0.6821364597691688,
        "recall": 0.6579966795794134,
        "f1-score": 0.6402167319967292,
        "support": 1807.0
    }
}