{
    "0": {
        "precision": 0.3233256351039261,
        "recall": 0.32036613272311215,
        "f1-score": 0.3218390804597701,
        "support": 437.0
    },
    "1": {
        "precision": 0.5879396984924623,
        "recall": 0.4642857142857143,
        "f1-score": 0.5188470066518847,
        "support": 504.0
    },
    "2": {
        "precision": 0.7695852534562212,
        "recall": 0.780373831775701,
        "f1-score": 0.7749419953596288,
        "support": 428.0
    },
    "3": {
        "precision": 0.5996309963099631,
        "recall": 0.7420091324200914,
        "f1-score": 0.6632653061224489,
        "support": 438.0
    },
    "accuracy": 0.5716657443276149,
    "macro avg": {
        "precision": 0.5701203958406431,
        "recall": 0.5767587028011547,
        "f1-score": 0.5697233471484331,
        "support": 1807.0
    },
    "weighted avg": {
        "precision": 0.5698039709151319,
        "recall": 0.5716657443276149,
        "f1-score": 0.5668666007797584,
        "support": 1807.0
    }
}