{
    "0": {
        "precision": 0.31137724550898205,
        "recall": 0.24644549763033174,
        "f1-score": 0.2751322751322751,
        "support": 422.0
    },
    "1": {
        "precision": 0.1731266149870801,
        "recall": 0.1662531017369727,
        "f1-score": 0.16962025316455695,
        "support": 403.0
    },
    "2": {
        "precision": 0.6643990929705216,
        "recall": 0.5507518796992481,
        "f1-score": 0.6022610483042138,
        "support": 532.0
    },
    "3": {
        "precision": 0.3953488372093023,
        "recall": 0.5666666666666667,
        "f1-score": 0.4657534246575342,
        "support": 450.0
    },
    "accuracy": 0.39789706696181515,
    "macro avg": {
        "precision": 0.38606294766897153,
        "recall": 0.3825292864333048,
        "f1-score": 0.378191750314645,
        "support": 1807.0
    },
    "weighted avg": {
        "precision": 0.4053893290808452,
        "recall": 0.39789706696181515,
        "f1-score": 0.39538168285825603,
        "support": 1807.0
    }
}