{
    "0": {
        "precision": 0.3146067415730337,
        "recall": 0.2562929061784897,
        "f1-score": 0.28247162673392184,
        "support": 437.0
    },
    "1": {
        "precision": 0.504885993485342,
        "recall": 0.6150793650793651,
        "f1-score": 0.554561717352415,
        "support": 504.0
    },
    "2": {
        "precision": 0.7865707434052758,
        "recall": 0.7663551401869159,
        "f1-score": 0.7763313609467456,
        "support": 428.0
    },
    "3": {
        "precision": 0.44761904761904764,
        "recall": 0.4292237442922374,
        "f1-score": 0.4382284382284382,
        "support": 438.0
    },
    "accuracy": 0.5190924183729939,
    "macro avg": {
        "precision": 0.5134206315206749,
        "recall": 0.516737788934252,
        "f1-score": 0.5128982858153801,
        "support": 1807.0
    },
    "weighted avg": {
        "precision": 0.5117073092521466,
        "recall": 0.5190924183729939,
        "f1-score": 0.5130896983163276,
        "support": 1807.0
    }
}