{
    "0": {
        "precision": 0.5952197378565921,
        "recall": 0.8186638388123012,
        "f1-score": 0.6892857142857143,
        "support": 943.0
    },
    "1": {
        "precision": 0.6647058823529411,
        "recall": 0.3923611111111111,
        "f1-score": 0.49344978165938863,
        "support": 864.0
    },
    "accuracy": 0.6148312119535141,
    "macro avg": {
        "precision": 0.6299628101047666,
        "recall": 0.6055124749617061,
        "f1-score": 0.5913677479725514,
        "support": 1807.0
    },
    "weighted avg": {
        "precision": 0.6284438822090247,
        "recall": 0.6148312119535141,
        "f1-score": 0.5956486109159603,
        "support": 1807.0
    }
}