{
    "train_metrics": [],
    "val_metrics": [],
    "hyperparameters": {
        "learning_rate": 5.0685750957244136e-05,
        "batch_size": 32,
        "weight_decay": 0.0008224966892384175,
        "trainable_layers": 3,
        "dropout_rate": 0.24154086585529258,
        "optimizer": "RMSprop",
        "scheduler": "CosineAnnealingLR",
        "label_smoothing": 0.12457374487633682,
        "T_max": 7,
        "eta_min": 4.346762493716619e-06
    },
    "class_weights": {
        "T": [
            1.020164132118225,
            0.9987770915031433,
            0.9719483256340027,
            1.010427713394165
        ],
        "N": [
            1.005452036857605,
            0.9579423666000366,
            1.0827651023864746,
            0.9634310603141785
        ],
        "M": [
            0.9742671847343445,
            1.027129054069519
        ]
    },
    "classification_reports": {
        "T": {
            "0": {
                "precision": 0.11956521739130435,
                "recall": 0.10426540284360189,
                "f1-score": 0.11139240506329114,
                "support": 422.0
            },
            "1": {
                "precision": 0.11042944785276074,
                "recall": 0.08933002481389578,
                "f1-score": 0.09876543209876543,
                "support": 403.0
            },
            "2": {
                "precision": 0.6786516853932584,
                "recall": 0.5676691729323309,
                "f1-score": 0.6182190378710338,
                "support": 532.0
            },
            "3": {
                "precision": 0.4101796407185629,
                "recall": 0.6088888888888889,
                "f1-score": 0.49016100178890876,
                "support": 450.0
            },
            "accuracy": 0.36303265080243496,
            "macro avg": {
                "precision": 0.3297064978389716,
                "recall": 0.3425383723696793,
                "f1-score": 0.32963446920549977,
                "support": 1807.0
            },
            "weighted avg": {
                "precision": 0.3545008988247702,
                "recall": 0.36303265080243496,
                "f1-score": 0.35211679193409534,
                "support": 1807.0
            }
        },
        "N": {
            "0": {
                "precision": 0.24853228962818003,
                "recall": 0.2906178489702517,
                "f1-score": 0.2679324894514768,
                "support": 437.0
            },
            "1": {
                "precision": 0.3968253968253968,
                "recall": 0.1984126984126984,
                "f1-score": 0.26455026455026454,
                "support": 504.0
            },
            "2": {
                "precision": 0.7033398821218074,
                "recall": 0.8364485981308412,
                "f1-score": 0.7641408751334045,
                "support": 428.0
            },
            "3": {
                "precision": 0.6523364485981309,
                "recall": 0.7968036529680366,
                "f1-score": 0.7173689619732785,
                "support": 438.0
            },
            "accuracy": 0.5168788046485888,
            "macro avg": {
                "precision": 0.5002585042933787,
                "recall": 0.530570699620457,
                "f1-score": 0.5034981477771061,
                "support": 1807.0
            },
            "weighted avg": {
                "precision": 0.4954960955183341,
                "recall": 0.5168788046485888,
                "f1-score": 0.4934586226480475,
                "support": 1807.0
            }
        },
        "M": {
            "0": {
                "precision": 0.6035141329258976,
                "recall": 0.8377518557794273,
                "f1-score": 0.7015985790408525,
                "support": 943.0
            },
            "1": {
                "precision": 0.6927710843373494,
                "recall": 0.3993055555555556,
                "f1-score": 0.5066079295154186,
                "support": 864.0
            },
            "accuracy": 0.6281128942999447,
            "macro avg": {
                "precision": 0.6481426086316235,
                "recall": 0.6185287056674915,
                "f1-score": 0.6041032542781355,
                "support": 1807.0
            },
            "weighted avg": {
                "precision": 0.6461915020567743,
                "recall": 0.6281128942999447,
                "f1-score": 0.6083656398100971,
                "support": 1807.0
            }
        }
    },
    "final_metrics": {
        "val_f1_T": 0.32963446920549977,
        "val_f1_N": 0.5034981477771061,
        "val_f1_M": 0.6041032542781355,
        "val_f1_mean": 0.47907862375358046
    }
}