{
    "train_metrics": [],
    "val_metrics": [],
    "hyperparameters": {
        "learning_rate": 1.7071443423018813e-05,
        "batch_size": 16,
        "weight_decay": 0.009682925230174753,
        "trainable_layers": 2,
        "dropout_rate": 0.2851081863754261,
        "optimizer": "Adam",
        "scheduler": "CosineAnnealingLR",
        "label_smoothing": 0.008304196922092437,
        "T_max": 6,
        "eta_min": 1.5235093427380684e-05
    },
    "class_weights": {
        "T": [
            1.020164132118225,
            0.9987770915031433,
            0.9719483256340027,
            1.010427713394165
        ],
        "N": [
            1.005452036857605,
            0.9579423666000366,
            1.0827651023864746,
            0.9634310603141785
        ],
        "M": [
            0.9742671847343445,
            1.027129054069519
        ]
    },
    "classification_reports": {
        "T": {
            "0": {
                "precision": 0.35501355013550134,
                "recall": 0.3104265402843602,
                "f1-score": 0.33122629582806573,
                "support": 422.0
            },
            "1": {
                "precision": 0.22841225626740946,
                "recall": 0.20347394540942929,
                "f1-score": 0.2152230971128609,
                "support": 403.0
            },
            "2": {
                "precision": 0.5610278372591007,
                "recall": 0.4924812030075188,
                "f1-score": 0.5245245245245245,
                "support": 532.0
            },
            "3": {
                "precision": 0.3937908496732026,
                "recall": 0.5355555555555556,
                "f1-score": 0.4538606403013183,
                "support": 450.0
            },
            "accuracy": 0.39623685666851133,
            "macro avg": {
                "precision": 0.3845611233338035,
                "recall": 0.38548431106421593,
                "f1-score": 0.38120863944169237,
                "support": 1807.0
            },
            "weighted avg": {
                "precision": 0.3970882950789874,
                "recall": 0.39623685666851133,
                "f1-score": 0.39280395138824953,
                "support": 1807.0
            }
        },
        "N": {
            "0": {
                "precision": 0.3228915662650602,
                "recall": 0.30663615560640733,
                "f1-score": 0.3145539906103286,
                "support": 437.0
            },
            "1": {
                "precision": 0.6174334140435835,
                "recall": 0.5059523809523809,
                "f1-score": 0.5561613958560524,
                "support": 504.0
            },
            "2": {
                "precision": 0.8251928020565553,
                "recall": 0.75,
                "f1-score": 0.7858017135862914,
                "support": 428.0
            },
            "3": {
                "precision": 0.576271186440678,
                "recall": 0.776255707762557,
                "f1-score": 0.6614785992217899,
                "support": 438.0
            },
            "accuracy": 0.5810736026563365,
            "macro avg": {
                "precision": 0.5854472422014693,
                "recall": 0.5847110610803363,
                "f1-score": 0.5794989248186155,
                "support": 1807.0
            },
            "weighted avg": {
                "precision": 0.5854340642374212,
                "recall": 0.5810736026563365,
                "f1-score": 0.577651465015075,
                "support": 1807.0
            }
        },
        "M": {
            "0": {
                "precision": 0.6532534246575342,
                "recall": 0.809119830328738,
                "f1-score": 0.7228801515869256,
                "support": 943.0
            },
            "1": {
                "precision": 0.7183098591549296,
                "recall": 0.53125,
                "f1-score": 0.6107784431137725,
                "support": 864.0
            },
            "accuracy": 0.6762589928057554,
            "macro avg": {
                "precision": 0.6857816419062319,
                "recall": 0.6701849151643691,
                "f1-score": 0.6668292973503491,
                "support": 1807.0
            },
            "weighted avg": {
                "precision": 0.6843595449706219,
                "recall": 0.6762589928057554,
                "f1-score": 0.6692797774193527,
                "support": 1807.0
            }
        }
    },
    "final_metrics": {
        "val_f1_T": 0.38120863944169237,
        "val_f1_N": 0.5794989248186155,
        "val_f1_M": 0.6668292973503491,
        "val_f1_mean": 0.5425122872035524
    }
}