{
    "train_metrics": [],
    "val_metrics": [],
    "hyperparameters": {
        "learning_rate": 0.0005821478118398969,
        "batch_size": 16,
        "weight_decay": 0.0041333207643184594,
        "trainable_layers": 2,
        "dropout_rate": 0.28539857230730103,
        "optimizer": "Adam",
        "scheduler": "ReduceLROnPlateau",
        "label_smoothing": 0.09793270039588307,
        "factor": 0.4447189511928628,
        "patience": 3
    },
    "class_weights": {
        "T": [
            1.020164132118225,
            0.9987770915031433,
            0.9719483256340027,
            1.010427713394165
        ],
        "N": [
            1.005452036857605,
            0.9579423666000366,
            1.0827651023864746,
            0.9634310603141785
        ],
        "M": [
            0.9742671847343445,
            1.027129054069519
        ]
    },
    "classification_reports": {
        "T": {
            "0": {
                "precision": 0.3184713375796178,
                "recall": 0.47393364928909953,
                "f1-score": 0.38095238095238093,
                "support": 422.0
            },
            "1": {
                "precision": 0.31896551724137934,
                "recall": 0.09181141439205956,
                "f1-score": 0.14258188824662812,
                "support": 403.0
            },
            "2": {
                "precision": 0.617363344051447,
                "recall": 0.3609022556390977,
                "f1-score": 0.4555160142348754,
                "support": 532.0
            },
            "3": {
                "precision": 0.3816489361702128,
                "recall": 0.6377777777777778,
                "f1-score": 0.47753743760399336,
                "support": 450.0
            },
            "accuracy": 0.39623685666851133,
            "macro avg": {
                "precision": 0.4091122837606642,
                "recall": 0.3911062742745086,
                "f1-score": 0.3641469302594694,
                "support": 1807.0
            },
            "weighted avg": {
                "precision": 0.4223117477691423,
                "recall": 0.39623685666851133,
                "f1-score": 0.3737956680797159,
                "support": 1807.0
            }
        },
        "N": {
            "0": {
                "precision": 0.5219298245614035,
                "recall": 0.2723112128146453,
                "f1-score": 0.35789473684210527,
                "support": 437.0
            },
            "1": {
                "precision": 0.5896656534954408,
                "recall": 0.7698412698412699,
                "f1-score": 0.6678141135972461,
                "support": 504.0
            },
            "2": {
                "precision": 0.6213114754098361,
                "recall": 0.8855140186915887,
                "f1-score": 0.7302504816955684,
                "support": 428.0
            },
            "3": {
                "precision": 0.6077170418006431,
                "recall": 0.4315068493150685,
                "f1-score": 0.5046728971962616,
                "support": 438.0
            },
            "accuracy": 0.5949086884338682,
            "macro avg": {
                "precision": 0.5851559988168309,
                "recall": 0.5897933376656431,
                "f1-score": 0.5651580573327953,
                "support": 1807.0
            },
            "weighted avg": {
                "precision": 0.5851556162031694,
                "recall": 0.5949086884338682,
                "f1-score": 0.5681086045327493,
                "support": 1807.0
            }
        },
        "M": {
            "0": {
                "precision": 0.8531375166889186,
                "recall": 0.6776246023329798,
                "f1-score": 0.7553191489361702,
                "support": 943.0
            },
            "1": {
                "precision": 0.7126654064272212,
                "recall": 0.8726851851851852,
                "f1-score": 0.7845993756503642,
                "support": 864.0
            },
            "accuracy": 0.770890979524073,
            "macro avg": {
                "precision": 0.7829014615580698,
                "recall": 0.7751548937590825,
                "f1-score": 0.7699592622932672,
                "support": 1807.0
            },
            "weighted avg": {
                "precision": 0.7859721025958879,
                "recall": 0.770890979524073,
                "f1-score": 0.7693192130651484,
                "support": 1807.0
            }
        }
    },
    "final_metrics": {
        "val_f1_T": 0.3641469302594694,
        "val_f1_N": 0.5651580573327953,
        "val_f1_M": 0.7699592622932672,
        "val_f1_mean": 0.5664214166285106
    }
}