{
    "0": {
        "precision": 0.28761061946902655,
        "recall": 0.2974828375286041,
        "f1-score": 0.2924634420697413,
        "support": 437.0
    },
    "1": {
        "precision": 0.5483870967741935,
        "recall": 0.3373015873015873,
        "f1-score": 0.4176904176904177,
        "support": 504.0
    },
    "2": {
        "precision": 0.7775229357798165,
        "recall": 0.7920560747663551,
        "f1-score": 0.7847222222222222,
        "support": 428.0
    },
    "3": {
        "precision": 0.5533661740558292,
        "recall": 0.769406392694064,
        "f1-score": 0.6437440305635148,
        "support": 438.0
    },
    "accuracy": 0.5401217487548423,
    "macro avg": {
        "precision": 0.5417217065197164,
        "recall": 0.5490617230726527,
        "f1-score": 0.534655028136474,
        "support": 1807.0
    },
    "weighted avg": {
        "precision": 0.540800851263073,
        "recall": 0.5401217487548423,
        "f1-score": 0.5291330886543321,
        "support": 1807.0
    }
}