{
    "0": {
        "precision": 0.2904761904761905,
        "recall": 0.2791762013729977,
        "f1-score": 0.2847141190198366,
        "support": 437.0
    },
    "1": {
        "precision": 0.5703125,
        "recall": 0.43452380952380953,
        "f1-score": 0.49324324324324326,
        "support": 504.0
    },
    "2": {
        "precision": 0.7827102803738317,
        "recall": 0.7827102803738317,
        "f1-score": 0.7827102803738317,
        "support": 428.0
    },
    "3": {
        "precision": 0.5965217391304348,
        "recall": 0.7831050228310502,
        "f1-score": 0.6771964461994077,
        "support": 438.0
    },
    "accuracy": 0.563918096292197,
    "macro avg": {
        "precision": 0.5600051774951142,
        "recall": 0.5698788285254223,
        "f1-score": 0.5594660222090798,
        "support": 1807.0
    },
    "weighted avg": {
        "precision": 0.5592983491849616,
        "recall": 0.563918096292197,
        "f1-score": 0.5559638672062002,
        "support": 1807.0
    }
}