{
    "0": {
        "precision": 0.40425531914893614,
        "recall": 0.4052132701421801,
        "f1-score": 0.40473372781065087,
        "support": 422.0
    },
    "1": {
        "precision": 0.11375661375661375,
        "recall": 0.10669975186104218,
        "f1-score": 0.11011523687580026,
        "support": 403.0
    },
    "2": {
        "precision": 0.5750708215297451,
        "recall": 0.3815789473684211,
        "f1-score": 0.45875706214689266,
        "support": 532.0
    },
    "3": {
        "precision": 0.40888208269525267,
        "recall": 0.5933333333333334,
        "f1-score": 0.4841341795104261,
        "support": 450.0
    },
    "accuracy": 0.3785279468732706,
    "macro avg": {
        "precision": 0.3754912092826369,
        "recall": 0.3717063256762442,
        "f1-score": 0.36443505158594247,
        "support": 1807.0
    },
    "weighted avg": {
        "precision": 0.39090994703456255,
        "recall": 0.3785279468732706,
        "f1-score": 0.37470570638565626,
        "support": 1807.0
    }
}