{
    "0": {
        "precision": 0.2072072072072072,
        "recall": 0.05263157894736842,
        "f1-score": 0.08394160583941605,
        "support": 437.0
    },
    "1": {
        "precision": 0.6367265469061876,
        "recall": 0.6329365079365079,
        "f1-score": 0.6348258706467662,
        "support": 504.0
    },
    "2": {
        "precision": 0.6426426426426426,
        "recall": 1.0,
        "f1-score": 0.7824497257769653,
        "support": 428.0
    },
    "3": {
        "precision": 0.5689981096408318,
        "recall": 0.6872146118721462,
        "f1-score": 0.6225439503619442,
        "support": 438.0
    },
    "accuracy": 0.5926950747094631,
    "macro avg": {
        "precision": 0.5138936265992172,
        "recall": 0.5931956746890056,
        "f1-score": 0.5309402881562729,
        "support": 1807.0
    },
    "weighted avg": {
        "precision": 0.517837272973992,
        "recall": 0.5926950747094631,
        "f1-score": 0.5335901789977132,
        "support": 1807.0
    }
}