{
    "0": {
        "precision": 0.3228915662650602,
        "recall": 0.30663615560640733,
        "f1-score": 0.3145539906103286,
        "support": 437.0
    },
    "1": {
        "precision": 0.6174334140435835,
        "recall": 0.5059523809523809,
        "f1-score": 0.5561613958560524,
        "support": 504.0
    },
    "2": {
        "precision": 0.8251928020565553,
        "recall": 0.75,
        "f1-score": 0.7858017135862914,
        "support": 428.0
    },
    "3": {
        "precision": 0.576271186440678,
        "recall": 0.776255707762557,
        "f1-score": 0.6614785992217899,
        "support": 438.0
    },
    "accuracy": 0.5810736026563365,
    "macro avg": {
        "precision": 0.5854472422014693,
        "recall": 0.5847110610803363,
        "f1-score": 0.5794989248186155,
        "support": 1807.0
    },
    "weighted avg": {
        "precision": 0.5854340642374212,
        "recall": 0.5810736026563365,
        "f1-score": 0.577651465015075,
        "support": 1807.0
    }
}