{
    "0": {
        "precision": 0.6428571428571429,
        "recall": 0.8398727465535525,
        "f1-score": 0.7282758620689656,
        "support": 943.0
    },
    "1": {
        "precision": 0.7373913043478261,
        "recall": 0.49074074074074076,
        "f1-score": 0.5892981236970118,
        "support": 864.0
    },
    "accuracy": 0.6729385722191478,
    "macro avg": {
        "precision": 0.6901242236024845,
        "recall": 0.6653067436471466,
        "f1-score": 0.6587869928829887,
        "support": 1807.0
    },
    "weighted avg": {
        "precision": 0.6880577601941381,
        "recall": 0.6729385722191478,
        "f1-score": 0.6618249677948271,
        "support": 1807.0
    }
}