{
    "train_metrics": [],
    "val_metrics": [],
    "hyperparameters": {
        "learning_rate": 3.212758003804936e-05,
        "batch_size": 16,
        "weight_decay": 0.009469261694408896,
        "trainable_layers": 2,
        "dropout_rate": 0.29534002952953425,
        "optimizer": "Adam",
        "scheduler": "CosineAnnealingLR",
        "label_smoothing": 0.028682169050629265,
        "T_max": 7,
        "eta_min": 5.635711216298685e-05
    },
    "class_weights": {
        "T": [
            1.020164132118225,
            0.9987770915031433,
            0.9719483256340027,
            1.010427713394165
        ],
        "N": [
            1.005452036857605,
            0.9579423666000366,
            1.0827651023864746,
            0.9634310603141785
        ],
        "M": [
            0.9742671847343445,
            1.027129054069519
        ]
    },
    "classification_reports": {
        "T": {
            "0": {
                "precision": 0.375,
                "recall": 0.31990521327014215,
                "f1-score": 0.3452685421994885,
                "support": 422.0
            },
            "1": {
                "precision": 0.16129032258064516,
                "recall": 0.18610421836228289,
                "f1-score": 0.1728110599078341,
                "support": 403.0
            },
            "2": {
                "precision": 0.7403508771929824,
                "recall": 0.3966165413533835,
                "f1-score": 0.5165238678090576,
                "support": 532.0
            },
            "3": {
                "precision": 0.41750358680057387,
                "recall": 0.6466666666666666,
                "f1-score": 0.5074106364428945,
                "support": 450.0
            },
            "accuracy": 0.39402324294410623,
            "macro avg": {
                "precision": 0.42353619664355036,
                "recall": 0.38732315991311883,
                "f1-score": 0.3855035265898187,
                "support": 1807.0
            },
            "weighted avg": {
                "precision": 0.44548604356775034,
                "recall": 0.39402324294410623,
                "f1-score": 0.39760468512715136,
                "support": 1807.0
            }
        },
        "N": {
            "0": {
                "precision": 0.2978723404255319,
                "recall": 0.28832951945080093,
                "f1-score": 0.2930232558139535,
                "support": 437.0
            },
            "1": {
                "precision": 0.5880681818181818,
                "recall": 0.4107142857142857,
                "f1-score": 0.48364485981308414,
                "support": 504.0
            },
            "2": {
                "precision": 0.7814569536423841,
                "recall": 0.8271028037383178,
                "f1-score": 0.8036322360953462,
                "support": 428.0
            },
            "3": {
                "precision": 0.5699481865284974,
                "recall": 0.7534246575342466,
                "f1-score": 0.6489675516224189,
                "support": 438.0
            },
            "accuracy": 0.5628112894299945,
            "macro avg": {
                "precision": 0.5593364156036489,
                "recall": 0.5698928166094127,
                "f1-score": 0.5573169758362007,
                "support": 1807.0
            },
            "weighted avg": {
                "precision": 0.5593013050695869,
                "recall": 0.5628112894299945,
                "f1-score": 0.5534092732683562,
                "support": 1807.0
            }
        },
        "M": {
            "0": {
                "precision": 0.6041666666666666,
                "recall": 0.8303287380699894,
                "f1-score": 0.6994193836534167,
                "support": 943.0
            },
            "1": {
                "precision": 0.6868884540117417,
                "recall": 0.40625,
                "f1-score": 0.5105454545454545,
                "support": 864.0
            },
            "accuracy": 0.6275594908688434,
            "macro avg": {
                "precision": 0.6455275603392041,
                "recall": 0.6182893690349947,
                "f1-score": 0.6049824190994356,
                "support": 1807.0
            },
            "weighted avg": {
                "precision": 0.6437193087619321,
                "recall": 0.6275594908688434,
                "f1-score": 0.6091110965757857,
                "support": 1807.0
            }
        }
    },
    "final_metrics": {
        "val_f1_T": 0.3855035265898187,
        "val_f1_N": 0.5573169758362007,
        "val_f1_M": 0.6049824190994356,
        "val_f1_mean": 0.5159343071751517
    }
}