{
    "train_metrics": [],
    "val_metrics": [],
    "hyperparameters": {
        "learning_rate": 3.8428751196647115e-05,
        "batch_size": 32,
        "weight_decay": 0.001488654217783181,
        "trainable_layers": 2,
        "dropout_rate": 0.22522230985667088,
        "optimizer": "Adam",
        "scheduler": "StepLR",
        "label_smoothing": 0.0007973476663270065,
        "step_size": 5,
        "gamma": 0.5943926275573391
    },
    "class_weights": {
        "T": [
            1.020164132118225,
            0.9987770915031433,
            0.9719483256340027,
            1.010427713394165
        ],
        "N": [
            1.005452036857605,
            0.9579423666000366,
            1.0827651023864746,
            0.9634310603141785
        ],
        "M": [
            0.9742671847343445,
            1.027129054069519
        ]
    },
    "classification_reports": {
        "T": {
            "0": {
                "precision": 0.41911764705882354,
                "recall": 0.4052132701421801,
                "f1-score": 0.41204819277108434,
                "support": 422.0
            },
            "1": {
                "precision": 0.16568047337278108,
                "recall": 0.13895781637717122,
                "f1-score": 0.15114709851551958,
                "support": 403.0
            },
            "2": {
                "precision": 0.6658653846153846,
                "recall": 0.5206766917293233,
                "f1-score": 0.5843881856540084,
                "support": 532.0
            },
            "3": {
                "precision": 0.3953488372093023,
                "recall": 0.5666666666666667,
                "f1-score": 0.4657534246575342,
                "support": 450.0
            },
            "accuracy": 0.4200332042058661,
            "macro avg": {
                "precision": 0.4115030855640729,
                "recall": 0.40787861122883534,
                "f1-score": 0.40333422539953667,
                "support": 1807.0
            },
            "weighted avg": {
                "precision": 0.4293216597607222,
                "recall": 0.4200332042058661,
                "f1-score": 0.41797463968731313,
                "support": 1807.0
            }
        },
        "N": {
            "0": {
                "precision": 0.3022222222222222,
                "recall": 0.3112128146453089,
                "f1-score": 0.30665163472378804,
                "support": 437.0
            },
            "1": {
                "precision": 0.5990783410138248,
                "recall": 0.5158730158730159,
                "f1-score": 0.5543710021321961,
                "support": 504.0
            },
            "2": {
                "precision": 0.8054862842892768,
                "recall": 0.7546728971962616,
                "f1-score": 0.7792521109770808,
                "support": 428.0
            },
            "3": {
                "precision": 0.6245210727969349,
                "recall": 0.7442922374429224,
                "f1-score": 0.6791666666666667,
                "support": 438.0
            },
            "accuracy": 0.5783065855008301,
            "macro avg": {
                "precision": 0.5828269800805647,
                "recall": 0.5815127412893772,
                "f1-score": 0.5798603536249329,
                "support": 1807.0
            },
            "weighted avg": {
                "precision": 0.5823436383746248,
                "recall": 0.5783065855008301,
                "f1-score": 0.5779771183990664,
                "support": 1807.0
            }
        },
        "M": {
            "0": {
                "precision": 0.6241721854304636,
                "recall": 0.799575821845175,
                "f1-score": 0.701069270106927,
                "support": 943.0
            },
            "1": {
                "precision": 0.6844741235392321,
                "recall": 0.47453703703703703,
                "f1-score": 0.5604921394395078,
                "support": 864.0
            },
            "accuracy": 0.6441615938018815,
            "macro avg": {
                "precision": 0.6543231544848478,
                "recall": 0.637056429441106,
                "f1-score": 0.6307807047732175,
                "support": 1807.0
            },
            "weighted avg": {
                "precision": 0.6530049881565156,
                "recall": 0.6441615938018815,
                "f1-score": 0.6338536414978233,
                "support": 1807.0
            }
        }
    },
    "final_metrics": {
        "val_f1_T": 0.40333422539953667,
        "val_f1_N": 0.5798603536249329,
        "val_f1_M": 0.6307807047732175,
        "val_f1_mean": 0.5379917612658957
    }
}