{
    "0": {
        "precision": 0.21379310344827587,
        "recall": 0.14691943127962084,
        "f1-score": 0.17415730337078653,
        "support": 422.0
    },
    "1": {
        "precision": 0.1575984990619137,
        "recall": 0.20843672456575682,
        "f1-score": 0.1794871794871795,
        "support": 403.0
    },
    "2": {
        "precision": 0.7248677248677249,
        "recall": 0.5150375939849624,
        "f1-score": 0.6021978021978022,
        "support": 532.0
    },
    "3": {
        "precision": 0.4306930693069307,
        "recall": 0.58,
        "f1-score": 0.4943181818181818,
        "support": 450.0
    },
    "accuracy": 0.3768677365799668,
    "macro avg": {
        "precision": 0.38173809917121126,
        "recall": 0.362598437457585,
        "f1-score": 0.3625401167184875,
        "support": 1807.0
    },
    "weighted avg": {
        "precision": 0.4057412261178041,
        "recall": 0.3768677365799668,
        "f1-score": 0.3810958095977962,
        "support": 1807.0
    }
}