{
    "0": {
        "precision": 0.288135593220339,
        "recall": 0.2334096109839817,
        "f1-score": 0.2579013906447535,
        "support": 437.0
    },
    "1": {
        "precision": 0.5991091314031181,
        "recall": 0.5337301587301587,
        "f1-score": 0.5645330535152151,
        "support": 504.0
    },
    "2": {
        "precision": 0.7675544794188862,
        "recall": 0.7406542056074766,
        "f1-score": 0.7538644470868014,
        "support": 428.0
    },
    "3": {
        "precision": 0.5702199661590525,
        "recall": 0.769406392694064,
        "f1-score": 0.6550048590864918,
        "support": 438.0
    },
    "accuracy": 0.5672385168788047,
    "macro avg": {
        "precision": 0.5562547925503489,
        "recall": 0.5693000920039203,
        "f1-score": 0.5578259375833154,
        "support": 1807.0
    },
    "weighted avg": {
        "precision": 0.5567990696366397,
        "recall": 0.5672385168788047,
        "f1-score": 0.5571520079227781,
        "support": 1807.0
    }
}