{
    "train_metrics": [],
    "val_metrics": [],
    "hyperparameters": {
        "learning_rate": 2.781537209252741e-05,
        "batch_size": 32,
        "weight_decay": 0.0009587612599371542,
        "trainable_layers": 3,
        "dropout_rate": 0.26107328862543727,
        "optimizer": "Adam",
        "scheduler": "StepLR",
        "label_smoothing": 0.03455723799748645,
        "step_size": 3,
        "gamma": 0.8398770580467642
    },
    "class_weights": {
        "T": [
            1.020164132118225,
            0.9987770915031433,
            0.9719483256340027,
            1.010427713394165
        ],
        "N": [
            1.005452036857605,
            0.9579423666000366,
            1.0827651023864746,
            0.9634310603141785
        ],
        "M": [
            0.9742671847343445,
            1.027129054069519
        ]
    },
    "classification_reports": {
        "T": {
            "0": {
                "precision": 0.2744479495268139,
                "recall": 0.20616113744075829,
                "f1-score": 0.2354533152909337,
                "support": 422.0
            },
            "1": {
                "precision": 0.19413092550790068,
                "recall": 0.21339950372208435,
                "f1-score": 0.2033096926713948,
                "support": 403.0
            },
            "2": {
                "precision": 0.662269129287599,
                "recall": 0.4718045112781955,
                "f1-score": 0.5510428100987925,
                "support": 532.0
            },
            "3": {
                "precision": 0.3787425149700599,
                "recall": 0.5622222222222222,
                "f1-score": 0.4525939177101968,
                "support": 450.0
            },
            "accuracy": 0.3746541228555617,
            "macro avg": {
                "precision": 0.37739762982309333,
                "recall": 0.3633968436658151,
                "f1-score": 0.36059993394282946,
                "support": 1807.0
            },
            "weighted avg": {
                "precision": 0.3966868324280737,
                "recall": 0.3746541228555617,
                "f1-score": 0.3752723537030948,
                "support": 1807.0
            }
        },
        "N": {
            "0": {
                "precision": 0.2731182795698925,
                "recall": 0.2906178489702517,
                "f1-score": 0.28159645232815966,
                "support": 437.0
            },
            "1": {
                "precision": 0.49201277955271566,
                "recall": 0.3055555555555556,
                "f1-score": 0.3769889840881273,
                "support": 504.0
            },
            "2": {
                "precision": 0.7909090909090909,
                "recall": 0.8130841121495327,
                "f1-score": 0.8018433179723502,
                "support": 428.0
            },
            "3": {
                "precision": 0.6179966044142614,
                "recall": 0.8310502283105022,
                "f1-score": 0.7088607594936709,
                "support": 438.0
            },
            "accuracy": 0.5495296070835639,
            "macro avg": {
                "precision": 0.5435091886114901,
                "recall": 0.5600769362464606,
                "f1-score": 0.5423223784705771,
                "support": 1807.0
            },
            "weighted avg": {
                "precision": 0.5404088172159098,
                "recall": 0.5495296070835639,
                "f1-score": 0.5349917268390789,
                "support": 1807.0
            }
        },
        "M": {
            "0": {
                "precision": 0.6439873417721519,
                "recall": 0.8632025450689289,
                "f1-score": 0.737652922519257,
                "support": 943.0
            },
            "1": {
                "precision": 0.7624309392265194,
                "recall": 0.4791666666666667,
                "f1-score": 0.5884861407249466,
                "support": 864.0
            },
            "accuracy": 0.679579413392363,
            "macro avg": {
                "precision": 0.7032091404993357,
                "recall": 0.6711846058677978,
                "f1-score": 0.6630695316221018,
                "support": 1807.0
            },
            "weighted avg": {
                "precision": 0.7006200303170181,
                "recall": 0.679579413392363,
                "f1-score": 0.6663302332717284,
                "support": 1807.0
            }
        }
    },
    "final_metrics": {
        "val_f1_T": 0.36059993394282946,
        "val_f1_N": 0.5423223784705771,
        "val_f1_M": 0.6630695316221018,
        "val_f1_mean": 0.5219972813451694
    }
}