{
    "0": {
        "precision": 0.6492659053833605,
        "recall": 0.8441145281018028,
        "f1-score": 0.7339787920700783,
        "support": 943.0
    },
    "1": {
        "precision": 0.7469879518072289,
        "recall": 0.5023148148148148,
        "f1-score": 0.6006920415224913,
        "support": 864.0
    },
    "accuracy": 0.6806862202545656,
    "macro avg": {
        "precision": 0.6981269285952947,
        "recall": 0.6732146714583087,
        "f1-score": 0.6673354167962848,
        "support": 1807.0
    },
    "weighted avg": {
        "precision": 0.695990779821779,
        "recall": 0.6806862202545656,
        "f1-score": 0.6702489899266831,
        "support": 1807.0
    }
}