{
    "train_metrics": [],
    "val_metrics": [],
    "hyperparameters": {
        "learning_rate": 4.997139169942237e-05,
        "batch_size": 32,
        "weight_decay": 0.0005535031342392575,
        "trainable_layers": 2,
        "dropout_rate": 0.20557652368423784,
        "optimizer": "Adam",
        "scheduler": "CosineAnnealingLR",
        "label_smoothing": 0.020142570719456403,
        "T_max": 7,
        "eta_min": 1.9817297170043653e-06
    },
    "class_weights": {
        "T": [
            1.020164132118225,
            0.9987770915031433,
            0.9719483256340027,
            1.010427713394165
        ],
        "N": [
            1.005452036857605,
            0.9579423666000366,
            1.0827651023864746,
            0.9634310603141785
        ],
        "M": [
            0.9742671847343445,
            1.027129054069519
        ]
    },
    "classification_reports": {
        "T": {
            "0": {
                "precision": 0.4337748344370861,
                "recall": 0.3104265402843602,
                "f1-score": 0.36187845303867405,
                "support": 422.0
            },
            "1": {
                "precision": 0.1992619926199262,
                "recall": 0.2679900744416873,
                "f1-score": 0.22857142857142856,
                "support": 403.0
            },
            "2": {
                "precision": 0.6005747126436781,
                "recall": 0.39285714285714285,
                "f1-score": 0.475,
                "support": 532.0
            },
            "3": {
                "precision": 0.44227642276422763,
                "recall": 0.6044444444444445,
                "f1-score": 0.5107981220657277,
                "support": 450.0
            },
            "accuracy": 0.3984504703929164,
            "macro avg": {
                "precision": 0.4189719906162295,
                "recall": 0.3939295505069087,
                "f1-score": 0.3940620009189576,
                "support": 1807.0
            },
            "weighted avg": {
                "precision": 0.43269822940156044,
                "recall": 0.3984504703929164,
                "f1-score": 0.40253798994254764,
                "support": 1807.0
            }
        },
        "N": {
            "0": {
                "precision": 0.2631578947368421,
                "recall": 0.30892448512585813,
                "f1-score": 0.28421052631578947,
                "support": 437.0
            },
            "1": {
                "precision": 0.538961038961039,
                "recall": 0.32936507936507936,
                "f1-score": 0.4088669950738916,
                "support": 504.0
            },
            "2": {
                "precision": 0.7583148558758315,
                "recall": 0.7990654205607477,
                "f1-score": 0.7781569965870307,
                "support": 428.0
            },
            "3": {
                "precision": 0.6205607476635514,
                "recall": 0.7579908675799086,
                "f1-score": 0.6824254881808839,
                "support": 438.0
            },
            "accuracy": 0.539568345323741,
            "macro avg": {
                "precision": 0.545248634309316,
                "recall": 0.5488364631578985,
                "f1-score": 0.5384150015393989,
                "support": 1807.0
            },
            "weighted avg": {
                "precision": 0.543995976440429,
                "recall": 0.539568345323741,
                "f1-score": 0.5324972461979621,
                "support": 1807.0
            }
        },
        "M": {
            "0": {
                "precision": 0.6428571428571429,
                "recall": 0.8398727465535525,
                "f1-score": 0.7282758620689656,
                "support": 943.0
            },
            "1": {
                "precision": 0.7373913043478261,
                "recall": 0.49074074074074076,
                "f1-score": 0.5892981236970118,
                "support": 864.0
            },
            "accuracy": 0.6729385722191478,
            "macro avg": {
                "precision": 0.6901242236024845,
                "recall": 0.6653067436471466,
                "f1-score": 0.6587869928829887,
                "support": 1807.0
            },
            "weighted avg": {
                "precision": 0.6880577601941381,
                "recall": 0.6729385722191478,
                "f1-score": 0.6618249677948271,
                "support": 1807.0
            }
        }
    },
    "final_metrics": {
        "val_f1_T": 0.3940620009189576,
        "val_f1_N": 0.5384150015393989,
        "val_f1_M": 0.6587869928829887,
        "val_f1_mean": 0.5304213317804484
    }
}