{
    "0": {
        "precision": 0.6337412587412588,
        "recall": 0.7688229056203606,
        "f1-score": 0.6947771921418304,
        "support": 943.0
    },
    "1": {
        "precision": 0.6711915535444947,
        "recall": 0.5150462962962963,
        "f1-score": 0.5828421741977734,
        "support": 864.0
    },
    "accuracy": 0.6474820143884892,
    "macro avg": {
        "precision": 0.6524664061428767,
        "recall": 0.6419346009583284,
        "f1-score": 0.6388096831698019,
        "support": 1807.0
    },
    "weighted avg": {
        "precision": 0.6516477638381021,
        "recall": 0.6474820143884892,
        "f1-score": 0.6412565194779315,
        "support": 1807.0
    }
}