{
    "0": {
        "precision": 0.28255528255528256,
        "recall": 0.2631578947368421,
        "f1-score": 0.2725118483412322,
        "support": 437.0
    },
    "1": {
        "precision": 0.599009900990099,
        "recall": 0.4801587301587302,
        "f1-score": 0.5330396475770925,
        "support": 504.0
    },
    "2": {
        "precision": 0.7832167832167832,
        "recall": 0.7850467289719626,
        "f1-score": 0.7841306884480747,
        "support": 428.0
    },
    "3": {
        "precision": 0.5784832451499118,
        "recall": 0.7488584474885844,
        "f1-score": 0.6527363184079602,
        "support": 438.0
    },
    "accuracy": 0.5650249031543996,
    "macro avg": {
        "precision": 0.5608163029780191,
        "recall": 0.5693054503390298,
        "f1-score": 0.5606046256935899,
        "support": 1807.0
    },
    "weighted avg": {
        "precision": 0.561134528593311,
        "recall": 0.5650249031543996,
        "f1-score": 0.5585202557954819,
        "support": 1807.0
    }
}