{
    "0": {
        "precision": 0.31758530183727035,
        "recall": 0.28672985781990523,
        "f1-score": 0.3013698630136986,
        "support": 422.0
    },
    "1": {
        "precision": 0.18251928020565553,
        "recall": 0.1761786600496278,
        "f1-score": 0.17929292929292928,
        "support": 403.0
    },
    "2": {
        "precision": 0.6064690026954178,
        "recall": 0.42293233082706766,
        "f1-score": 0.4983388704318937,
        "support": 532.0
    },
    "3": {
        "precision": 0.38288288288288286,
        "recall": 0.5666666666666667,
        "f1-score": 0.45698924731182794,
        "support": 450.0
    },
    "accuracy": 0.37188710570005534,
    "macro avg": {
        "precision": 0.3723641169053066,
        "recall": 0.36312687884081685,
        "f1-score": 0.3589977275125874,
        "support": 1807.0
    },
    "weighted avg": {
        "precision": 0.3887742523682716,
        "recall": 0.37188710570005534,
        "f1-score": 0.3708879762351529,
        "support": 1807.0
    }
}