{
    "0": {
        "precision": 0.6371814092953523,
        "recall": 0.9013785790031813,
        "f1-score": 0.7465963987703118,
        "support": 943.0
    },
    "1": {
        "precision": 0.8033826638477801,
        "recall": 0.4398148148148148,
        "f1-score": 0.5684367988032909,
        "support": 864.0
    },
    "accuracy": 0.6806862202545656,
    "macro avg": {
        "precision": 0.7202820365715662,
        "recall": 0.670596696908998,
        "f1-score": 0.6575165987868014,
        "support": 1807.0
    },
    "weighted avg": {
        "precision": 0.7166489709629215,
        "recall": 0.6806862202545656,
        "f1-score": 0.6614110670760639,
        "support": 1807.0
    }
}