{
    "train_metrics": [],
    "val_metrics": [],
    "hyperparameters": {
        "learning_rate": 7.731789801741319e-05,
        "batch_size": 32,
        "weight_decay": 0.0011152264964286983,
        "trainable_layers": 2,
        "dropout_rate": 0.21062531313542437,
        "optimizer": "Adam",
        "scheduler": "StepLR",
        "label_smoothing": 0.14719696301374408,
        "step_size": 4,
        "gamma": 0.6526136433995551
    },
    "class_weights": {
        "T": [
            1.020164132118225,
            0.9987770915031433,
            0.9719483256340027,
            1.010427713394165
        ],
        "N": [
            1.005452036857605,
            0.9579423666000366,
            1.0827651023864746,
            0.9634310603141785
        ],
        "M": [
            0.9742671847343445,
            1.027129054069519
        ]
    },
    "classification_reports": {
        "T": {
            "0": {
                "precision": 0.3408450704225352,
                "recall": 0.28672985781990523,
                "f1-score": 0.31145431145431146,
                "support": 422.0
            },
            "1": {
                "precision": 0.14720812182741116,
                "recall": 0.14392059553349876,
                "f1-score": 0.14554579673776663,
                "support": 403.0
            },
            "2": {
                "precision": 0.6124721603563474,
                "recall": 0.5169172932330827,
                "f1-score": 0.5606523955147809,
                "support": 532.0
            },
            "3": {
                "precision": 0.3924466338259442,
                "recall": 0.5311111111111111,
                "f1-score": 0.4513692162417375,
                "support": 450.0
            },
            "accuracy": 0.3835085777531821,
            "macro avg": {
                "precision": 0.3732429966080595,
                "recall": 0.36966971442439944,
                "f1-score": 0.3672554299871491,
                "support": 1807.0
            },
            "weighted avg": {
                "precision": 0.39048017008633545,
                "recall": 0.3835085777531821,
                "f1-score": 0.3826629204436551,
                "support": 1807.0
            }
        },
        "N": {
            "0": {
                "precision": 0.2896174863387978,
                "recall": 0.36384439359267734,
                "f1-score": 0.3225152129817444,
                "support": 437.0
            },
            "1": {
                "precision": 0.48632218844984804,
                "recall": 0.31746031746031744,
                "f1-score": 0.38415366146458585,
                "support": 504.0
            },
            "2": {
                "precision": 0.7664399092970522,
                "recall": 0.7897196261682243,
                "f1-score": 0.7779056386651323,
                "support": 428.0
            },
            "3": {
                "precision": 0.6782786885245902,
                "recall": 0.7557077625570776,
                "f1-score": 0.714902807775378,
                "support": 438.0
            },
            "accuracy": 0.5467625899280576,
            "macro avg": {
                "precision": 0.5551645681525721,
                "recall": 0.5566830249445742,
                "f1-score": 0.5498693302217101,
                "support": 1807.0
            },
            "weighted avg": {
                "precision": 0.5516278756290464,
                "recall": 0.5467625899280576,
                "f1-score": 0.5426804851164724,
                "support": 1807.0
            }
        },
        "M": {
            "0": {
                "precision": 0.6083617747440273,
                "recall": 0.7560975609756098,
                "f1-score": 0.6742316784869976,
                "support": 943.0
            },
            "1": {
                "precision": 0.6377952755905512,
                "recall": 0.46875,
                "f1-score": 0.5403602401601068,
                "support": 864.0
            },
            "accuracy": 0.6187050359712231,
            "macro avg": {
                "precision": 0.6230785251672892,
                "recall": 0.6124237804878049,
                "f1-score": 0.6072959593235522,
                "support": 1807.0
            },
            "weighted avg": {
                "precision": 0.6224351254531567,
                "recall": 0.6187050359712231,
                "f1-score": 0.6102223133987665,
                "support": 1807.0
            }
        }
    },
    "final_metrics": {
        "val_f1_T": 0.3672554299871491,
        "val_f1_N": 0.5498693302217101,
        "val_f1_M": 0.6072959593235522,
        "val_f1_mean": 0.5081402398441371
    }
}