{
    "0": {
        "precision": 0.24853228962818003,
        "recall": 0.2906178489702517,
        "f1-score": 0.2679324894514768,
        "support": 437.0
    },
    "1": {
        "precision": 0.3968253968253968,
        "recall": 0.1984126984126984,
        "f1-score": 0.26455026455026454,
        "support": 504.0
    },
    "2": {
        "precision": 0.7033398821218074,
        "recall": 0.8364485981308412,
        "f1-score": 0.7641408751334045,
        "support": 428.0
    },
    "3": {
        "precision": 0.6523364485981309,
        "recall": 0.7968036529680366,
        "f1-score": 0.7173689619732785,
        "support": 438.0
    },
    "accuracy": 0.5168788046485888,
    "macro avg": {
        "precision": 0.5002585042933787,
        "recall": 0.530570699620457,
        "f1-score": 0.5034981477771061,
        "support": 1807.0
    },
    "weighted avg": {
        "precision": 0.4954960955183341,
        "recall": 0.5168788046485888,
        "f1-score": 0.4934586226480475,
        "support": 1807.0
    }
}