{
    "0": {
        "precision": 0.6228847703464948,
        "recall": 0.8197242841993637,
        "f1-score": 0.7078754578754579,
        "support": 943.0
    },
    "1": {
        "precision": 0.6996466431095406,
        "recall": 0.4583333333333333,
        "f1-score": 0.5538461538461539,
        "support": 864.0
    },
    "accuracy": 0.646928610957388,
    "macro avg": {
        "precision": 0.6612657067280177,
        "recall": 0.6390288087663485,
        "f1-score": 0.6308608058608058,
        "support": 1807.0
    },
    "weighted avg": {
        "precision": 0.6595877355193069,
        "recall": 0.646928610957388,
        "f1-score": 0.6342277995017344,
        "support": 1807.0
    }
}