{
    "0": {
        "precision": 0.23404255319148937,
        "recall": 0.2517162471395881,
        "f1-score": 0.24255788313120177,
        "support": 437.0
    },
    "1": {
        "precision": 0.4434782608695652,
        "recall": 0.30357142857142855,
        "f1-score": 0.36042402826855124,
        "support": 504.0
    },
    "2": {
        "precision": 0.6706114398422091,
        "recall": 0.794392523364486,
        "f1-score": 0.7272727272727273,
        "support": 428.0
    },
    "3": {
        "precision": 0.6103092783505155,
        "recall": 0.6757990867579908,
        "f1-score": 0.6413867822318526,
        "support": 438.0
    },
    "accuracy": 0.4975096845600443,
    "macro avg": {
        "precision": 0.4896103830634448,
        "recall": 0.5063698214583734,
        "f1-score": 0.49291035522608323,
        "support": 1807.0
    },
    "weighted avg": {
        "precision": 0.4870651905882308,
        "recall": 0.4975096845600443,
        "f1-score": 0.4869129181327968,
        "support": 1807.0
    }
}