{
    "0": {
        "precision": 0.6336710833982853,
        "recall": 0.8621420996818664,
        "f1-score": 0.7304582210242587,
        "support": 943.0
    },
    "1": {
        "precision": 0.7519083969465649,
        "recall": 0.45601851851851855,
        "f1-score": 0.5677233429394812,
        "support": 864.0
    },
    "accuracy": 0.6679579413392362,
    "macro avg": {
        "precision": 0.692789740172425,
        "recall": 0.6590803091001924,
        "f1-score": 0.64909078198187,
        "support": 1807.0
    },
    "weighted avg": {
        "precision": 0.6902051392398534,
        "recall": 0.6679579413392362,
        "f1-score": 0.6526480745576024,
        "support": 1807.0
    }
}