{
    "0": {
        "precision": 0.6254125412541254,
        "recall": 0.8038176033934252,
        "f1-score": 0.7034802784222738,
        "support": 943.0
    },
    "1": {
        "precision": 0.6890756302521008,
        "recall": 0.47453703703703703,
        "f1-score": 0.5620287868403016,
        "support": 864.0
    },
    "accuracy": 0.6463752075262866,
    "macro avg": {
        "precision": 0.6572440857531131,
        "recall": 0.6391773202152311,
        "f1-score": 0.6327545326312877,
        "support": 1807.0
    },
    "weighted avg": {
        "precision": 0.6558524465636167,
        "recall": 0.6463752075262866,
        "f1-score": 0.635846582391934,
        "support": 1807.0
    }
}