{
    "0": {
        "precision": 0.38190954773869346,
        "recall": 0.36018957345971564,
        "f1-score": 0.37073170731707317,
        "support": 422.0
    },
    "1": {
        "precision": 0.125,
        "recall": 0.10173697270471464,
        "f1-score": 0.1121751025991792,
        "support": 403.0
    },
    "2": {
        "precision": 0.6563245823389021,
        "recall": 0.5169172932330827,
        "f1-score": 0.5783385909568874,
        "support": 532.0
    },
    "3": {
        "precision": 0.38972809667673713,
        "recall": 0.5733333333333334,
        "f1-score": 0.46402877697841727,
        "support": 450.0
    },
    "accuracy": 0.40177089097952406,
    "macro avg": {
        "precision": 0.38824055668858315,
        "recall": 0.3880442931827116,
        "f1-score": 0.38131854446288926,
        "support": 1807.0
    },
    "weighted avg": {
        "precision": 0.4073509410373859,
        "recall": 0.40177089097952406,
        "f1-score": 0.39742358985314113,
        "support": 1807.0
    }
}