{
    "train_metrics": [],
    "val_metrics": [],
    "hyperparameters": {
        "learning_rate": 2.1216907439465558e-05,
        "batch_size": 32,
        "weight_decay": 0.00016928692545957214,
        "trainable_layers": 2,
        "dropout_rate": 0.18546868019504525,
        "optimizer": "Adam",
        "scheduler": "StepLR",
        "label_smoothing": 0.04985514680621067,
        "step_size": 2,
        "gamma": 0.7563580561789542
    },
    "class_weights": {
        "T": [
            1.020164132118225,
            0.9987770915031433,
            0.9719483256340027,
            1.010427713394165
        ],
        "N": [
            1.005452036857605,
            0.9579423666000366,
            1.0827651023864746,
            0.9634310603141785
        ],
        "M": [
            0.9742671847343445,
            1.027129054069519
        ]
    },
    "classification_reports": {
        "T": {
            "0": {
                "precision": 0.38190954773869346,
                "recall": 0.36018957345971564,
                "f1-score": 0.37073170731707317,
                "support": 422.0
            },
            "1": {
                "precision": 0.125,
                "recall": 0.10173697270471464,
                "f1-score": 0.1121751025991792,
                "support": 403.0
            },
            "2": {
                "precision": 0.6563245823389021,
                "recall": 0.5169172932330827,
                "f1-score": 0.5783385909568874,
                "support": 532.0
            },
            "3": {
                "precision": 0.38972809667673713,
                "recall": 0.5733333333333334,
                "f1-score": 0.46402877697841727,
                "support": 450.0
            },
            "accuracy": 0.40177089097952406,
            "macro avg": {
                "precision": 0.38824055668858315,
                "recall": 0.3880442931827116,
                "f1-score": 0.38131854446288926,
                "support": 1807.0
            },
            "weighted avg": {
                "precision": 0.4073509410373859,
                "recall": 0.40177089097952406,
                "f1-score": 0.39742358985314113,
                "support": 1807.0
            }
        },
        "N": {
            "0": {
                "precision": 0.24358974358974358,
                "recall": 0.21739130434782608,
                "f1-score": 0.22974607013301088,
                "support": 437.0
            },
            "1": {
                "precision": 0.5882352941176471,
                "recall": 0.5357142857142857,
                "f1-score": 0.5607476635514018,
                "support": 504.0
            },
            "2": {
                "precision": 0.8025316455696202,
                "recall": 0.7406542056074766,
                "f1-score": 0.7703523693803159,
                "support": 428.0
            },
            "3": {
                "precision": 0.5612788632326821,
                "recall": 0.7214611872146118,
                "f1-score": 0.6313686313686314,
                "support": 438.0
            },
            "accuracy": 0.5522966242390703,
            "macro avg": {
                "precision": 0.5489088866274232,
                "recall": 0.55380524572105,
                "f1-score": 0.54805368360834,
                "support": 1807.0
            },
            "weighted avg": {
                "precision": 0.5491106765820278,
                "recall": 0.5522966242390703,
                "f1-score": 0.5474632704550461,
                "support": 1807.0
            }
        },
        "M": {
            "0": {
                "precision": 0.6300813008130082,
                "recall": 0.8218451749734889,
                "f1-score": 0.7132995858260469,
                "support": 943.0
            },
            "1": {
                "precision": 0.708838821490468,
                "recall": 0.47337962962962965,
                "f1-score": 0.5676613462873005,
                "support": 864.0
            },
            "accuracy": 0.655229662423907,
            "macro avg": {
                "precision": 0.6694600611517381,
                "recall": 0.6476124023015593,
                "f1-score": 0.6404804660566736,
                "support": 1807.0
            },
            "weighted avg": {
                "precision": 0.6677384662061046,
                "recall": 0.655229662423907,
                "f1-score": 0.6436640357643553,
                "support": 1807.0
            }
        }
    },
    "final_metrics": {
        "val_f1_T": 0.38131854446288926,
        "val_f1_N": 0.54805368360834,
        "val_f1_M": 0.6404804660566736,
        "val_f1_mean": 0.5232842313759676
    }
}