{
    "0": {
        "precision": 0.38235294117647056,
        "recall": 0.3080568720379147,
        "f1-score": 0.34120734908136485,
        "support": 422.0
    },
    "1": {
        "precision": 0.138801261829653,
        "recall": 0.10918114143920596,
        "f1-score": 0.12222222222222222,
        "support": 403.0
    },
    "2": {
        "precision": 0.7346278317152104,
        "recall": 0.4266917293233083,
        "f1-score": 0.539833531510107,
        "support": 532.0
    },
    "3": {
        "precision": 0.34720570749108204,
        "recall": 0.6488888888888888,
        "f1-score": 0.45236250968241676,
        "support": 450.0
    },
    "accuracy": 0.3835085777531821,
    "macro avg": {
        "precision": 0.40074693555310403,
        "recall": 0.37320465792232943,
        "f1-score": 0.36390640312402767,
        "support": 1807.0
    },
    "weighted avg": {
        "precision": 0.4229963611163805,
        "recall": 0.3835085777531821,
        "f1-score": 0.3785277393405401,
        "support": 1807.0
    }
}