{
    "0": {
        "precision": 0.2155688622754491,
        "recall": 0.08530805687203792,
        "f1-score": 0.12224108658743633,
        "support": 422.0
    },
    "1": {
        "precision": 0.14918032786885246,
        "recall": 0.22580645161290322,
        "f1-score": 0.17966436327739388,
        "support": 403.0
    },
    "2": {
        "precision": 0.632258064516129,
        "recall": 0.3684210526315789,
        "f1-score": 0.4655581947743468,
        "support": 532.0
    },
    "3": {
        "precision": 0.45555555555555555,
        "recall": 0.7288888888888889,
        "f1-score": 0.5606837606837607,
        "support": 450.0
    },
    "accuracy": 0.3602656336469286,
    "macro avg": {
        "precision": 0.3631407025539965,
        "recall": 0.35210611250135226,
        "f1-score": 0.3320368513307344,
        "support": 1807.0
    },
    "weighted avg": {
        "precision": 0.3832047716292018,
        "recall": 0.3602656336469286,
        "f1-score": 0.34530997723759416,
        "support": 1807.0
    }
}