{
    "0": {
        "precision": 0.6300813008130082,
        "recall": 0.8218451749734889,
        "f1-score": 0.7132995858260469,
        "support": 943.0
    },
    "1": {
        "precision": 0.708838821490468,
        "recall": 0.47337962962962965,
        "f1-score": 0.5676613462873005,
        "support": 864.0
    },
    "accuracy": 0.655229662423907,
    "macro avg": {
        "precision": 0.6694600611517381,
        "recall": 0.6476124023015593,
        "f1-score": 0.6404804660566736,
        "support": 1807.0
    },
    "weighted avg": {
        "precision": 0.6677384662061046,
        "recall": 0.655229662423907,
        "f1-score": 0.6436640357643553,
        "support": 1807.0
    }
}