{
    "0": {
        "precision": 0.43669250645994834,
        "recall": 0.4004739336492891,
        "f1-score": 0.4177997527812114,
        "support": 422.0
    },
    "1": {
        "precision": 0.2273781902552204,
        "recall": 0.24317617866004962,
        "f1-score": 0.23501199040767387,
        "support": 403.0
    },
    "2": {
        "precision": 0.6848958333333334,
        "recall": 0.4943609022556391,
        "f1-score": 0.574235807860262,
        "support": 532.0
    },
    "3": {
        "precision": 0.4115702479338843,
        "recall": 0.5533333333333333,
        "f1-score": 0.4720379146919431,
        "support": 450.0
    },
    "accuracy": 0.4311012728278915,
    "macro avg": {
        "precision": 0.4401341944955966,
        "recall": 0.42283608697457775,
        "f1-score": 0.4247713664352726,
        "support": 1807.0
    },
    "weighted avg": {
        "precision": 0.45682835821944295,
        "recall": 0.4311012728278915,
        "f1-score": 0.43659758671886967,
        "support": 1807.0
    }
}