{
    "0": {
        "precision": 0.11618257261410789,
        "recall": 0.06635071090047394,
        "f1-score": 0.08446455505279035,
        "support": 422.0
    },
    "1": {
        "precision": 0.125,
        "recall": 0.1315136476426799,
        "f1-score": 0.12817412333736397,
        "support": 403.0
    },
    "2": {
        "precision": 0.6501457725947521,
        "recall": 0.4191729323308271,
        "f1-score": 0.5097142857142857,
        "support": 532.0
    },
    "3": {
        "precision": 0.3742177722152691,
        "recall": 0.6644444444444444,
        "f1-score": 0.4787830264211369,
        "support": 450.0
    },
    "accuracy": 0.3337022689540675,
    "macro avg": {
        "precision": 0.3163865293560323,
        "recall": 0.32037043382960634,
        "f1-score": 0.30028399763139424,
        "support": 1807.0
    },
    "weighted avg": {
        "precision": 0.3396123930052201,
        "recall": 0.3337022689540675,
        "f1-score": 0.3176085090352777,
        "support": 1807.0
    }
}