{
    "0": {
        "precision": 0.6241721854304636,
        "recall": 0.799575821845175,
        "f1-score": 0.701069270106927,
        "support": 943.0
    },
    "1": {
        "precision": 0.6844741235392321,
        "recall": 0.47453703703703703,
        "f1-score": 0.5604921394395078,
        "support": 864.0
    },
    "accuracy": 0.6441615938018815,
    "macro avg": {
        "precision": 0.6543231544848478,
        "recall": 0.637056429441106,
        "f1-score": 0.6307807047732175,
        "support": 1807.0
    },
    "weighted avg": {
        "precision": 0.6530049881565156,
        "recall": 0.6441615938018815,
        "f1-score": 0.6338536414978233,
        "support": 1807.0
    }
}