{
    "train_metrics": [],
    "val_metrics": [],
    "hyperparameters": {
        "learning_rate": 1.7958884560917464e-05,
        "batch_size": 32,
        "weight_decay": 0.002348010303558306,
        "trainable_layers": 2,
        "dropout_rate": 0.21552590044949452,
        "optimizer": "Adam",
        "scheduler": "StepLR",
        "label_smoothing": 0.09538603302246394,
        "step_size": 4,
        "gamma": 0.8984067957444855
    },
    "class_weights": {
        "T": [
            1.020164132118225,
            0.9987770915031433,
            0.9719483256340027,
            1.010427713394165
        ],
        "N": [
            1.005452036857605,
            0.9579423666000366,
            1.0827651023864746,
            0.9634310603141785
        ],
        "M": [
            0.9742671847343445,
            1.027129054069519
        ]
    },
    "classification_reports": {
        "T": {
            "0": {
                "precision": 0.35714285714285715,
                "recall": 0.34360189573459715,
                "f1-score": 0.3502415458937198,
                "support": 422.0
            },
            "1": {
                "precision": 0.1412037037037037,
                "recall": 0.1513647642679901,
                "f1-score": 0.14610778443113773,
                "support": 403.0
            },
            "2": {
                "precision": 0.653250773993808,
                "recall": 0.3966165413533835,
                "f1-score": 0.4935672514619883,
                "support": 532.0
            },
            "3": {
                "precision": 0.39473684210526316,
                "recall": 0.5666666666666667,
                "f1-score": 0.4653284671532847,
                "support": 450.0
            },
            "accuracy": 0.37188710570005534,
            "macro avg": {
                "precision": 0.38658354423640806,
                "recall": 0.36456246700565936,
                "f1-score": 0.36381126223503263,
                "support": 1807.0
            },
            "weighted avg": {
                "precision": 0.4055231704587452,
                "recall": 0.37188710570005534,
                "f1-score": 0.3755721956223874,
                "support": 1807.0
            }
        },
        "N": {
            "0": {
                "precision": 0.2537313432835821,
                "recall": 0.2334096109839817,
                "f1-score": 0.2431466030989273,
                "support": 437.0
            },
            "1": {
                "precision": 0.5555555555555556,
                "recall": 0.42658730158730157,
                "f1-score": 0.4826038159371493,
                "support": 504.0
            },
            "2": {
                "precision": 0.7720588235294118,
                "recall": 0.735981308411215,
                "f1-score": 0.7535885167464115,
                "support": 428.0
            },
            "3": {
                "precision": 0.5901639344262295,
                "recall": 0.821917808219178,
                "f1-score": 0.6870229007633588,
                "support": 438.0
            },
            "accuracy": 0.5489762036524627,
            "macro avg": {
                "precision": 0.5428774141986947,
                "recall": 0.5544740073004191,
                "f1-score": 0.5415904591364618,
                "support": 1807.0
            },
            "weighted avg": {
                "precision": 0.5422321952209198,
                "recall": 0.5489762036524627,
                "f1-score": 0.5384279493571499,
                "support": 1807.0
            }
        },
        "M": {
            "0": {
                "precision": 0.632687447346251,
                "recall": 0.7963944856839873,
                "f1-score": 0.7051643192488263,
                "support": 943.0
            },
            "1": {
                "precision": 0.6903225806451613,
                "recall": 0.49537037037037035,
                "f1-score": 0.5768194070080862,
                "support": 864.0
            },
            "accuracy": 0.6524626452684007,
            "macro avg": {
                "precision": 0.6615050139957062,
                "recall": 0.6458824280271789,
                "f1-score": 0.6409918631284562,
                "support": 1807.0
            },
            "weighted avg": {
                "precision": 0.6602451425151822,
                "recall": 0.6524626452684007,
                "f1-score": 0.6437974104629938,
                "support": 1807.0
            }
        }
    },
    "final_metrics": {
        "val_f1_T": 0.36381126223503263,
        "val_f1_N": 0.5415904591364618,
        "val_f1_M": 0.6409918631284562,
        "val_f1_mean": 0.5154645281666502
    }
}