{
    "train_metrics": [],
    "val_metrics": [],
    "hyperparameters": {
        "learning_rate": 2.8681134821030064e-05,
        "batch_size": 32,
        "weight_decay": 3.0455368715396772e-05,
        "trainable_layers": 4,
        "dropout_rate": 0.2712180569346625,
        "optimizer": "SGD",
        "scheduler": "CosineAnnealingLR",
        "label_smoothing": 0.12111602327460938,
        "momentum": 0.959866476977813,
        "T_max": 6,
        "eta_min": 1.189514052824e-05
    },
    "class_weights": {
        "T": [
            1.020164132118225,
            0.9987770915031433,
            0.9719483256340027,
            1.010427713394165
        ],
        "N": [
            1.005452036857605,
            0.9579423666000366,
            1.0827651023864746,
            0.9634310603141785
        ],
        "M": [
            0.9742671847343445,
            1.027129054069519
        ]
    },
    "classification_reports": {
        "T": {
            "0": {
                "precision": 0.3954248366013072,
                "recall": 0.28672985781990523,
                "f1-score": 0.3324175824175824,
                "support": 422.0
            },
            "1": {
                "precision": 0.17929292929292928,
                "recall": 0.1761786600496278,
                "f1-score": 0.17772215269086358,
                "support": 403.0
            },
            "2": {
                "precision": 0.689119170984456,
                "recall": 0.5,
                "f1-score": 0.579520697167756,
                "support": 532.0
            },
            "3": {
                "precision": 0.4144645340751043,
                "recall": 0.6622222222222223,
                "f1-score": 0.5098374679213002,
                "support": 450.0
            },
            "accuracy": 0.4183729939125623,
            "macro avg": {
                "precision": 0.41957536773844917,
                "recall": 0.40628268502293885,
                "f1-score": 0.39987447504937557,
                "support": 1807.0
            },
            "weighted avg": {
                "precision": 0.43843097445950724,
                "recall": 0.4183729939125623,
                "f1-score": 0.4148500933992635,
                "support": 1807.0
            }
        },
        "N": {
            "0": {
                "precision": 0.24848484848484848,
                "recall": 0.18764302059496568,
                "f1-score": 0.2138200782268579,
                "support": 437.0
            },
            "1": {
                "precision": 0.6463700234192038,
                "recall": 0.5476190476190477,
                "f1-score": 0.5929108485499462,
                "support": 504.0
            },
            "2": {
                "precision": 0.7478070175438597,
                "recall": 0.7967289719626168,
                "f1-score": 0.7714932126696833,
                "support": 428.0
            },
            "3": {
                "precision": 0.5420875420875421,
                "recall": 0.7351598173515982,
                "f1-score": 0.624031007751938,
                "support": 438.0
            },
            "accuracy": 0.5650249031543996,
            "macro avg": {
                "precision": 0.5461873578838635,
                "recall": 0.5667877143820571,
                "f1-score": 0.5505637867996063,
                "support": 1807.0
            },
            "weighted avg": {
                "precision": 0.5488954717953918,
                "recall": 0.5650249031543996,
                "f1-score": 0.5510742215120548,
                "support": 1807.0
            }
        },
        "M": {
            "0": {
                "precision": 0.6053670086819258,
                "recall": 0.8133616118769883,
                "f1-score": 0.6941176470588235,
                "support": 943.0
            },
            "1": {
                "precision": 0.674074074074074,
                "recall": 0.4212962962962963,
                "f1-score": 0.5185185185185185,
                "support": 864.0
            },
            "accuracy": 0.6258992805755396,
            "macro avg": {
                "precision": 0.6397205413779999,
                "recall": 0.6173289540866422,
                "f1-score": 0.6063180827886709,
                "support": 1807.0
            },
            "weighted avg": {
                "precision": 0.6382186437117079,
                "recall": 0.6258992805755396,
                "f1-score": 0.6101565806178586,
                "support": 1807.0
            }
        }
    },
    "final_metrics": {
        "val_f1_T": 0.39987447504937557,
        "val_f1_N": 0.5505637867996063,
        "val_f1_M": 0.6063180827886709,
        "val_f1_mean": 0.5189187815458842
    }
}