{
    "0": {
        "precision": 0.3492822966507177,
        "recall": 0.3459715639810427,
        "f1-score": 0.3476190476190476,
        "support": 422.0
    },
    "1": {
        "precision": 0.1424581005586592,
        "recall": 0.12655086848635236,
        "f1-score": 0.1340341655716163,
        "support": 403.0
    },
    "2": {
        "precision": 0.686084142394822,
        "recall": 0.39849624060150374,
        "f1-score": 0.5041617122473246,
        "support": 532.0
    },
    "3": {
        "precision": 0.38365650969529086,
        "recall": 0.6155555555555555,
        "f1-score": 0.4726962457337884,
        "support": 450.0
    },
    "accuracy": 0.3796347537354732,
    "macro avg": {
        "precision": 0.39037026232487243,
        "recall": 0.3716435571561135,
        "f1-score": 0.3646277927929442,
        "support": 1807.0
    },
    "weighted avg": {
        "precision": 0.4108743424619085,
        "recall": 0.3796347537354732,
        "f1-score": 0.3772210007284897,
        "support": 1807.0
    }
}