{
    "train_metrics": [],
    "val_metrics": [],
    "hyperparameters": {
        "learning_rate": 1.087988728653192e-05,
        "batch_size": 32,
        "weight_decay": 0.004849129514768503,
        "trainable_layers": 4,
        "dropout_rate": 0.22485140709695253,
        "optimizer": "Adam",
        "scheduler": "StepLR",
        "label_smoothing": 0.06209793126040526,
        "step_size": 5,
        "gamma": 0.5709606649438608
    },
    "class_weights": {
        "T": [
            1.020164132118225,
            0.9987770915031433,
            0.9719483256340027,
            1.010427713394165
        ],
        "N": [
            1.005452036857605,
            0.9579423666000366,
            1.0827651023864746,
            0.9634310603141785
        ],
        "M": [
            0.9742671847343445,
            1.027129054069519
        ]
    },
    "classification_reports": {
        "T": {
            "0": {
                "precision": 0.31758530183727035,
                "recall": 0.28672985781990523,
                "f1-score": 0.3013698630136986,
                "support": 422.0
            },
            "1": {
                "precision": 0.18251928020565553,
                "recall": 0.1761786600496278,
                "f1-score": 0.17929292929292928,
                "support": 403.0
            },
            "2": {
                "precision": 0.6064690026954178,
                "recall": 0.42293233082706766,
                "f1-score": 0.4983388704318937,
                "support": 532.0
            },
            "3": {
                "precision": 0.38288288288288286,
                "recall": 0.5666666666666667,
                "f1-score": 0.45698924731182794,
                "support": 450.0
            },
            "accuracy": 0.37188710570005534,
            "macro avg": {
                "precision": 0.3723641169053066,
                "recall": 0.36312687884081685,
                "f1-score": 0.3589977275125874,
                "support": 1807.0
            },
            "weighted avg": {
                "precision": 0.3887742523682716,
                "recall": 0.37188710570005534,
                "f1-score": 0.3708879762351529,
                "support": 1807.0
            }
        },
        "N": {
            "0": {
                "precision": 0.27901785714285715,
                "recall": 0.28604118993135014,
                "f1-score": 0.2824858757062147,
                "support": 437.0
            },
            "1": {
                "precision": 0.5692695214105793,
                "recall": 0.44841269841269843,
                "f1-score": 0.5016648168701443,
                "support": 504.0
            },
            "2": {
                "precision": 0.7751196172248804,
                "recall": 0.7570093457943925,
                "f1-score": 0.7659574468085106,
                "support": 428.0
            },
            "3": {
                "precision": 0.6139705882352942,
                "recall": 0.7625570776255708,
                "f1-score": 0.6802443991853361,
                "support": 438.0
            },
            "accuracy": 0.5583840619811843,
            "macro avg": {
                "precision": 0.5593443960034028,
                "recall": 0.5635050779410029,
                "f1-score": 0.5575881346425514,
                "support": 1807.0
            },
            "weighted avg": {
                "precision": 0.5586679336921241,
                "recall": 0.5583840619811843,
                "f1-score": 0.55454467596203,
                "support": 1807.0
            }
        },
        "M": {
            "0": {
                "precision": 0.6127527216174183,
                "recall": 0.8356309650053022,
                "f1-score": 0.7070435172723194,
                "support": 943.0
            },
            "1": {
                "precision": 0.7024952015355086,
                "recall": 0.4236111111111111,
                "f1-score": 0.5285198555956678,
                "support": 864.0
            },
            "accuracy": 0.6386275594908688,
            "macro avg": {
                "precision": 0.6576239615764634,
                "recall": 0.6296210380582067,
                "f1-score": 0.6177816864339936,
                "support": 1807.0
            },
            "weighted avg": {
                "precision": 0.6556622416225263,
                "recall": 0.6386275594908688,
                "f1-score": 0.6216841129067262,
                "support": 1807.0
            }
        }
    },
    "final_metrics": {
        "val_f1_T": 0.3589977275125874,
        "val_f1_N": 0.5575881346425514,
        "val_f1_M": 0.6177816864339936,
        "val_f1_mean": 0.5114558495297108
    }
}