{
    "0": {
        "precision": 0.7066666666666667,
        "recall": 0.7868504772004242,
        "f1-score": 0.7446061214249875,
        "support": 943.0
    },
    "1": {
        "precision": 0.7344782034346103,
        "recall": 0.6435185185185185,
        "f1-score": 0.6859962985811228,
        "support": 864.0
    },
    "accuracy": 0.7183176535694521,
    "macro avg": {
        "precision": 0.7205724350506385,
        "recall": 0.7151844978594714,
        "f1-score": 0.7153012100030551,
        "support": 1807.0
    },
    "weighted avg": {
        "precision": 0.7199644905557111,
        "recall": 0.7183176535694521,
        "f1-score": 0.7165823876468475,
        "support": 1807.0
    }
}