{
    "0": {
        "precision": 0.6394686907020873,
        "recall": 0.7147401908801697,
        "f1-score": 0.6750125187781673,
        "support": 943.0
    },
    "1": {
        "precision": 0.6427622841965471,
        "recall": 0.5601851851851852,
        "f1-score": 0.5986394557823129,
        "support": 864.0
    },
    "accuracy": 0.6408411732152739,
    "macro avg": {
        "precision": 0.6411154874493172,
        "recall": 0.6374626880326775,
        "f1-score": 0.6368259872802401,
        "support": 1807.0
    },
    "weighted avg": {
        "precision": 0.641043491354668,
        "recall": 0.6408411732152739,
        "f1-score": 0.6384954593269121,
        "support": 1807.0
    }
}