{
    "0": {
        "precision": 0.6532534246575342,
        "recall": 0.809119830328738,
        "f1-score": 0.7228801515869256,
        "support": 943.0
    },
    "1": {
        "precision": 0.7183098591549296,
        "recall": 0.53125,
        "f1-score": 0.6107784431137725,
        "support": 864.0
    },
    "accuracy": 0.6762589928057554,
    "macro avg": {
        "precision": 0.6857816419062319,
        "recall": 0.6701849151643691,
        "f1-score": 0.6668292973503491,
        "support": 1807.0
    },
    "weighted avg": {
        "precision": 0.6843595449706219,
        "recall": 0.6762589928057554,
        "f1-score": 0.6692797774193527,
        "support": 1807.0
    }
}