{
    "0": {
        "precision": 0.44755244755244755,
        "recall": 0.3033175355450237,
        "f1-score": 0.3615819209039548,
        "support": 422.0
    },
    "1": {
        "precision": 0.20335820895522388,
        "recall": 0.2704714640198511,
        "f1-score": 0.2321618743343983,
        "support": 403.0
    },
    "2": {
        "precision": 0.6105263157894737,
        "recall": 0.43609022556390975,
        "f1-score": 0.5087719298245614,
        "support": 532.0
    },
    "3": {
        "precision": 0.44958677685950416,
        "recall": 0.6044444444444445,
        "f1-score": 0.5156398104265403,
        "support": 450.0
    },
    "accuracy": 0.41007194244604317,
    "macro avg": {
        "precision": 0.42775593728916234,
        "recall": 0.40358091739330726,
        "f1-score": 0.4045388838723637,
        "support": 1807.0
    },
    "weighted avg": {
        "precision": 0.4415797125970476,
        "recall": 0.41007194244604317,
        "f1-score": 0.4144180339440184,
        "support": 1807.0
    }
}