{
    "0": {
        "precision": 0.6579185520361991,
        "recall": 0.7709437963944857,
        "f1-score": 0.7099609375,
        "support": 943.0
    },
    "1": {
        "precision": 0.6923076923076923,
        "recall": 0.5625,
        "f1-score": 0.6206896551724138,
        "support": 864.0
    },
    "accuracy": 0.6712783619258439,
    "macro avg": {
        "precision": 0.6751131221719457,
        "recall": 0.6667218981972429,
        "f1-score": 0.6653252963362069,
        "support": 1807.0
    },
    "weighted avg": {
        "precision": 0.6743613949773004,
        "recall": 0.6712783619258439,
        "f1-score": 0.6672767161767933,
        "support": 1807.0
    }
}