{
    "train_metrics": [],
    "val_metrics": [],
    "hyperparameters": {
        "learning_rate": 1.438149590284e-05,
        "batch_size": 32,
        "weight_decay": 0.0043269851555446165,
        "trainable_layers": 3,
        "dropout_rate": 0.24496263129604368,
        "optimizer": "Adam",
        "scheduler": "StepLR",
        "label_smoothing": 0.10511830485738465,
        "step_size": 5,
        "gamma": 0.5899985305562194
    },
    "class_weights": {
        "T": [
            1.020164132118225,
            0.9987770915031433,
            0.9719483256340027,
            1.010427713394165
        ],
        "N": [
            1.005452036857605,
            0.9579423666000366,
            1.0827651023864746,
            0.9634310603141785
        ],
        "M": [
            0.9742671847343445,
            1.027129054069519
        ]
    },
    "classification_reports": {
        "T": {
            "0": {
                "precision": 0.34908136482939633,
                "recall": 0.31516587677725116,
                "f1-score": 0.3312577833125778,
                "support": 422.0
            },
            "1": {
                "precision": 0.17582417582417584,
                "recall": 0.1588089330024814,
                "f1-score": 0.16688396349413298,
                "support": 403.0
            },
            "2": {
                "precision": 0.6253164556962025,
                "recall": 0.4642857142857143,
                "f1-score": 0.5329018338727076,
                "support": 532.0
            },
            "3": {
                "precision": 0.37631184407796103,
                "recall": 0.5577777777777778,
                "f1-score": 0.4494180841539839,
                "support": 450.0
            },
            "accuracy": 0.38461538461538464,
            "macro avg": {
                "precision": 0.381633460106934,
                "recall": 0.37400957546080615,
                "f1-score": 0.3701154162083506,
                "support": 1807.0
            },
            "weighted avg": {
                "precision": 0.3985490664530218,
                "recall": 0.38461538461538464,
                "f1-score": 0.38339066703686586,
                "support": 1807.0
            }
        },
        "N": {
            "0": {
                "precision": 0.2904761904761905,
                "recall": 0.2791762013729977,
                "f1-score": 0.2847141190198366,
                "support": 437.0
            },
            "1": {
                "precision": 0.5703125,
                "recall": 0.43452380952380953,
                "f1-score": 0.49324324324324326,
                "support": 504.0
            },
            "2": {
                "precision": 0.7827102803738317,
                "recall": 0.7827102803738317,
                "f1-score": 0.7827102803738317,
                "support": 428.0
            },
            "3": {
                "precision": 0.5965217391304348,
                "recall": 0.7831050228310502,
                "f1-score": 0.6771964461994077,
                "support": 438.0
            },
            "accuracy": 0.563918096292197,
            "macro avg": {
                "precision": 0.5600051774951142,
                "recall": 0.5698788285254223,
                "f1-score": 0.5594660222090798,
                "support": 1807.0
            },
            "weighted avg": {
                "precision": 0.5592983491849616,
                "recall": 0.563918096292197,
                "f1-score": 0.5559638672062002,
                "support": 1807.0
            }
        },
        "M": {
            "0": {
                "precision": 0.6336710833982853,
                "recall": 0.8621420996818664,
                "f1-score": 0.7304582210242587,
                "support": 943.0
            },
            "1": {
                "precision": 0.7519083969465649,
                "recall": 0.45601851851851855,
                "f1-score": 0.5677233429394812,
                "support": 864.0
            },
            "accuracy": 0.6679579413392362,
            "macro avg": {
                "precision": 0.692789740172425,
                "recall": 0.6590803091001924,
                "f1-score": 0.64909078198187,
                "support": 1807.0
            },
            "weighted avg": {
                "precision": 0.6902051392398534,
                "recall": 0.6679579413392362,
                "f1-score": 0.6526480745576024,
                "support": 1807.0
            }
        }
    },
    "final_metrics": {
        "val_f1_T": 0.3701154162083506,
        "val_f1_N": 0.5594660222090798,
        "val_f1_M": 0.64909078198187,
        "val_f1_mean": 0.5262240734664334
    }
}