{
    "0": {
        "precision": 0.352112676056338,
        "recall": 0.35545023696682465,
        "f1-score": 0.35377358490566035,
        "support": 422.0
    },
    "1": {
        "precision": 0.24120603015075376,
        "recall": 0.11910669975186104,
        "f1-score": 0.15946843853820597,
        "support": 403.0
    },
    "2": {
        "precision": 0.7326315789473684,
        "recall": 0.6541353383458647,
        "f1-score": 0.6911618669314796,
        "support": 532.0
    },
    "3": {
        "precision": 0.4031117397454031,
        "recall": 0.6333333333333333,
        "f1-score": 0.49265341400172863,
        "support": 450.0
    },
    "accuracy": 0.45987825124515774,
    "macro avg": {
        "precision": 0.43226550622496585,
        "recall": 0.4405064020994709,
        "f1-score": 0.4242643260942687,
        "support": 1807.0
    },
    "weighted avg": {
        "precision": 0.4521072840796678,
        "recall": 0.45987825124515774,
        "f1-score": 0.44435549699469323,
        "support": 1807.0
    }
}