{
    "train_metrics": [],
    "val_metrics": [],
    "hyperparameters": {
        "learning_rate": 5.211124595788268e-05,
        "batch_size": 32,
        "weight_decay": 0.0007411299781083245,
        "trainable_layers": 2,
        "dropout_rate": 0.15953375254290353,
        "optimizer": "RMSprop",
        "scheduler": "CosineAnnealingLR",
        "label_smoothing": 0.017939136890745253,
        "T_max": 8,
        "eta_min": 7.631771981307284e-05
    },
    "class_weights": {
        "T": [
            1.020164132118225,
            0.9987770915031433,
            0.9719483256340027,
            1.010427713394165
        ],
        "N": [
            1.005452036857605,
            0.9579423666000366,
            1.0827651023864746,
            0.9634310603141785
        ],
        "M": [
            0.9742671847343445,
            1.027129054069519
        ]
    },
    "classification_reports": {
        "T": {
            "0": {
                "precision": 0.2375,
                "recall": 0.09004739336492891,
                "f1-score": 0.13058419243986255,
                "support": 422.0
            },
            "1": {
                "precision": 0.17329545454545456,
                "recall": 0.1513647642679901,
                "f1-score": 0.16158940397350993,
                "support": 403.0
            },
            "2": {
                "precision": 0.5874125874125874,
                "recall": 0.631578947368421,
                "f1-score": 0.6086956521739131,
                "support": 532.0
            },
            "3": {
                "precision": 0.38589211618257263,
                "recall": 0.62,
                "f1-score": 0.47570332480818417,
                "support": 450.0
            },
            "accuracy": 0.3951300498063088,
            "macro avg": {
                "precision": 0.3460250395351536,
                "recall": 0.373247776250335,
                "f1-score": 0.3441431433488674,
                "support": 1807.0
            },
            "weighted avg": {
                "precision": 0.3631533021402725,
                "recall": 0.3951300498063088,
                "f1-score": 0.3642056680305208,
                "support": 1807.0
            }
        },
        "N": {
            "0": {
                "precision": 0.18840579710144928,
                "recall": 0.2379862700228833,
                "f1-score": 0.2103134479271992,
                "support": 437.0
            },
            "1": {
                "precision": 0.4013605442176871,
                "recall": 0.35119047619047616,
                "f1-score": 0.3746031746031746,
                "support": 504.0
            },
            "2": {
                "precision": 0.7574257425742574,
                "recall": 0.7149532710280374,
                "f1-score": 0.7355769230769231,
                "support": 428.0
            },
            "3": {
                "precision": 0.7170731707317073,
                "recall": 0.6712328767123288,
                "f1-score": 0.6933962264150944,
                "support": 438.0
            },
            "accuracy": 0.48754842280022137,
            "macro avg": {
                "precision": 0.5160663136562753,
                "recall": 0.49384072348843144,
                "f1-score": 0.5034724430055979,
                "support": 1807.0
            },
            "weighted avg": {
                "precision": 0.5107223653687424,
                "recall": 0.48754842280022137,
                "f1-score": 0.4976433021532487,
                "support": 1807.0
            }
        },
        "M": {
            "0": {
                "precision": 0.5952197378565921,
                "recall": 0.8186638388123012,
                "f1-score": 0.6892857142857143,
                "support": 943.0
            },
            "1": {
                "precision": 0.6647058823529411,
                "recall": 0.3923611111111111,
                "f1-score": 0.49344978165938863,
                "support": 864.0
            },
            "accuracy": 0.6148312119535141,
            "macro avg": {
                "precision": 0.6299628101047666,
                "recall": 0.6055124749617061,
                "f1-score": 0.5913677479725514,
                "support": 1807.0
            },
            "weighted avg": {
                "precision": 0.6284438822090247,
                "recall": 0.6148312119535141,
                "f1-score": 0.5956486109159603,
                "support": 1807.0
            }
        }
    },
    "final_metrics": {
        "val_f1_T": 0.3441431433488674,
        "val_f1_N": 0.5034724430055979,
        "val_f1_M": 0.5913677479725514,
        "val_f1_mean": 0.47966111144233886
    }
}