{
    "train_metrics": [],
    "val_metrics": [],
    "hyperparameters": {
        "learning_rate": 4.060833527236375e-05,
        "batch_size": 16,
        "weight_decay": 0.0006872228870250566,
        "trainable_layers": 2,
        "dropout_rate": 0.17941589254019225,
        "optimizer": "Adam",
        "scheduler": "ReduceLROnPlateau",
        "label_smoothing": 0.049267055112656055,
        "factor": 0.49638103822817986,
        "patience": 4
    },
    "class_weights": {
        "T": [
            1.020164132118225,
            0.9987770915031433,
            0.9719483256340027,
            1.010427713394165
        ],
        "N": [
            1.005452036857605,
            0.9579423666000366,
            1.0827651023864746,
            0.9634310603141785
        ],
        "M": [
            0.9742671847343445,
            1.027129054069519
        ]
    },
    "classification_reports": {
        "T": {
            "0": {
                "precision": 0.4091954022988506,
                "recall": 0.4218009478672986,
                "f1-score": 0.41540256709451573,
                "support": 422.0
            },
            "1": {
                "precision": 0.12162162162162163,
                "recall": 0.11166253101736973,
                "f1-score": 0.11642949547218628,
                "support": 403.0
            },
            "2": {
                "precision": 0.6363636363636364,
                "recall": 0.4605263157894737,
                "f1-score": 0.5343511450381679,
                "support": 532.0
            },
            "3": {
                "precision": 0.4051863857374392,
                "recall": 0.5555555555555556,
                "f1-score": 0.46860356138706655,
                "support": 450.0
            },
            "accuracy": 0.3973436635307139,
            "macro avg": {
                "precision": 0.39309176150538694,
                "recall": 0.3873863375574244,
                "f1-score": 0.3836966922479841,
                "support": 1807.0
            },
            "weighted avg": {
                "precision": 0.4109426128450087,
                "recall": 0.3973436635307139,
                "f1-score": 0.3969935704336812,
                "support": 1807.0
            }
        },
        "N": {
            "0": {
                "precision": 0.3233256351039261,
                "recall": 0.32036613272311215,
                "f1-score": 0.3218390804597701,
                "support": 437.0
            },
            "1": {
                "precision": 0.5879396984924623,
                "recall": 0.4642857142857143,
                "f1-score": 0.5188470066518847,
                "support": 504.0
            },
            "2": {
                "precision": 0.7695852534562212,
                "recall": 0.780373831775701,
                "f1-score": 0.7749419953596288,
                "support": 428.0
            },
            "3": {
                "precision": 0.5996309963099631,
                "recall": 0.7420091324200914,
                "f1-score": 0.6632653061224489,
                "support": 438.0
            },
            "accuracy": 0.5716657443276149,
            "macro avg": {
                "precision": 0.5701203958406431,
                "recall": 0.5767587028011547,
                "f1-score": 0.5697233471484331,
                "support": 1807.0
            },
            "weighted avg": {
                "precision": 0.5698039709151319,
                "recall": 0.5716657443276149,
                "f1-score": 0.5668666007797584,
                "support": 1807.0
            }
        },
        "M": {
            "0": {
                "precision": 0.6298533218291631,
                "recall": 0.7741251325556734,
                "f1-score": 0.6945765937202664,
                "support": 943.0
            },
            "1": {
                "precision": 0.6712962962962963,
                "recall": 0.5034722222222222,
                "f1-score": 0.5753968253968254,
                "support": 864.0
            },
            "accuracy": 0.6447149972329829,
            "macro avg": {
                "precision": 0.6505748090627297,
                "recall": 0.6387986773889478,
                "f1-score": 0.6349867095585459,
                "support": 1807.0
            },
            "weighted avg": {
                "precision": 0.649668889034256,
                "recall": 0.6447149972329829,
                "f1-score": 0.6375919120205138,
                "support": 1807.0
            }
        }
    },
    "final_metrics": {
        "val_f1_T": 0.3836966922479841,
        "val_f1_N": 0.5697233471484331,
        "val_f1_M": 0.6349867095585459,
        "val_f1_mean": 0.5294689163183209
    }
}