{
    "0": {
        "precision": 0.6041666666666666,
        "recall": 0.8303287380699894,
        "f1-score": 0.6994193836534167,
        "support": 943.0
    },
    "1": {
        "precision": 0.6868884540117417,
        "recall": 0.40625,
        "f1-score": 0.5105454545454545,
        "support": 864.0
    },
    "accuracy": 0.6275594908688434,
    "macro avg": {
        "precision": 0.6455275603392041,
        "recall": 0.6182893690349947,
        "f1-score": 0.6049824190994356,
        "support": 1807.0
    },
    "weighted avg": {
        "precision": 0.6437193087619321,
        "recall": 0.6275594908688434,
        "f1-score": 0.6091110965757857,
        "support": 1807.0
    }
}