{
    "train_metrics": [],
    "val_metrics": [],
    "hyperparameters": {
        "learning_rate": 0.00022528330250084282,
        "batch_size": 32,
        "weight_decay": 1.0883479244730683e-05,
        "trainable_layers": 2,
        "dropout_rate": 0.21477866789995154,
        "optimizer": "Adam",
        "scheduler": "CosineAnnealingLR",
        "label_smoothing": 0.089047530515465,
        "T_max": 9,
        "eta_min": 9.689487504029162e-05
    },
    "class_weights": {
        "T": [
            1.020164132118225,
            0.9987770915031433,
            0.9719483256340027,
            1.010427713394165
        ],
        "N": [
            1.005452036857605,
            0.9579423666000366,
            1.0827651023864746,
            0.9634310603141785
        ],
        "M": [
            0.9742671847343445,
            1.027129054069519
        ]
    },
    "classification_reports": {
        "T": {
            "0": {
                "precision": 0.22910216718266255,
                "recall": 0.17535545023696683,
                "f1-score": 0.19865771812080538,
                "support": 422.0
            },
            "1": {
                "precision": 0.17324561403508773,
                "recall": 0.19602977667493796,
                "f1-score": 0.1839348079161816,
                "support": 403.0
            },
            "2": {
                "precision": 0.6415584415584416,
                "recall": 0.4642857142857143,
                "f1-score": 0.5387131952017448,
                "support": 532.0
            },
            "3": {
                "precision": 0.4121306376360809,
                "recall": 0.5888888888888889,
                "f1-score": 0.484903934126258,
                "support": 450.0
            },
            "accuracy": 0.3680132816823464,
            "macro avg": {
                "precision": 0.3640092151030682,
                "recall": 0.35613995752162697,
                "f1-score": 0.35155241384124747,
                "support": 1807.0
            },
            "weighted avg": {
                "precision": 0.3836563225526017,
                "recall": 0.3680132816823464,
                "f1-score": 0.36677447417894044,
                "support": 1807.0
            }
        },
        "N": {
            "0": {
                "precision": 0.30755711775043937,
                "recall": 0.40045766590389015,
                "f1-score": 0.34791252485089463,
                "support": 437.0
            },
            "1": {
                "precision": 0.5061124694376528,
                "recall": 0.4107142857142857,
                "f1-score": 0.4534501642935378,
                "support": 504.0
            },
            "2": {
                "precision": 0.7793427230046949,
                "recall": 0.7757009345794392,
                "f1-score": 0.7775175644028103,
                "support": 428.0
            },
            "3": {
                "precision": 0.6327543424317618,
                "recall": 0.5821917808219178,
                "f1-score": 0.6064209274673008,
                "support": 438.0
            },
            "accuracy": 0.5362479247371333,
            "macro avg": {
                "precision": 0.5564416631561372,
                "recall": 0.5422661667548833,
                "f1-score": 0.5463252952536358,
                "support": 1807.0
            },
            "weighted avg": {
                "precision": 0.5535075996041174,
                "recall": 0.5362479247371333,
                "f1-score": 0.541763442146577,
                "support": 1807.0
            }
        },
        "M": {
            "0": {
                "precision": 0.6271604938271605,
                "recall": 0.8080593849416755,
                "f1-score": 0.706209453197405,
                "support": 943.0
            },
            "1": {
                "precision": 0.6942567567567568,
                "recall": 0.4756944444444444,
                "f1-score": 0.5645604395604396,
                "support": 864.0
            },
            "accuracy": 0.6491422246817931,
            "macro avg": {
                "precision": 0.6607086252919587,
                "recall": 0.64187691469306,
                "f1-score": 0.6353849463789223,
                "support": 1807.0
            },
            "weighted avg": {
                "precision": 0.659241938858246,
                "recall": 0.6491422246817931,
                "f1-score": 0.6384813138601951,
                "support": 1807.0
            }
        }
    },
    "final_metrics": {
        "val_f1_T": 0.35155241384124747,
        "val_f1_N": 0.5463252952536358,
        "val_f1_M": 0.6353849463789223,
        "val_f1_mean": 0.5110875518246019
    }
}