{
    "0": {
        "precision": 0.3553921568627451,
        "recall": 0.34360189573459715,
        "f1-score": 0.3493975903614458,
        "support": 422.0
    },
    "1": {
        "precision": 0.13147410358565736,
        "recall": 0.08188585607940446,
        "f1-score": 0.10091743119266056,
        "support": 403.0
    },
    "2": {
        "precision": 0.6924731182795699,
        "recall": 0.6052631578947368,
        "f1-score": 0.645937813440321,
        "support": 532.0
    },
    "3": {
        "precision": 0.3850658857979502,
        "recall": 0.5844444444444444,
        "f1-score": 0.4642541924095322,
        "support": 450.0
    },
    "accuracy": 0.4222468179302712,
    "macro avg": {
        "precision": 0.3911013161314807,
        "recall": 0.4037988385382957,
        "f1-score": 0.3901267568509899,
        "support": 1807.0
    },
    "weighted avg": {
        "precision": 0.4120835093939718,
        "recall": 0.4222468179302712,
        "f1-score": 0.40988866144865105,
        "support": 1807.0
    }
}