{
    "0": {
        "precision": 0.3940520446096654,
        "recall": 0.2425629290617849,
        "f1-score": 0.3002832861189802,
        "support": 437.0
    },
    "1": {
        "precision": 0.6457925636007827,
        "recall": 0.6547619047619048,
        "f1-score": 0.6502463054187192,
        "support": 504.0
    },
    "2": {
        "precision": 0.7442348008385744,
        "recall": 0.8294392523364486,
        "f1-score": 0.7845303867403315,
        "support": 428.0
    },
    "3": {
        "precision": 0.6036363636363636,
        "recall": 0.7579908675799086,
        "f1-score": 0.6720647773279352,
        "support": 438.0
    },
    "accuracy": 0.6214720531267294,
    "macro avg": {
        "precision": 0.5969289431713466,
        "recall": 0.6211887384350118,
        "f1-score": 0.6017811889014916,
        "support": 1807.0
    },
    "weighted avg": {
        "precision": 0.5980107457558691,
        "recall": 0.6214720531267294,
        "f1-score": 0.6027068688209886,
        "support": 1807.0
    }
}