{
    "0": {
        "precision": 0.3644578313253012,
        "recall": 0.28672985781990523,
        "f1-score": 0.3209549071618037,
        "support": 422.0
    },
    "1": {
        "precision": 0.1830708661417323,
        "recall": 0.23076923076923078,
        "f1-score": 0.20417124039517015,
        "support": 403.0
    },
    "2": {
        "precision": 0.6656346749226006,
        "recall": 0.4041353383458647,
        "f1-score": 0.5029239766081871,
        "support": 532.0
    },
    "3": {
        "precision": 0.44875776397515527,
        "recall": 0.6422222222222222,
        "f1-score": 0.5283363802559415,
        "support": 450.0
    },
    "accuracy": 0.3973436635307139,
    "macro avg": {
        "precision": 0.4154802840911973,
        "recall": 0.39096416228930575,
        "f1-score": 0.3890966261052756,
        "support": 1807.0
    },
    "weighted avg": {
        "precision": 0.4336676285124729,
        "recall": 0.3973436635307139,
        "f1-score": 0.40012778493207746,
        "support": 1807.0
    }
}