{
    "0": {
        "precision": 0.34908136482939633,
        "recall": 0.31516587677725116,
        "f1-score": 0.3312577833125778,
        "support": 422.0
    },
    "1": {
        "precision": 0.17582417582417584,
        "recall": 0.1588089330024814,
        "f1-score": 0.16688396349413298,
        "support": 403.0
    },
    "2": {
        "precision": 0.6253164556962025,
        "recall": 0.4642857142857143,
        "f1-score": 0.5329018338727076,
        "support": 532.0
    },
    "3": {
        "precision": 0.37631184407796103,
        "recall": 0.5577777777777778,
        "f1-score": 0.4494180841539839,
        "support": 450.0
    },
    "accuracy": 0.38461538461538464,
    "macro avg": {
        "precision": 0.381633460106934,
        "recall": 0.37400957546080615,
        "f1-score": 0.3701154162083506,
        "support": 1807.0
    },
    "weighted avg": {
        "precision": 0.3985490664530218,
        "recall": 0.38461538461538464,
        "f1-score": 0.38339066703686586,
        "support": 1807.0
    }
}