{
    "0": {
        "precision": 0.6289361702127659,
        "recall": 0.7836691410392365,
        "f1-score": 0.6978281397544853,
        "support": 943.0
    },
    "1": {
        "precision": 0.6772151898734177,
        "recall": 0.49537037037037035,
        "f1-score": 0.5721925133689839,
        "support": 864.0
    },
    "accuracy": 0.6458218040951854,
    "macro avg": {
        "precision": 0.6530756800430918,
        "recall": 0.6395197557048033,
        "f1-score": 0.6350103265617346,
        "support": 1807.0
    },
    "weighted avg": {
        "precision": 0.6520203279254406,
        "recall": 0.6458218040951854,
        "f1-score": 0.6377566504367913,
        "support": 1807.0
    }
}