{
    "0": {
        "precision": 0.5896843725943033,
        "recall": 0.8123011664899258,
        "f1-score": 0.6833184656556646,
        "support": 943.0
    },
    "1": {
        "precision": 0.6515748031496063,
        "recall": 0.38310185185185186,
        "f1-score": 0.48250728862973763,
        "support": 864.0
    },
    "accuracy": 0.6070835639180963,
    "macro avg": {
        "precision": 0.6206295878719548,
        "recall": 0.5977015091708888,
        "f1-score": 0.5829128771427011,
        "support": 1807.0
    },
    "weighted avg": {
        "precision": 0.6192766979954001,
        "recall": 0.6070835639180963,
        "f1-score": 0.5873024961203016,
        "support": 1807.0
    }
}