{
    "train_metrics": [],
    "val_metrics": [],
    "hyperparameters": {
        "learning_rate": 0.0008781408196485975,
        "batch_size": 16,
        "weight_decay": 0.0003102740950912838,
        "trainable_layers": 2,
        "dropout_rate": 0.19272607415662013,
        "optimizer": "SGD",
        "scheduler": "ReduceLROnPlateau",
        "label_smoothing": 0.035934283600045865,
        "momentum": 0.7420195129064546,
        "factor": 0.3468358280832689,
        "patience": 5
    },
    "class_weights": {
        "T": [
            1.020164132118225,
            0.9987770915031433,
            0.9719483256340027,
            1.010427713394165
        ],
        "N": [
            1.005452036857605,
            0.9579423666000366,
            1.0827651023864746,
            0.9634310603141785
        ],
        "M": [
            0.9742671847343445,
            1.027129054069519
        ]
    },
    "classification_reports": {
        "T": {
            "0": {
                "precision": 0.3324324324324324,
                "recall": 0.2914691943127962,
                "f1-score": 0.3106060606060606,
                "support": 422.0
            },
            "1": {
                "precision": 0.13189448441247004,
                "recall": 0.13647642679900746,
                "f1-score": 0.13414634146341464,
                "support": 403.0
            },
            "2": {
                "precision": 0.5521327014218009,
                "recall": 0.43796992481203006,
                "f1-score": 0.48846960167714887,
                "support": 532.0
            },
            "3": {
                "precision": 0.44816053511705684,
                "recall": 0.5955555555555555,
                "f1-score": 0.5114503816793893,
                "support": 450.0
            },
            "accuracy": 0.37576092971776426,
            "macro avg": {
                "precision": 0.36615503834594004,
                "recall": 0.3653677753698473,
                "f1-score": 0.3611680963565034,
                "support": 1807.0
            },
            "weighted avg": {
                "precision": 0.38121018354387687,
                "recall": 0.37576092971776426,
                "f1-score": 0.3736332224867084,
                "support": 1807.0
            }
        },
        "N": {
            "0": {
                "precision": 0.34474327628361856,
                "recall": 0.32265446224256294,
                "f1-score": 0.3333333333333333,
                "support": 437.0
            },
            "1": {
                "precision": 0.5714285714285714,
                "recall": 0.6031746031746031,
                "f1-score": 0.5868725868725869,
                "support": 504.0
            },
            "2": {
                "precision": 0.7912371134020618,
                "recall": 0.7172897196261683,
                "f1-score": 0.7524509803921569,
                "support": 428.0
            },
            "3": {
                "precision": 0.37656903765690375,
                "recall": 0.410958904109589,
                "f1-score": 0.3930131004366812,
                "support": 438.0
            },
            "accuracy": 0.5157719977863863,
            "macro avg": {
                "precision": 0.5209944996927889,
                "recall": 0.5135194222882309,
                "f1-score": 0.5164175002586896,
                "support": 1807.0
            },
            "weighted avg": {
                "precision": 0.5214385914586318,
                "recall": 0.5157719977863863,
                "f1-score": 0.5177859480075041,
                "support": 1807.0
            }
        },
        "M": {
            "0": {
                "precision": 0.5704225352112676,
                "recall": 0.8589607635206787,
                "f1-score": 0.6855691917054592,
                "support": 943.0
            },
            "1": {
                "precision": 0.6563307493540051,
                "recall": 0.29398148148148145,
                "f1-score": 0.4060751398880895,
                "support": 864.0
            },
            "accuracy": 0.5888212506917543,
            "macro avg": {
                "precision": 0.6133766422826363,
                "recall": 0.5764711225010801,
                "f1-score": 0.5458221657967743,
                "support": 1807.0
            },
            "weighted avg": {
                "precision": 0.6114987372142147,
                "recall": 0.5888212506917543,
                "f1-score": 0.5519317480030754,
                "support": 1807.0
            }
        }
    },
    "final_metrics": {
        "val_f1_T": 0.3611680963565034,
        "val_f1_N": 0.5164175002586896,
        "val_f1_M": 0.5458221657967743,
        "val_f1_mean": 0.4744692541373225
    }
}