{
    "0": {
        "precision": 0.41336633663366334,
        "recall": 0.3957345971563981,
        "f1-score": 0.4043583535108959,
        "support": 422.0
    },
    "1": {
        "precision": 0.1540880503144654,
        "recall": 0.12158808933002481,
        "f1-score": 0.13592233009708737,
        "support": 403.0
    },
    "2": {
        "precision": 0.6558139534883721,
        "recall": 0.5300751879699248,
        "f1-score": 0.5862785862785863,
        "support": 532.0
    },
    "3": {
        "precision": 0.383206106870229,
        "recall": 0.5577777777777778,
        "f1-score": 0.45429864253393665,
        "support": 450.0
    },
    "accuracy": 0.41449916989485336,
    "macro avg": {
        "precision": 0.40161861182668246,
        "recall": 0.40129391305853135,
        "f1-score": 0.3952144781051265,
        "support": 1807.0
    },
    "weighted avg": {
        "precision": 0.4194099887568082,
        "recall": 0.41449916989485336,
        "f1-score": 0.41048728348157365,
        "support": 1807.0
    }
}