{
    "train_metrics": [],
    "val_metrics": [],
    "hyperparameters": {
        "learning_rate": 0.0001510313808810383,
        "batch_size": 32,
        "weight_decay": 0.00612021649535852,
        "trainable_layers": 2,
        "dropout_rate": 0.2519290299802334,
        "optimizer": "SGD",
        "scheduler": "ReduceLROnPlateau",
        "label_smoothing": 0.1151438996551187,
        "momentum": 0.823107225883967,
        "factor": 0.20357729367313315,
        "patience": 4
    },
    "class_weights": {
        "T": [
            1.020164132118225,
            0.9987770915031433,
            0.9719483256340027,
            1.010427713394165
        ],
        "N": [
            1.005452036857605,
            0.9579423666000366,
            1.0827651023864746,
            0.9634310603141785
        ],
        "M": [
            0.9742671847343445,
            1.027129054069519
        ]
    },
    "classification_reports": {
        "T": {
            "0": {
                "precision": 0.2155688622754491,
                "recall": 0.08530805687203792,
                "f1-score": 0.12224108658743633,
                "support": 422.0
            },
            "1": {
                "precision": 0.14918032786885246,
                "recall": 0.22580645161290322,
                "f1-score": 0.17966436327739388,
                "support": 403.0
            },
            "2": {
                "precision": 0.632258064516129,
                "recall": 0.3684210526315789,
                "f1-score": 0.4655581947743468,
                "support": 532.0
            },
            "3": {
                "precision": 0.45555555555555555,
                "recall": 0.7288888888888889,
                "f1-score": 0.5606837606837607,
                "support": 450.0
            },
            "accuracy": 0.3602656336469286,
            "macro avg": {
                "precision": 0.3631407025539965,
                "recall": 0.35210611250135226,
                "f1-score": 0.3320368513307344,
                "support": 1807.0
            },
            "weighted avg": {
                "precision": 0.3832047716292018,
                "recall": 0.3602656336469286,
                "f1-score": 0.34530997723759416,
                "support": 1807.0
            }
        },
        "N": {
            "0": {
                "precision": 0.1782178217821782,
                "recall": 0.041189931350114416,
                "f1-score": 0.06691449814126393,
                "support": 437.0
            },
            "1": {
                "precision": 0.5706984667802385,
                "recall": 0.6646825396825397,
                "f1-score": 0.614115490375802,
                "support": 504.0
            },
            "2": {
                "precision": 0.6775777414075287,
                "recall": 0.9672897196261683,
                "f1-score": 0.7969201154956689,
                "support": 428.0
            },
            "3": {
                "precision": 0.5334645669291339,
                "recall": 0.6187214611872146,
                "f1-score": 0.572938689217759,
                "support": 438.0
            },
            "accuracy": 0.5744327614831212,
            "macro avg": {
                "precision": 0.48998964922476984,
                "recall": 0.5729709129615093,
                "f1-score": 0.5127221983076234,
                "support": 1807.0
            },
            "weighted avg": {
                "precision": 0.4920719252979718,
                "recall": 0.5744327614831212,
                "f1-score": 0.5150995009112681,
                "support": 1807.0
            }
        },
        "M": {
            "0": {
                "precision": 0.6245210727969349,
                "recall": 0.8642629904559915,
                "f1-score": 0.7250889679715302,
                "support": 943.0
            },
            "1": {
                "precision": 0.7450199203187251,
                "recall": 0.43287037037037035,
                "f1-score": 0.5475841874084919,
                "support": 864.0
            },
            "accuracy": 0.6579966795794134,
            "macro avg": {
                "precision": 0.6847704965578301,
                "recall": 0.6485666804131809,
                "f1-score": 0.6363365776900111,
                "support": 1807.0
            },
            "weighted avg": {
                "precision": 0.6821364597691688,
                "recall": 0.6579966795794134,
                "f1-score": 0.6402167319967292,
                "support": 1807.0
            }
        }
    },
    "final_metrics": {
        "val_f1_T": 0.3320368513307344,
        "val_f1_N": 0.5127221983076234,
        "val_f1_M": 0.6363365776900111,
        "val_f1_mean": 0.4936985424427897
    }
}