{
    "0": {
        "precision": 0.2731182795698925,
        "recall": 0.2906178489702517,
        "f1-score": 0.28159645232815966,
        "support": 437.0
    },
    "1": {
        "precision": 0.49201277955271566,
        "recall": 0.3055555555555556,
        "f1-score": 0.3769889840881273,
        "support": 504.0
    },
    "2": {
        "precision": 0.7909090909090909,
        "recall": 0.8130841121495327,
        "f1-score": 0.8018433179723502,
        "support": 428.0
    },
    "3": {
        "precision": 0.6179966044142614,
        "recall": 0.8310502283105022,
        "f1-score": 0.7088607594936709,
        "support": 438.0
    },
    "accuracy": 0.5495296070835639,
    "macro avg": {
        "precision": 0.5435091886114901,
        "recall": 0.5600769362464606,
        "f1-score": 0.5423223784705771,
        "support": 1807.0
    },
    "weighted avg": {
        "precision": 0.5404088172159098,
        "recall": 0.5495296070835639,
        "f1-score": 0.5349917268390789,
        "support": 1807.0
    }
}