{
    "0": {
        "precision": 0.22910216718266255,
        "recall": 0.17535545023696683,
        "f1-score": 0.19865771812080538,
        "support": 422.0
    },
    "1": {
        "precision": 0.17324561403508773,
        "recall": 0.19602977667493796,
        "f1-score": 0.1839348079161816,
        "support": 403.0
    },
    "2": {
        "precision": 0.6415584415584416,
        "recall": 0.4642857142857143,
        "f1-score": 0.5387131952017448,
        "support": 532.0
    },
    "3": {
        "precision": 0.4121306376360809,
        "recall": 0.5888888888888889,
        "f1-score": 0.484903934126258,
        "support": 450.0
    },
    "accuracy": 0.3680132816823464,
    "macro avg": {
        "precision": 0.3640092151030682,
        "recall": 0.35613995752162697,
        "f1-score": 0.35155241384124747,
        "support": 1807.0
    },
    "weighted avg": {
        "precision": 0.3836563225526017,
        "recall": 0.3680132816823464,
        "f1-score": 0.36677447417894044,
        "support": 1807.0
    }
}