{
    "train_metrics": [],
    "val_metrics": [],
    "hyperparameters": {
        "learning_rate": 0.00010968217207529509,
        "batch_size": 16,
        "weight_decay": 0.008105016126411584,
        "trainable_layers": 4,
        "dropout_rate": 0.29092484123462836,
        "optimizer": "RMSprop",
        "scheduler": "CosineAnnealingLR",
        "label_smoothing": 0.04879954961448965,
        "T_max": 6,
        "eta_min": 2.7863554145615697e-05
    },
    "class_weights": {
        "T": [
            1.020164132118225,
            0.9987770915031433,
            0.9719483256340027,
            1.010427713394165
        ],
        "N": [
            1.005452036857605,
            0.9579423666000366,
            1.0827651023864746,
            0.9634310603141785
        ],
        "M": [
            0.9742671847343445,
            1.027129054069519
        ]
    },
    "classification_reports": {
        "T": {
            "0": {
                "precision": 0.11618257261410789,
                "recall": 0.06635071090047394,
                "f1-score": 0.08446455505279035,
                "support": 422.0
            },
            "1": {
                "precision": 0.125,
                "recall": 0.1315136476426799,
                "f1-score": 0.12817412333736397,
                "support": 403.0
            },
            "2": {
                "precision": 0.6501457725947521,
                "recall": 0.4191729323308271,
                "f1-score": 0.5097142857142857,
                "support": 532.0
            },
            "3": {
                "precision": 0.3742177722152691,
                "recall": 0.6644444444444444,
                "f1-score": 0.4787830264211369,
                "support": 450.0
            },
            "accuracy": 0.3337022689540675,
            "macro avg": {
                "precision": 0.3163865293560323,
                "recall": 0.32037043382960634,
                "f1-score": 0.30028399763139424,
                "support": 1807.0
            },
            "weighted avg": {
                "precision": 0.3396123930052201,
                "recall": 0.3337022689540675,
                "f1-score": 0.3176085090352777,
                "support": 1807.0
            }
        },
        "N": {
            "0": {
                "precision": 0.41274238227146814,
                "recall": 0.34096109839816935,
                "f1-score": 0.37343358395989973,
                "support": 437.0
            },
            "1": {
                "precision": 0.5825242718446602,
                "recall": 0.47619047619047616,
                "f1-score": 0.5240174672489083,
                "support": 504.0
            },
            "2": {
                "precision": 0.7142857142857143,
                "recall": 0.9112149532710281,
                "f1-score": 0.8008213552361396,
                "support": 428.0
            },
            "3": {
                "precision": 0.7192622950819673,
                "recall": 0.8013698630136986,
                "f1-score": 0.7580993520518359,
                "support": 438.0
            },
            "accuracy": 0.6253458771444383,
            "macro avg": {
                "precision": 0.6072036658709525,
                "recall": 0.632434097718343,
                "f1-score": 0.6140929396241959,
                "support": 1807.0
            },
            "weighted avg": {
                "precision": 0.605817280034603,
                "recall": 0.6253458771444383,
                "f1-score": 0.6099027868974531,
                "support": 1807.0
            }
        },
        "M": {
            "0": {
                "precision": 0.6470588235294118,
                "recall": 0.8165429480381761,
                "f1-score": 0.7219878105954055,
                "support": 943.0
            },
            "1": {
                "precision": 0.7196110210696921,
                "recall": 0.5138888888888888,
                "f1-score": 0.599594868332208,
                "support": 864.0
            },
            "accuracy": 0.6718317653569452,
            "macro avg": {
                "precision": 0.683334922299552,
                "recall": 0.6652159184635325,
                "f1-score": 0.6607913394638067,
                "support": 1807.0
            },
            "weighted avg": {
                "precision": 0.6817489722149692,
                "recall": 0.6718317653569452,
                "f1-score": 0.6634667800943527,
                "support": 1807.0
            }
        }
    },
    "final_metrics": {
        "val_f1_T": 0.30028399763139424,
        "val_f1_N": 0.6140929396241959,
        "val_f1_M": 0.6607913394638067,
        "val_f1_mean": 0.525056092239799
    }
}