{
    "0": {
        "precision": 0.6031866464339909,
        "recall": 0.8430540827147401,
        "f1-score": 0.7032286598850066,
        "support": 943.0
    },
    "1": {
        "precision": 0.6973415132924335,
        "recall": 0.39467592592592593,
        "f1-score": 0.5040650406504065,
        "support": 864.0
    },
    "accuracy": 0.628666297731046,
    "macro avg": {
        "precision": 0.6502640798632122,
        "recall": 0.618865004320333,
        "f1-score": 0.6036468502677066,
        "support": 1807.0
    },
    "weighted avg": {
        "precision": 0.6482059076214255,
        "recall": 0.628666297731046,
        "f1-score": 0.608000454561988,
        "support": 1807.0
    }
}