{
    "train_metrics": [],
    "val_metrics": [],
    "hyperparameters": {
        "learning_rate": 2.7979396924056873e-05,
        "batch_size": 32,
        "weight_decay": 0.0010271536832435143,
        "trainable_layers": 2,
        "dropout_rate": 0.21130314508400755,
        "optimizer": "Adam",
        "scheduler": "StepLR",
        "label_smoothing": 0.004075566532113148,
        "step_size": 4,
        "gamma": 0.6517281255538389
    },
    "class_weights": {
        "T": [
            1.020164132118225,
            0.9987770915031433,
            0.9719483256340027,
            1.010427713394165
        ],
        "N": [
            1.005452036857605,
            0.9579423666000366,
            1.0827651023864746,
            0.9634310603141785
        ],
        "M": [
            0.9742671847343445,
            1.027129054069519
        ]
    },
    "classification_reports": {
        "T": {
            "0": {
                "precision": 0.41336633663366334,
                "recall": 0.3957345971563981,
                "f1-score": 0.4043583535108959,
                "support": 422.0
            },
            "1": {
                "precision": 0.1540880503144654,
                "recall": 0.12158808933002481,
                "f1-score": 0.13592233009708737,
                "support": 403.0
            },
            "2": {
                "precision": 0.6558139534883721,
                "recall": 0.5300751879699248,
                "f1-score": 0.5862785862785863,
                "support": 532.0
            },
            "3": {
                "precision": 0.383206106870229,
                "recall": 0.5577777777777778,
                "f1-score": 0.45429864253393665,
                "support": 450.0
            },
            "accuracy": 0.41449916989485336,
            "macro avg": {
                "precision": 0.40161861182668246,
                "recall": 0.40129391305853135,
                "f1-score": 0.3952144781051265,
                "support": 1807.0
            },
            "weighted avg": {
                "precision": 0.4194099887568082,
                "recall": 0.41449916989485336,
                "f1-score": 0.41048728348157365,
                "support": 1807.0
            }
        },
        "N": {
            "0": {
                "precision": 0.26410835214446954,
                "recall": 0.26773455377574373,
                "f1-score": 0.26590909090909093,
                "support": 437.0
            },
            "1": {
                "precision": 0.5754060324825986,
                "recall": 0.49206349206349204,
                "f1-score": 0.5304812834224599,
                "support": 504.0
            },
            "2": {
                "precision": 0.8106060606060606,
                "recall": 0.75,
                "f1-score": 0.779126213592233,
                "support": 428.0
            },
            "3": {
                "precision": 0.6089385474860335,
                "recall": 0.7465753424657534,
                "f1-score": 0.6707692307692308,
                "support": 438.0
            },
            "accuracy": 0.5605976757055894,
            "macro avg": {
                "precision": 0.5647647481797905,
                "recall": 0.5640933470762473,
                "f1-score": 0.5615714546732536,
                "support": 1807.0
            },
            "weighted avg": {
                "precision": 0.5639593071370446,
                "recall": 0.5605976757055894,
                "f1-score": 0.5593955628481414,
                "support": 1807.0
            }
        },
        "M": {
            "0": {
                "precision": 0.6450798990748529,
                "recall": 0.8133616118769883,
                "f1-score": 0.7195121951219512,
                "support": 943.0
            },
            "1": {
                "precision": 0.7152103559870551,
                "recall": 0.5115740740740741,
                "f1-score": 0.5964912280701754,
                "support": 864.0
            },
            "accuracy": 0.6690647482014388,
            "macro avg": {
                "precision": 0.680145127530954,
                "recall": 0.6624678429755312,
                "f1-score": 0.6580017115960632,
                "support": 1807.0
            },
            "weighted avg": {
                "precision": 0.6786121153294974,
                "recall": 0.6690647482014388,
                "f1-score": 0.6606908804939854,
                "support": 1807.0
            }
        }
    },
    "final_metrics": {
        "val_f1_T": 0.3952144781051265,
        "val_f1_N": 0.5615714546732536,
        "val_f1_M": 0.6580017115960632,
        "val_f1_mean": 0.5382625481248144
    }
}