{
    "0": {
        "precision": 0.12903225806451613,
        "recall": 0.02745995423340961,
        "f1-score": 0.045283018867924525,
        "support": 437.0
    },
    "1": {
        "precision": 0.5887521968365553,
        "recall": 0.6646825396825397,
        "f1-score": 0.6244175209692451,
        "support": 504.0
    },
    "2": {
        "precision": 0.6724960254372019,
        "recall": 0.9883177570093458,
        "f1-score": 0.8003784295175024,
        "support": 428.0
    },
    "3": {
        "precision": 0.5484496124031008,
        "recall": 0.6461187214611872,
        "f1-score": 0.5932914046121593,
        "support": 438.0
    },
    "accuracy": 0.5827338129496403,
    "macro avg": {
        "precision": 0.48468252318534355,
        "recall": 0.5816447430966205,
        "f1-score": 0.5158425934917079,
        "support": 1807.0
    },
    "weighted avg": {
        "precision": 0.48764108085196345,
        "recall": 0.5827338129496403,
        "f1-score": 0.518494030363807,
        "support": 1807.0
    }
}