{
    "0": {
        "precision": 0.6271604938271605,
        "recall": 0.8080593849416755,
        "f1-score": 0.706209453197405,
        "support": 943.0
    },
    "1": {
        "precision": 0.6942567567567568,
        "recall": 0.4756944444444444,
        "f1-score": 0.5645604395604396,
        "support": 864.0
    },
    "accuracy": 0.6491422246817931,
    "macro avg": {
        "precision": 0.6607086252919587,
        "recall": 0.64187691469306,
        "f1-score": 0.6353849463789223,
        "support": 1807.0
    },
    "weighted avg": {
        "precision": 0.659241938858246,
        "recall": 0.6491422246817931,
        "f1-score": 0.6384813138601951,
        "support": 1807.0
    }
}