{
    "0": {
        "precision": 0.3993435448577681,
        "recall": 0.8352402745995423,
        "f1-score": 0.540340488527017,
        "support": 437.0
    },
    "1": {
        "precision": 0.7276422764227642,
        "recall": 0.3551587301587302,
        "f1-score": 0.47733333333333333,
        "support": 504.0
    },
    "2": {
        "precision": 0.8604651162790697,
        "recall": 0.6915887850467289,
        "f1-score": 0.7668393782383419,
        "support": 428.0
    },
    "3": {
        "precision": 0.7491749174917491,
        "recall": 0.5182648401826484,
        "f1-score": 0.6126855600539811,
        "support": 438.0
    },
    "accuracy": 0.5904814609850582,
    "macro avg": {
        "precision": 0.6841564637628378,
        "recall": 0.6000631574969124,
        "f1-score": 0.5992996900381684,
        "support": 1807.0
    },
    "weighted avg": {
        "precision": 0.6849266851404238,
        "recall": 0.5904814609850582,
        "f1-score": 0.5939503722611845,
        "support": 1807.0
    }
}