{
    "0": {
        "precision": 0.38904899135446686,
        "recall": 0.31990521327014215,
        "f1-score": 0.3511053315994798,
        "support": 422.0
    },
    "1": {
        "precision": 0.1540785498489426,
        "recall": 0.12655086848635236,
        "f1-score": 0.13896457765667575,
        "support": 403.0
    },
    "2": {
        "precision": 0.6365638766519823,
        "recall": 0.543233082706767,
        "f1-score": 0.5862068965517241,
        "support": 532.0
    },
    "3": {
        "precision": 0.4,
        "recall": 0.6,
        "f1-score": 0.48,
        "support": 450.0
    },
    "accuracy": 0.41228555617044826,
    "macro avg": {
        "precision": 0.3949228544638479,
        "recall": 0.3974222911158154,
        "f1-score": 0.3890692014519699,
        "support": 1807.0
    },
    "weighted avg": {
        "precision": 0.4122436703484026,
        "recall": 0.41228555617044826,
        "f1-score": 0.4051086019347748,
        "support": 1807.0
    }
}