{
    "train_metrics": [],
    "val_metrics": [],
    "hyperparameters": {
        "learning_rate": 0.0009233626716608491,
        "batch_size": 32,
        "weight_decay": 0.00717852004002711,
        "trainable_layers": 2,
        "dropout_rate": 0.23581675409468592,
        "optimizer": "Adam",
        "scheduler": "ReduceLROnPlateau",
        "label_smoothing": 0.01922463572133546,
        "factor": 0.42912421847445587,
        "patience": 3
    },
    "class_weights": {
        "T": [
            1.020164132118225,
            0.9987770915031433,
            0.9719483256340027,
            1.010427713394165
        ],
        "N": [
            1.005452036857605,
            0.9579423666000366,
            1.0827651023864746,
            0.9634310603141785
        ],
        "M": [
            0.9742671847343445,
            1.027129054069519
        ]
    },
    "classification_reports": {
        "T": {
            "0": {
                "precision": 0.3283582089552239,
                "recall": 0.3127962085308057,
                "f1-score": 0.32038834951456313,
                "support": 422.0
            },
            "1": {
                "precision": 0.13307984790874525,
                "recall": 0.08684863523573201,
                "f1-score": 0.10510510510510511,
                "support": 403.0
            },
            "2": {
                "precision": 0.6779220779220779,
                "recall": 0.4906015037593985,
                "f1-score": 0.569247546346783,
                "support": 532.0
            },
            "3": {
                "precision": 0.3619550858652576,
                "recall": 0.6088888888888889,
                "f1-score": 0.4540182270091135,
                "support": 450.0
            },
            "accuracy": 0.38848920863309355,
            "macro avg": {
                "precision": 0.3753288051628262,
                "recall": 0.37478380910370623,
                "f1-score": 0.3621898069938912,
                "support": 1807.0
            },
            "weighted avg": {
                "precision": 0.396088919192164,
                "recall": 0.38848920863309355,
                "f1-score": 0.37892038608914924,
                "support": 1807.0
            }
        },
        "N": {
            "0": {
                "precision": 0.45907473309608543,
                "recall": 0.2951945080091533,
                "f1-score": 0.3593314763231198,
                "support": 437.0
            },
            "1": {
                "precision": 0.6993987975951904,
                "recall": 0.6924603174603174,
                "f1-score": 0.6959122632103689,
                "support": 504.0
            },
            "2": {
                "precision": 0.7577777777777778,
                "recall": 0.7967289719626168,
                "f1-score": 0.7767653758542141,
                "support": 428.0
            },
            "3": {
                "precision": 0.6256499133448874,
                "recall": 0.8242009132420092,
                "f1-score": 0.7113300492610838,
                "support": 438.0
            },
            "accuracy": 0.6530160486995019,
            "macro avg": {
                "precision": 0.6354753054534853,
                "recall": 0.6521461776685242,
                "f1-score": 0.6358347911621967,
                "support": 1807.0
            },
            "weighted avg": {
                "precision": 0.6372308817293386,
                "recall": 0.6530160486995019,
                "f1-score": 0.6374022015789638,
                "support": 1807.0
            }
        },
        "M": {
            "0": {
                "precision": 0.649641577060932,
                "recall": 0.7688229056203606,
                "f1-score": 0.704225352112676,
                "support": 943.0
            },
            "1": {
                "precision": 0.6845151953690304,
                "recall": 0.5474537037037037,
                "f1-score": 0.6083601286173633,
                "support": 864.0
            },
            "accuracy": 0.6629773104593248,
            "macro avg": {
                "precision": 0.6670783862149812,
                "recall": 0.6581383046620322,
                "f1-score": 0.6562927403650196,
                "support": 1807.0
            },
            "weighted avg": {
                "precision": 0.6663160686039297,
                "recall": 0.6629773104593248,
                "f1-score": 0.6583883000374408,
                "support": 1807.0
            }
        }
    },
    "final_metrics": {
        "val_f1_T": 0.3621898069938912,
        "val_f1_N": 0.6358347911621967,
        "val_f1_M": 0.6562927403650196,
        "val_f1_mean": 0.5514391128403692
    }
}