{
    "train_metrics": [],
    "val_metrics": [],
    "hyperparameters": {
        "learning_rate": 1.0422528095576176e-05,
        "batch_size": 32,
        "weight_decay": 0.002482076244951997,
        "trainable_layers": 3,
        "dropout_rate": 0.23504328345933778,
        "optimizer": "Adam",
        "scheduler": "StepLR",
        "label_smoothing": 0.06971834584969883,
        "step_size": 6,
        "gamma": 0.5026278165997742
    },
    "class_weights": {
        "T": [
            1.020164132118225,
            0.9987770915031433,
            0.9719483256340027,
            1.010427713394165
        ],
        "N": [
            1.005452036857605,
            0.9579423666000366,
            1.0827651023864746,
            0.9634310603141785
        ],
        "M": [
            0.9742671847343445,
            1.027129054069519
        ]
    },
    "classification_reports": {
        "T": {
            "0": {
                "precision": 0.3565459610027855,
                "recall": 0.3033175355450237,
                "f1-score": 0.32778489116517284,
                "support": 422.0
            },
            "1": {
                "precision": 0.22404371584699453,
                "recall": 0.20347394540942929,
                "f1-score": 0.21326397919375814,
                "support": 403.0
            },
            "2": {
                "precision": 0.6135265700483091,
                "recall": 0.4774436090225564,
                "f1-score": 0.5369978858350951,
                "support": 532.0
            },
            "3": {
                "precision": 0.38622754491017963,
                "recall": 0.5733333333333334,
                "f1-score": 0.46153846153846156,
                "support": 450.0
            },
            "accuracy": 0.39955727725511897,
            "macro avg": {
                "precision": 0.3950859479520672,
                "recall": 0.38939210582758566,
                "f1-score": 0.38489630443312195,
                "support": 1807.0
            },
            "weighted avg": {
                "precision": 0.4100445730519068,
                "recall": 0.39955727725511897,
                "f1-score": 0.3971476428574243,
                "support": 1807.0
            }
        },
        "N": {
            "0": {
                "precision": 0.28255528255528256,
                "recall": 0.2631578947368421,
                "f1-score": 0.2725118483412322,
                "support": 437.0
            },
            "1": {
                "precision": 0.599009900990099,
                "recall": 0.4801587301587302,
                "f1-score": 0.5330396475770925,
                "support": 504.0
            },
            "2": {
                "precision": 0.7832167832167832,
                "recall": 0.7850467289719626,
                "f1-score": 0.7841306884480747,
                "support": 428.0
            },
            "3": {
                "precision": 0.5784832451499118,
                "recall": 0.7488584474885844,
                "f1-score": 0.6527363184079602,
                "support": 438.0
            },
            "accuracy": 0.5650249031543996,
            "macro avg": {
                "precision": 0.5608163029780191,
                "recall": 0.5693054503390298,
                "f1-score": 0.5606046256935899,
                "support": 1807.0
            },
            "weighted avg": {
                "precision": 0.561134528593311,
                "recall": 0.5650249031543996,
                "f1-score": 0.5585202557954819,
                "support": 1807.0
            }
        },
        "M": {
            "0": {
                "precision": 0.6306235201262825,
                "recall": 0.8472958642629904,
                "f1-score": 0.7230769230769231,
                "support": 943.0
            },
            "1": {
                "precision": 0.7333333333333333,
                "recall": 0.4583333333333333,
                "f1-score": 0.5641025641025641,
                "support": 864.0
            },
            "accuracy": 0.6613171001660211,
            "macro avg": {
                "precision": 0.6819784267298079,
                "recall": 0.6528145987981618,
                "f1-score": 0.6435897435897435,
                "support": 1807.0
            },
            "weighted avg": {
                "precision": 0.6797332481898641,
                "recall": 0.6613171001660211,
                "f1-score": 0.6470648333404283,
                "support": 1807.0
            }
        }
    },
    "final_metrics": {
        "val_f1_T": 0.38489630443312195,
        "val_f1_N": 0.5606046256935899,
        "val_f1_M": 0.6435897435897435,
        "val_f1_mean": 0.5296968912388185
    }
}