{
    "0": {
        "precision": 0.3407202216066482,
        "recall": 0.2914691943127962,
        "f1-score": 0.31417624521072796,
        "support": 422.0
    },
    "1": {
        "precision": 0.1978319783197832,
        "recall": 0.18114143920595532,
        "f1-score": 0.18911917098445596,
        "support": 403.0
    },
    "2": {
        "precision": 0.6174334140435835,
        "recall": 0.4793233082706767,
        "f1-score": 0.5396825396825397,
        "support": 532.0
    },
    "3": {
        "precision": 0.3870481927710843,
        "recall": 0.5711111111111111,
        "f1-score": 0.4614003590664273,
        "support": 450.0
    },
    "accuracy": 0.39180962921970114,
    "macro avg": {
        "precision": 0.38575845168527484,
        "recall": 0.3807612632251348,
        "f1-score": 0.37609457873603774,
        "support": 1807.0
    },
    "weighted avg": {
        "precision": 0.40185748965083146,
        "recall": 0.39180962921970114,
        "f1-score": 0.38934071614646726,
        "support": 1807.0
    }
}