{
    "0": {
        "precision": 0.45604395604395603,
        "recall": 0.37986270022883295,
        "f1-score": 0.41448189762796506,
        "support": 437.0
    },
    "1": {
        "precision": 0.6621621621621622,
        "recall": 0.4861111111111111,
        "f1-score": 0.5606407322654462,
        "support": 504.0
    },
    "2": {
        "precision": 0.7109704641350211,
        "recall": 0.7873831775700935,
        "f1-score": 0.7472283813747228,
        "support": 428.0
    },
    "3": {
        "precision": 0.5626043405676127,
        "recall": 0.769406392694064,
        "f1-score": 0.6499517839922855,
        "support": 438.0
    },
    "accuracy": 0.600442722744881,
    "macro avg": {
        "precision": 0.597945230727188,
        "recall": 0.6056908454010254,
        "f1-score": 0.5930756988151049,
        "support": 1807.0
    },
    "weighted avg": {
        "precision": 0.5997437732923863,
        "recall": 0.600442722744881,
        "f1-score": 0.591136771965804,
        "support": 1807.0
    }
}