{
    "train_metrics": [],
    "val_metrics": [],
    "hyperparameters": {
        "learning_rate": 1.919166841745531e-05,
        "batch_size": 32,
        "weight_decay": 0.00021419374774139788,
        "trainable_layers": 2,
        "dropout_rate": 0.21992936843121716,
        "optimizer": "Adam",
        "scheduler": "CosineAnnealingLR",
        "label_smoothing": 0.012546483586865713,
        "T_max": 7,
        "eta_min": 2.4086483003140077e-05
    },
    "class_weights": {
        "T": [
            1.020164132118225,
            0.9987770915031433,
            0.9719483256340027,
            1.010427713394165
        ],
        "N": [
            1.005452036857605,
            0.9579423666000366,
            1.0827651023864746,
            0.9634310603141785
        ],
        "M": [
            0.9742671847343445,
            1.027129054069519
        ]
    },
    "classification_reports": {
        "T": {
            "0": {
                "precision": 0.4199475065616798,
                "recall": 0.3791469194312796,
                "f1-score": 0.398505603985056,
                "support": 422.0
            },
            "1": {
                "precision": 0.17525773195876287,
                "recall": 0.2109181141439206,
                "f1-score": 0.19144144144144143,
                "support": 403.0
            },
            "2": {
                "precision": 0.6804123711340206,
                "recall": 0.37218045112781956,
                "f1-score": 0.48116646415552855,
                "support": 532.0
            },
            "3": {
                "precision": 0.3861538461538462,
                "recall": 0.5577777777777778,
                "f1-score": 0.45636363636363636,
                "support": 450.0
            },
            "accuracy": 0.38406198118428336,
            "macro avg": {
                "precision": 0.4154428639520774,
                "recall": 0.3800058156201994,
                "f1-score": 0.38186928648641555,
                "support": 1807.0
            },
            "weighted avg": {
                "precision": 0.4336443419817045,
                "recall": 0.38406198118428336,
                "f1-score": 0.3910705373973282,
                "support": 1807.0
            }
        },
        "N": {
            "0": {
                "precision": 0.288135593220339,
                "recall": 0.2334096109839817,
                "f1-score": 0.2579013906447535,
                "support": 437.0
            },
            "1": {
                "precision": 0.5991091314031181,
                "recall": 0.5337301587301587,
                "f1-score": 0.5645330535152151,
                "support": 504.0
            },
            "2": {
                "precision": 0.7675544794188862,
                "recall": 0.7406542056074766,
                "f1-score": 0.7538644470868014,
                "support": 428.0
            },
            "3": {
                "precision": 0.5702199661590525,
                "recall": 0.769406392694064,
                "f1-score": 0.6550048590864918,
                "support": 438.0
            },
            "accuracy": 0.5672385168788047,
            "macro avg": {
                "precision": 0.5562547925503489,
                "recall": 0.5693000920039203,
                "f1-score": 0.5578259375833154,
                "support": 1807.0
            },
            "weighted avg": {
                "precision": 0.5567990696366397,
                "recall": 0.5672385168788047,
                "f1-score": 0.5571520079227781,
                "support": 1807.0
            }
        },
        "M": {
            "0": {
                "precision": 0.6543321299638989,
                "recall": 0.7688229056203606,
                "f1-score": 0.7069722086786934,
                "support": 943.0
            },
            "1": {
                "precision": 0.6881258941344778,
                "recall": 0.5567129629629629,
                "f1-score": 0.6154830454254638,
                "support": 864.0
            },
            "accuracy": 0.667404537908135,
            "macro avg": {
                "precision": 0.6712290120491884,
                "recall": 0.6627679342916617,
                "f1-score": 0.6612276270520786,
                "support": 1807.0
            },
            "weighted avg": {
                "precision": 0.6704902994400362,
                "recall": 0.667404537908135,
                "f1-score": 0.663227528517769,
                "support": 1807.0
            }
        }
    },
    "final_metrics": {
        "val_f1_T": 0.38186928648641555,
        "val_f1_N": 0.5578259375833154,
        "val_f1_M": 0.6612276270520786,
        "val_f1_mean": 0.5336409503739366
    }
}