{
    "train_metrics": [],
    "val_metrics": [],
    "hyperparameters": {
        "learning_rate": 5.907057126126375e-05,
        "batch_size": 32,
        "weight_decay": 0.0034021579092948814,
        "trainable_layers": 2,
        "dropout_rate": 0.22903480834312584,
        "optimizer": "SGD",
        "scheduler": "CosineAnnealingLR",
        "label_smoothing": 0.02387329346533205,
        "momentum": 0.9894318541941014,
        "T_max": 7,
        "eta_min": 1.3031720368669041e-05
    },
    "class_weights": {
        "T": [
            1.020164132118225,
            0.9987770915031433,
            0.9719483256340027,
            1.010427713394165
        ],
        "N": [
            1.005452036857605,
            0.9579423666000366,
            1.0827651023864746,
            0.9634310603141785
        ],
        "M": [
            0.9742671847343445,
            1.027129054069519
        ]
    },
    "classification_reports": {
        "T": {
            "0": {
                "precision": 0.4101123595505618,
                "recall": 0.3459715639810427,
                "f1-score": 0.37532133676092544,
                "support": 422.0
            },
            "1": {
                "precision": 0.15126050420168066,
                "recall": 0.13399503722084366,
                "f1-score": 0.14210526315789473,
                "support": 403.0
            },
            "2": {
                "precision": 0.6009174311926605,
                "recall": 0.4924812030075188,
                "f1-score": 0.5413223140495868,
                "support": 532.0
            },
            "3": {
                "precision": 0.44984802431610943,
                "recall": 0.6577777777777778,
                "f1-score": 0.5342960288808665,
                "support": 450.0
            },
            "accuracy": 0.4194798007747648,
            "macro avg": {
                "precision": 0.4030345798152531,
                "recall": 0.40755639549679573,
                "f1-score": 0.3982612357123183,
                "support": 1807.0
            },
            "weighted avg": {
                "precision": 0.4184532834866403,
                "recall": 0.4194798007747648,
                "f1-score": 0.41177128347344333,
                "support": 1807.0
            }
        },
        "N": {
            "0": {
                "precision": 0.3146067415730337,
                "recall": 0.2562929061784897,
                "f1-score": 0.28247162673392184,
                "support": 437.0
            },
            "1": {
                "precision": 0.504885993485342,
                "recall": 0.6150793650793651,
                "f1-score": 0.554561717352415,
                "support": 504.0
            },
            "2": {
                "precision": 0.7865707434052758,
                "recall": 0.7663551401869159,
                "f1-score": 0.7763313609467456,
                "support": 428.0
            },
            "3": {
                "precision": 0.44761904761904764,
                "recall": 0.4292237442922374,
                "f1-score": 0.4382284382284382,
                "support": 438.0
            },
            "accuracy": 0.5190924183729939,
            "macro avg": {
                "precision": 0.5134206315206749,
                "recall": 0.516737788934252,
                "f1-score": 0.5128982858153801,
                "support": 1807.0
            },
            "weighted avg": {
                "precision": 0.5117073092521466,
                "recall": 0.5190924183729939,
                "f1-score": 0.5130896983163276,
                "support": 1807.0
            }
        },
        "M": {
            "0": {
                "precision": 0.5896843725943033,
                "recall": 0.8123011664899258,
                "f1-score": 0.6833184656556646,
                "support": 943.0
            },
            "1": {
                "precision": 0.6515748031496063,
                "recall": 0.38310185185185186,
                "f1-score": 0.48250728862973763,
                "support": 864.0
            },
            "accuracy": 0.6070835639180963,
            "macro avg": {
                "precision": 0.6206295878719548,
                "recall": 0.5977015091708888,
                "f1-score": 0.5829128771427011,
                "support": 1807.0
            },
            "weighted avg": {
                "precision": 0.6192766979954001,
                "recall": 0.6070835639180963,
                "f1-score": 0.5873024961203016,
                "support": 1807.0
            }
        }
    },
    "final_metrics": {
        "val_f1_T": 0.3982612357123183,
        "val_f1_N": 0.5128982858153801,
        "val_f1_M": 0.5829128771427011,
        "val_f1_mean": 0.49802413289013314
    }
}