{
    "0": {
        "precision": 0.18840579710144928,
        "recall": 0.2379862700228833,
        "f1-score": 0.2103134479271992,
        "support": 437.0
    },
    "1": {
        "precision": 0.4013605442176871,
        "recall": 0.35119047619047616,
        "f1-score": 0.3746031746031746,
        "support": 504.0
    },
    "2": {
        "precision": 0.7574257425742574,
        "recall": 0.7149532710280374,
        "f1-score": 0.7355769230769231,
        "support": 428.0
    },
    "3": {
        "precision": 0.7170731707317073,
        "recall": 0.6712328767123288,
        "f1-score": 0.6933962264150944,
        "support": 438.0
    },
    "accuracy": 0.48754842280022137,
    "macro avg": {
        "precision": 0.5160663136562753,
        "recall": 0.49384072348843144,
        "f1-score": 0.5034724430055979,
        "support": 1807.0
    },
    "weighted avg": {
        "precision": 0.5107223653687424,
        "recall": 0.48754842280022137,
        "f1-score": 0.4976433021532487,
        "support": 1807.0
    }
}