{
    "0": {
        "precision": 0.6763668430335097,
        "recall": 0.8133616118769883,
        "f1-score": 0.7385652383245065,
        "support": 943.0
    },
    "1": {
        "precision": 0.7384843982169391,
        "recall": 0.5752314814814815,
        "f1-score": 0.6467143786597267,
        "support": 864.0
    },
    "accuracy": 0.6995019369120089,
    "macro avg": {
        "precision": 0.7074256206252244,
        "recall": 0.6942965466792349,
        "f1-score": 0.6926398084921166,
        "support": 1807.0
    },
    "weighted avg": {
        "precision": 0.7060677659325041,
        "recall": 0.6995019369120089,
        "f1-score": 0.6946476164371961,
        "support": 1807.0
    }
}