{
    "0": {
        "precision": 0.26410835214446954,
        "recall": 0.26773455377574373,
        "f1-score": 0.26590909090909093,
        "support": 437.0
    },
    "1": {
        "precision": 0.5754060324825986,
        "recall": 0.49206349206349204,
        "f1-score": 0.5304812834224599,
        "support": 504.0
    },
    "2": {
        "precision": 0.8106060606060606,
        "recall": 0.75,
        "f1-score": 0.779126213592233,
        "support": 428.0
    },
    "3": {
        "precision": 0.6089385474860335,
        "recall": 0.7465753424657534,
        "f1-score": 0.6707692307692308,
        "support": 438.0
    },
    "accuracy": 0.5605976757055894,
    "macro avg": {
        "precision": 0.5647647481797905,
        "recall": 0.5640933470762473,
        "f1-score": 0.5615714546732536,
        "support": 1807.0
    },
    "weighted avg": {
        "precision": 0.5639593071370446,
        "recall": 0.5605976757055894,
        "f1-score": 0.5593955628481414,
        "support": 1807.0
    }
}