{
    "0": {
        "precision": 0.35537190082644626,
        "recall": 0.3056872037914692,
        "f1-score": 0.3286624203821656,
        "support": 422.0
    },
    "1": {
        "precision": 0.14898989898989898,
        "recall": 0.14640198511166252,
        "f1-score": 0.1476846057571965,
        "support": 403.0
    },
    "2": {
        "precision": 0.6844547563805105,
        "recall": 0.5545112781954887,
        "f1-score": 0.612668743509865,
        "support": 532.0
    },
    "3": {
        "precision": 0.41491085899513774,
        "recall": 0.5688888888888889,
        "f1-score": 0.47985004686035615,
        "support": 450.0
    },
    "accuracy": 0.4089651355838406,
    "macro avg": {
        "precision": 0.4009318537979984,
        "recall": 0.39387233899687735,
        "f1-score": 0.3922164541273958,
        "support": 1807.0
    },
    "weighted avg": {
        "precision": 0.4210568281040028,
        "recall": 0.4089651355838406,
        "f1-score": 0.40956542897389736,
        "support": 1807.0
    }
}