{
    "train_metrics": [],
    "val_metrics": [],
    "hyperparameters": {
        "learning_rate": 1.4827946114489266e-05,
        "batch_size": 16,
        "weight_decay": 0.002059789577478783,
        "trainable_layers": 2,
        "dropout_rate": 0.2829990749152183,
        "optimizer": "Adam",
        "scheduler": "CosineAnnealingLR",
        "label_smoothing": 0.01585790529252049,
        "T_max": 5,
        "eta_min": 8.841818642625228e-06
    },
    "class_weights": {
        "T": [
            1.020164132118225,
            0.9987770915031433,
            0.9719483256340027,
            1.010427713394165
        ],
        "N": [
            1.005452036857605,
            0.9579423666000366,
            1.0827651023864746,
            0.9634310603141785
        ],
        "M": [
            0.9742671847343445,
            1.027129054069519
        ]
    },
    "classification_reports": {
        "T": {
            "0": {
                "precision": 0.4427083333333333,
                "recall": 0.4028436018957346,
                "f1-score": 0.4218362282878412,
                "support": 422.0
            },
            "1": {
                "precision": 0.1989795918367347,
                "recall": 0.1935483870967742,
                "f1-score": 0.19622641509433963,
                "support": 403.0
            },
            "2": {
                "precision": 0.618421052631579,
                "recall": 0.4417293233082707,
                "f1-score": 0.5153508771929824,
                "support": 532.0
            },
            "3": {
                "precision": 0.39477726574500765,
                "recall": 0.5711111111111111,
                "f1-score": 0.46684831970935514,
                "support": 450.0
            },
            "accuracy": 0.4095185390149419,
            "macro avg": {
                "precision": 0.4137215608866637,
                "recall": 0.40230810585297266,
                "f1-score": 0.4000654600711296,
                "support": 1807.0
            },
            "weighted avg": {
                "precision": 0.42814690744998574,
                "recall": 0.4095185390149419,
                "f1-score": 0.4102615075574789,
                "support": 1807.0
            }
        },
        "N": {
            "0": {
                "precision": 0.30612244897959184,
                "recall": 0.2745995423340961,
                "f1-score": 0.28950542822677927,
                "support": 437.0
            },
            "1": {
                "precision": 0.5812356979405034,
                "recall": 0.503968253968254,
                "f1-score": 0.5398512221041445,
                "support": 504.0
            },
            "2": {
                "precision": 0.7613365155131265,
                "recall": 0.7453271028037384,
                "f1-score": 0.7532467532467533,
                "support": 428.0
            },
            "3": {
                "precision": 0.6100178890876565,
                "recall": 0.7785388127853882,
                "f1-score": 0.6840521564694082,
                "support": 438.0
            },
            "accuracy": 0.5722191477587161,
            "macro avg": {
                "precision": 0.5646781378802196,
                "recall": 0.5756084279728692,
                "f1-score": 0.5666638900117713,
                "support": 1807.0
            },
            "weighted avg": {
                "precision": 0.5643376679723892,
                "recall": 0.5722191477587161,
                "f1-score": 0.5648053918089665,
                "support": 1807.0
            }
        },
        "M": {
            "0": {
                "precision": 0.6148491879350348,
                "recall": 0.8430540827147401,
                "f1-score": 0.7110912343470484,
                "support": 943.0
            },
            "1": {
                "precision": 0.7120622568093385,
                "recall": 0.4236111111111111,
                "f1-score": 0.5312046444121916,
                "support": 864.0
            },
            "accuracy": 0.6425013835085778,
            "macro avg": {
                "precision": 0.6634557223721866,
                "recall": 0.6333325969129256,
                "f1-score": 0.62114793937962,
                "support": 1807.0
            },
            "weighted avg": {
                "precision": 0.6613306995606011,
                "recall": 0.6425013835085778,
                "f1-score": 0.6250801586947428,
                "support": 1807.0
            }
        }
    },
    "final_metrics": {
        "val_f1_T": 0.4000654600711296,
        "val_f1_N": 0.5666638900117713,
        "val_f1_M": 0.62114793937962,
        "val_f1_mean": 0.5292924298208402
    }
}