{
    "0": {
        "precision": 0.2826086956521739,
        "recall": 0.2379862700228833,
        "f1-score": 0.25838509316770186,
        "support": 437.0
    },
    "1": {
        "precision": 0.6213151927437641,
        "recall": 0.5436507936507936,
        "f1-score": 0.5798941798941799,
        "support": 504.0
    },
    "2": {
        "precision": 0.7712895377128953,
        "recall": 0.7406542056074766,
        "f1-score": 0.7556615017878426,
        "support": 428.0
    },
    "3": {
        "precision": 0.5025553662691652,
        "recall": 0.6735159817351598,
        "f1-score": 0.5756097560975609,
        "support": 438.0
    },
    "accuracy": 0.5478693967902601,
    "macro avg": {
        "precision": 0.5444421980944997,
        "recall": 0.5489518127540783,
        "f1-score": 0.5423876327368213,
        "support": 1807.0
    },
    "weighted avg": {
        "precision": 0.5461394741061819,
        "recall": 0.5478693967902601,
        "f1-score": 0.542734448432142,
        "support": 1807.0
    }
}