{
    "0": {
        "precision": 0.4101123595505618,
        "recall": 0.3459715639810427,
        "f1-score": 0.37532133676092544,
        "support": 422.0
    },
    "1": {
        "precision": 0.15126050420168066,
        "recall": 0.13399503722084366,
        "f1-score": 0.14210526315789473,
        "support": 403.0
    },
    "2": {
        "precision": 0.6009174311926605,
        "recall": 0.4924812030075188,
        "f1-score": 0.5413223140495868,
        "support": 532.0
    },
    "3": {
        "precision": 0.44984802431610943,
        "recall": 0.6577777777777778,
        "f1-score": 0.5342960288808665,
        "support": 450.0
    },
    "accuracy": 0.4194798007747648,
    "macro avg": {
        "precision": 0.4030345798152531,
        "recall": 0.40755639549679573,
        "f1-score": 0.3982612357123183,
        "support": 1807.0
    },
    "weighted avg": {
        "precision": 0.4184532834866403,
        "recall": 0.4194798007747648,
        "f1-score": 0.41177128347344333,
        "support": 1807.0
    }
}