{
    "0": {
        "precision": 0.3565459610027855,
        "recall": 0.3033175355450237,
        "f1-score": 0.32778489116517284,
        "support": 422.0
    },
    "1": {
        "precision": 0.22404371584699453,
        "recall": 0.20347394540942929,
        "f1-score": 0.21326397919375814,
        "support": 403.0
    },
    "2": {
        "precision": 0.6135265700483091,
        "recall": 0.4774436090225564,
        "f1-score": 0.5369978858350951,
        "support": 532.0
    },
    "3": {
        "precision": 0.38622754491017963,
        "recall": 0.5733333333333334,
        "f1-score": 0.46153846153846156,
        "support": 450.0
    },
    "accuracy": 0.39955727725511897,
    "macro avg": {
        "precision": 0.3950859479520672,
        "recall": 0.38939210582758566,
        "f1-score": 0.38489630443312195,
        "support": 1807.0
    },
    "weighted avg": {
        "precision": 0.4100445730519068,
        "recall": 0.39955727725511897,
        "f1-score": 0.3971476428574243,
        "support": 1807.0
    }
}