{
    "0": {
        "precision": 0.3504273504273504,
        "recall": 0.0971563981042654,
        "f1-score": 0.15213358070500926,
        "support": 422.0
    },
    "1": {
        "precision": 0.13447432762836187,
        "recall": 0.13647642679900746,
        "f1-score": 0.1354679802955665,
        "support": 403.0
    },
    "2": {
        "precision": 0.7055702917771883,
        "recall": 0.5,
        "f1-score": 0.5852585258525853,
        "support": 532.0
    },
    "3": {
        "precision": 0.3639380530973451,
        "recall": 0.7311111111111112,
        "f1-score": 0.4859675036927622,
        "support": 450.0
    },
    "accuracy": 0.38240177089097954,
    "macro avg": {
        "precision": 0.38860250573256144,
        "recall": 0.36618598400359603,
        "f1-score": 0.3397068976364808,
        "support": 1807.0
    },
    "weighted avg": {
        "precision": 0.41018761208292265,
        "recall": 0.38240177089097954,
        "f1-score": 0.35906855535802196,
        "support": 1807.0
    }
}