{
    "0": {
        "precision": 0.35501355013550134,
        "recall": 0.3104265402843602,
        "f1-score": 0.33122629582806573,
        "support": 422.0
    },
    "1": {
        "precision": 0.22841225626740946,
        "recall": 0.20347394540942929,
        "f1-score": 0.2152230971128609,
        "support": 403.0
    },
    "2": {
        "precision": 0.5610278372591007,
        "recall": 0.4924812030075188,
        "f1-score": 0.5245245245245245,
        "support": 532.0
    },
    "3": {
        "precision": 0.3937908496732026,
        "recall": 0.5355555555555556,
        "f1-score": 0.4538606403013183,
        "support": 450.0
    },
    "accuracy": 0.39623685666851133,
    "macro avg": {
        "precision": 0.3845611233338035,
        "recall": 0.38548431106421593,
        "f1-score": 0.38120863944169237,
        "support": 1807.0
    },
    "weighted avg": {
        "precision": 0.3970882950789874,
        "recall": 0.39623685666851133,
        "f1-score": 0.39280395138824953,
        "support": 1807.0
    }
}