{
    "train_metrics": [],
    "val_metrics": [],
    "hyperparameters": {
        "learning_rate": 3.5281136089748753e-05,
        "batch_size": 32,
        "weight_decay": 0.007036344793792938,
        "trainable_layers": 2,
        "dropout_rate": 0.26273531650624893,
        "optimizer": "RMSprop",
        "scheduler": "CosineAnnealingLR",
        "label_smoothing": 0.08553744102255628,
        "T_max": 8,
        "eta_min": 3.468438107993958e-05
    },
    "class_weights": {
        "T": [
            1.020164132118225,
            0.9987770915031433,
            0.9719483256340027,
            1.010427713394165
        ],
        "N": [
            1.005452036857605,
            0.9579423666000366,
            1.0827651023864746,
            0.9634310603141785
        ],
        "M": [
            0.9742671847343445,
            1.027129054069519
        ]
    },
    "classification_reports": {
        "T": {
            "0": {
                "precision": 0.21379310344827587,
                "recall": 0.14691943127962084,
                "f1-score": 0.17415730337078653,
                "support": 422.0
            },
            "1": {
                "precision": 0.1575984990619137,
                "recall": 0.20843672456575682,
                "f1-score": 0.1794871794871795,
                "support": 403.0
            },
            "2": {
                "precision": 0.7248677248677249,
                "recall": 0.5150375939849624,
                "f1-score": 0.6021978021978022,
                "support": 532.0
            },
            "3": {
                "precision": 0.4306930693069307,
                "recall": 0.58,
                "f1-score": 0.4943181818181818,
                "support": 450.0
            },
            "accuracy": 0.3768677365799668,
            "macro avg": {
                "precision": 0.38173809917121126,
                "recall": 0.362598437457585,
                "f1-score": 0.3625401167184875,
                "support": 1807.0
            },
            "weighted avg": {
                "precision": 0.4057412261178041,
                "recall": 0.3768677365799668,
                "f1-score": 0.3810958095977962,
                "support": 1807.0
            }
        },
        "N": {
            "0": {
                "precision": 0.289002557544757,
                "recall": 0.2585812356979405,
                "f1-score": 0.27294685990338163,
                "support": 437.0
            },
            "1": {
                "precision": 0.5760517799352751,
                "recall": 0.3531746031746032,
                "f1-score": 0.43788437884378845,
                "support": 504.0
            },
            "2": {
                "precision": 0.7752808988764045,
                "recall": 0.8060747663551402,
                "f1-score": 0.7903780068728522,
                "support": 428.0
            },
            "3": {
                "precision": 0.5120845921450151,
                "recall": 0.773972602739726,
                "f1-score": 0.6163636363636363,
                "support": 438.0
            },
            "accuracy": 0.539568345323741,
            "macro avg": {
                "precision": 0.5381049571253629,
                "recall": 0.5479508019918524,
                "f1-score": 0.5293932204959146,
                "support": 1807.0
            },
            "weighted avg": {
                "precision": 0.5383162649767876,
                "recall": 0.539568345323741,
                "f1-score": 0.524748513770836,
                "support": 1807.0
            }
        },
        "M": {
            "0": {
                "precision": 0.6354249404289118,
                "recall": 0.848356309650053,
                "f1-score": 0.7266121707538601,
                "support": 943.0
            },
            "1": {
                "precision": 0.7390510948905109,
                "recall": 0.46875,
                "f1-score": 0.5736543909348442,
                "support": 864.0
            },
            "accuracy": 0.6668511344770337,
            "macro avg": {
                "precision": 0.6872380176597114,
                "recall": 0.6585531548250265,
                "f1-score": 0.6501332808443521,
                "support": 1807.0
            },
            "weighted avg": {
                "precision": 0.6849728084171915,
                "recall": 0.6668511344770337,
                "f1-score": 0.6534768515708884,
                "support": 1807.0
            }
        }
    },
    "final_metrics": {
        "val_f1_T": 0.3625401167184875,
        "val_f1_N": 0.5293932204959146,
        "val_f1_M": 0.6501332808443521,
        "val_f1_mean": 0.5140222060195847
    }
}