{
    "0": {
        "precision": 0.3283582089552239,
        "recall": 0.3127962085308057,
        "f1-score": 0.32038834951456313,
        "support": 422.0
    },
    "1": {
        "precision": 0.13307984790874525,
        "recall": 0.08684863523573201,
        "f1-score": 0.10510510510510511,
        "support": 403.0
    },
    "2": {
        "precision": 0.6779220779220779,
        "recall": 0.4906015037593985,
        "f1-score": 0.569247546346783,
        "support": 532.0
    },
    "3": {
        "precision": 0.3619550858652576,
        "recall": 0.6088888888888889,
        "f1-score": 0.4540182270091135,
        "support": 450.0
    },
    "accuracy": 0.38848920863309355,
    "macro avg": {
        "precision": 0.3753288051628262,
        "recall": 0.37478380910370623,
        "f1-score": 0.3621898069938912,
        "support": 1807.0
    },
    "weighted avg": {
        "precision": 0.396088919192164,
        "recall": 0.38848920863309355,
        "f1-score": 0.37892038608914924,
        "support": 1807.0
    }
}