{
    "0": {
        "precision": 0.3408450704225352,
        "recall": 0.28672985781990523,
        "f1-score": 0.31145431145431146,
        "support": 422.0
    },
    "1": {
        "precision": 0.14720812182741116,
        "recall": 0.14392059553349876,
        "f1-score": 0.14554579673776663,
        "support": 403.0
    },
    "2": {
        "precision": 0.6124721603563474,
        "recall": 0.5169172932330827,
        "f1-score": 0.5606523955147809,
        "support": 532.0
    },
    "3": {
        "precision": 0.3924466338259442,
        "recall": 0.5311111111111111,
        "f1-score": 0.4513692162417375,
        "support": 450.0
    },
    "accuracy": 0.3835085777531821,
    "macro avg": {
        "precision": 0.3732429966080595,
        "recall": 0.36966971442439944,
        "f1-score": 0.3672554299871491,
        "support": 1807.0
    },
    "weighted avg": {
        "precision": 0.39048017008633545,
        "recall": 0.3835085777531821,
        "f1-score": 0.3826629204436551,
        "support": 1807.0
    }
}