{
    "0": {
        "precision": 0.6148491879350348,
        "recall": 0.8430540827147401,
        "f1-score": 0.7110912343470484,
        "support": 943.0
    },
    "1": {
        "precision": 0.7120622568093385,
        "recall": 0.4236111111111111,
        "f1-score": 0.5312046444121916,
        "support": 864.0
    },
    "accuracy": 0.6425013835085778,
    "macro avg": {
        "precision": 0.6634557223721866,
        "recall": 0.6333325969129256,
        "f1-score": 0.62114793937962,
        "support": 1807.0
    },
    "weighted avg": {
        "precision": 0.6613306995606011,
        "recall": 0.6425013835085778,
        "f1-score": 0.6250801586947428,
        "support": 1807.0
    }
}