{
    "train_metrics": [],
    "val_metrics": [],
    "hyperparameters": {
        "learning_rate": 0.000848215355943239,
        "batch_size": 32,
        "weight_decay": 0.006382849742072781,
        "trainable_layers": 3,
        "dropout_rate": 0.23295359330957502,
        "optimizer": "SGD",
        "scheduler": "ReduceLROnPlateau",
        "label_smoothing": 0.02187200664339833,
        "momentum": 0.8264689517359612,
        "factor": 0.41875694465057794,
        "patience": 3
    },
    "class_weights": {
        "T": [
            1.020164132118225,
            0.9987770915031433,
            0.9719483256340027,
            1.010427713394165
        ],
        "N": [
            1.005452036857605,
            0.9579423666000366,
            1.0827651023864746,
            0.9634310603141785
        ],
        "M": [
            0.9742671847343445,
            1.027129054069519
        ]
    },
    "classification_reports": {
        "T": {
            "0": {
                "precision": 0.38904899135446686,
                "recall": 0.31990521327014215,
                "f1-score": 0.3511053315994798,
                "support": 422.0
            },
            "1": {
                "precision": 0.1540785498489426,
                "recall": 0.12655086848635236,
                "f1-score": 0.13896457765667575,
                "support": 403.0
            },
            "2": {
                "precision": 0.6365638766519823,
                "recall": 0.543233082706767,
                "f1-score": 0.5862068965517241,
                "support": 532.0
            },
            "3": {
                "precision": 0.4,
                "recall": 0.6,
                "f1-score": 0.48,
                "support": 450.0
            },
            "accuracy": 0.41228555617044826,
            "macro avg": {
                "precision": 0.3949228544638479,
                "recall": 0.3974222911158154,
                "f1-score": 0.3890692014519699,
                "support": 1807.0
            },
            "weighted avg": {
                "precision": 0.4122436703484026,
                "recall": 0.41228555617044826,
                "f1-score": 0.4051086019347748,
                "support": 1807.0
            }
        },
        "N": {
            "0": {
                "precision": 0.2826086956521739,
                "recall": 0.2379862700228833,
                "f1-score": 0.25838509316770186,
                "support": 437.0
            },
            "1": {
                "precision": 0.6213151927437641,
                "recall": 0.5436507936507936,
                "f1-score": 0.5798941798941799,
                "support": 504.0
            },
            "2": {
                "precision": 0.7712895377128953,
                "recall": 0.7406542056074766,
                "f1-score": 0.7556615017878426,
                "support": 428.0
            },
            "3": {
                "precision": 0.5025553662691652,
                "recall": 0.6735159817351598,
                "f1-score": 0.5756097560975609,
                "support": 438.0
            },
            "accuracy": 0.5478693967902601,
            "macro avg": {
                "precision": 0.5444421980944997,
                "recall": 0.5489518127540783,
                "f1-score": 0.5423876327368213,
                "support": 1807.0
            },
            "weighted avg": {
                "precision": 0.5461394741061819,
                "recall": 0.5478693967902601,
                "f1-score": 0.542734448432142,
                "support": 1807.0
            }
        },
        "M": {
            "0": {
                "precision": 0.6031866464339909,
                "recall": 0.8430540827147401,
                "f1-score": 0.7032286598850066,
                "support": 943.0
            },
            "1": {
                "precision": 0.6973415132924335,
                "recall": 0.39467592592592593,
                "f1-score": 0.5040650406504065,
                "support": 864.0
            },
            "accuracy": 0.628666297731046,
            "macro avg": {
                "precision": 0.6502640798632122,
                "recall": 0.618865004320333,
                "f1-score": 0.6036468502677066,
                "support": 1807.0
            },
            "weighted avg": {
                "precision": 0.6482059076214255,
                "recall": 0.628666297731046,
                "f1-score": 0.608000454561988,
                "support": 1807.0
            }
        }
    },
    "final_metrics": {
        "val_f1_T": 0.3890692014519699,
        "val_f1_N": 0.5423876327368213,
        "val_f1_M": 0.6036468502677066,
        "val_f1_mean": 0.5117012281521659
    }
}