{
    "train_metrics": [],
    "val_metrics": [],
    "hyperparameters": {
        "learning_rate": 1.5083922352871583e-05,
        "batch_size": 16,
        "weight_decay": 0.006629486695638507,
        "trainable_layers": 2,
        "dropout_rate": 0.29783707830016315,
        "optimizer": "Adam",
        "scheduler": "CosineAnnealingLR",
        "label_smoothing": 0.008157306649597702,
        "T_max": 6,
        "eta_min": 1.3534140545175485e-05
    },
    "class_weights": {
        "T": [
            1.020164132118225,
            0.9987770915031433,
            0.9719483256340027,
            1.010427713394165
        ],
        "N": [
            1.005452036857605,
            0.9579423666000366,
            1.0827651023864746,
            0.9634310603141785
        ],
        "M": [
            0.9742671847343445,
            1.027129054069519
        ]
    },
    "classification_reports": {
        "T": {
            "0": {
                "precision": 0.43669250645994834,
                "recall": 0.4004739336492891,
                "f1-score": 0.4177997527812114,
                "support": 422.0
            },
            "1": {
                "precision": 0.2273781902552204,
                "recall": 0.24317617866004962,
                "f1-score": 0.23501199040767387,
                "support": 403.0
            },
            "2": {
                "precision": 0.6848958333333334,
                "recall": 0.4943609022556391,
                "f1-score": 0.574235807860262,
                "support": 532.0
            },
            "3": {
                "precision": 0.4115702479338843,
                "recall": 0.5533333333333333,
                "f1-score": 0.4720379146919431,
                "support": 450.0
            },
            "accuracy": 0.4311012728278915,
            "macro avg": {
                "precision": 0.4401341944955966,
                "recall": 0.42283608697457775,
                "f1-score": 0.4247713664352726,
                "support": 1807.0
            },
            "weighted avg": {
                "precision": 0.45682835821944295,
                "recall": 0.4311012728278915,
                "f1-score": 0.43659758671886967,
                "support": 1807.0
            }
        },
        "N": {
            "0": {
                "precision": 0.31116389548693585,
                "recall": 0.2997711670480549,
                "f1-score": 0.30536130536130535,
                "support": 437.0
            },
            "1": {
                "precision": 0.590778097982709,
                "recall": 0.40674603174603174,
                "f1-score": 0.481786133960047,
                "support": 504.0
            },
            "2": {
                "precision": 0.7334801762114538,
                "recall": 0.7780373831775701,
                "f1-score": 0.7551020408163265,
                "support": 428.0
            },
            "3": {
                "precision": 0.5914529914529915,
                "recall": 0.7899543378995434,
                "f1-score": 0.6764418377321603,
                "support": 438.0
            },
            "accuracy": 0.5617044825677919,
            "macro avg": {
                "precision": 0.5567187902835226,
                "recall": 0.5686272299678,
                "f1-score": 0.5546728294674598,
                "support": 1807.0
            },
            "weighted avg": {
                "precision": 0.5571204811211892,
                "recall": 0.5617044825677919,
                "f1-score": 0.5510394578610005,
                "support": 1807.0
            }
        },
        "M": {
            "0": {
                "precision": 0.6557107641741988,
                "recall": 0.8462354188759279,
                "f1-score": 0.7388888888888889,
                "support": 943.0
            },
            "1": {
                "precision": 0.7542372881355932,
                "recall": 0.5150462962962963,
                "f1-score": 0.6121045392022009,
                "support": 864.0
            },
            "accuracy": 0.6878804648588821,
            "macro avg": {
                "precision": 0.704974026154896,
                "recall": 0.680640857586112,
                "f1-score": 0.6754967140455449,
                "support": 1807.0
            },
            "weighted avg": {
                "precision": 0.7028202919565146,
                "recall": 0.6878804648588821,
                "f1-score": 0.6782681483635438,
                "support": 1807.0
            }
        }
    },
    "final_metrics": {
        "val_f1_T": 0.4247713664352726,
        "val_f1_N": 0.5546728294674598,
        "val_f1_M": 0.6754967140455449,
        "val_f1_mean": 0.5516469699827591
    }
}