{
    "0": {
        "precision": 0.6140483383685801,
        "recall": 0.8621420996818664,
        "f1-score": 0.717247463608293,
        "support": 943.0
    },
    "1": {
        "precision": 0.7308488612836439,
        "recall": 0.4085648148148148,
        "f1-score": 0.5241276911655531,
        "support": 864.0
    },
    "accuracy": 0.6452684006640841,
    "macro avg": {
        "precision": 0.672448599826112,
        "recall": 0.6353534572483406,
        "f1-score": 0.620687577386923,
        "support": 1807.0
    },
    "weighted avg": {
        "precision": 0.6698954063257551,
        "recall": 0.6452684006640841,
        "f1-score": 0.6249090666019138,
        "support": 1807.0
    }
}