{
    "0": {
        "precision": 0.2392638036809816,
        "recall": 0.17848970251716248,
        "f1-score": 0.20445609436435125,
        "support": 437.0
    },
    "1": {
        "precision": 0.5724770642201835,
        "recall": 0.6190476190476191,
        "f1-score": 0.5948522402287894,
        "support": 504.0
    },
    "2": {
        "precision": 0.7679814385150812,
        "recall": 0.7733644859813084,
        "f1-score": 0.770663562281723,
        "support": 428.0
    },
    "3": {
        "precision": 0.5643564356435643,
        "recall": 0.6506849315068494,
        "f1-score": 0.6044538706256628,
        "support": 438.0
    },
    "accuracy": 0.5567238516878804,
    "macro avg": {
        "precision": 0.5360196855149526,
        "recall": 0.5553966847632348,
        "f1-score": 0.5436064418751316,
        "support": 1807.0
    },
    "weighted avg": {
        "precision": 0.5362318190768662,
        "recall": 0.5567238516878804,
        "f1-score": 0.5444093205883502,
        "support": 1807.0
    }
}