{
    "0": {
        "precision": 0.41274238227146814,
        "recall": 0.34096109839816935,
        "f1-score": 0.37343358395989973,
        "support": 437.0
    },
    "1": {
        "precision": 0.5825242718446602,
        "recall": 0.47619047619047616,
        "f1-score": 0.5240174672489083,
        "support": 504.0
    },
    "2": {
        "precision": 0.7142857142857143,
        "recall": 0.9112149532710281,
        "f1-score": 0.8008213552361396,
        "support": 428.0
    },
    "3": {
        "precision": 0.7192622950819673,
        "recall": 0.8013698630136986,
        "f1-score": 0.7580993520518359,
        "support": 438.0
    },
    "accuracy": 0.6253458771444383,
    "macro avg": {
        "precision": 0.6072036658709525,
        "recall": 0.632434097718343,
        "f1-score": 0.6140929396241959,
        "support": 1807.0
    },
    "weighted avg": {
        "precision": 0.605817280034603,
        "recall": 0.6253458771444383,
        "f1-score": 0.6099027868974531,
        "support": 1807.0
    }
}