{
    "train_metrics": [],
    "val_metrics": [],
    "hyperparameters": {
        "learning_rate": 2.6314877543378932e-05,
        "batch_size": 32,
        "weight_decay": 0.001490551271679245,
        "trainable_layers": 2,
        "dropout_rate": 0.24054166330176674,
        "optimizer": "Adam",
        "scheduler": "CosineAnnealingLR",
        "label_smoothing": 0.007075597656694862,
        "T_max": 7,
        "eta_min": 1.3114004673067316e-05
    },
    "class_weights": {
        "T": [
            1.020164132118225,
            0.9987770915031433,
            0.9719483256340027,
            1.010427713394165
        ],
        "N": [
            1.005452036857605,
            0.9579423666000366,
            1.0827651023864746,
            0.9634310603141785
        ],
        "M": [
            0.9742671847343445,
            1.027129054069519
        ]
    },
    "classification_reports": {
        "T": {
            "0": {
                "precision": 0.453781512605042,
                "recall": 0.38388625592417064,
                "f1-score": 0.4159178433889602,
                "support": 422.0
            },
            "1": {
                "precision": 0.22371364653243847,
                "recall": 0.24813895781637718,
                "f1-score": 0.23529411764705882,
                "support": 403.0
            },
            "2": {
                "precision": 0.7523510971786834,
                "recall": 0.45112781954887216,
                "f1-score": 0.564042303172738,
                "support": 532.0
            },
            "3": {
                "precision": 0.38596491228070173,
                "recall": 0.5866666666666667,
                "f1-score": 0.4656084656084656,
                "support": 450.0
            },
            "accuracy": 0.423907028223575,
            "macro avg": {
                "precision": 0.45395279214921636,
                "recall": 0.41745492498902165,
                "f1-score": 0.42021568245430563,
                "support": 1807.0
            },
            "weighted avg": {
                "precision": 0.47348499839362246,
                "recall": 0.423907028223575,
                "f1-score": 0.43161880140210956,
                "support": 1807.0
            }
        },
        "N": {
            "0": {
                "precision": 0.2849740932642487,
                "recall": 0.2517162471395881,
                "f1-score": 0.267314702308627,
                "support": 437.0
            },
            "1": {
                "precision": 0.5643835616438356,
                "recall": 0.4087301587301587,
                "f1-score": 0.47410817031070196,
                "support": 504.0
            },
            "2": {
                "precision": 0.7436974789915967,
                "recall": 0.8271028037383178,
                "f1-score": 0.7831858407079646,
                "support": 428.0
            },
            "3": {
                "precision": 0.5896551724137931,
                "recall": 0.7808219178082192,
                "f1-score": 0.6719056974459725,
                "support": 438.0
            },
            "accuracy": 0.560044272274488,
            "macro avg": {
                "precision": 0.5456775765783686,
                "recall": 0.567092781854071,
                "f1-score": 0.5491286026933164,
                "support": 1807.0
            },
            "weighted avg": {
                "precision": 0.5454092309632621,
                "recall": 0.560044272274488,
                "f1-score": 0.5452491854177136,
                "support": 1807.0
            }
        },
        "M": {
            "0": {
                "precision": 0.6492659053833605,
                "recall": 0.8441145281018028,
                "f1-score": 0.7339787920700783,
                "support": 943.0
            },
            "1": {
                "precision": 0.7469879518072289,
                "recall": 0.5023148148148148,
                "f1-score": 0.6006920415224913,
                "support": 864.0
            },
            "accuracy": 0.6806862202545656,
            "macro avg": {
                "precision": 0.6981269285952947,
                "recall": 0.6732146714583087,
                "f1-score": 0.6673354167962848,
                "support": 1807.0
            },
            "weighted avg": {
                "precision": 0.695990779821779,
                "recall": 0.6806862202545656,
                "f1-score": 0.6702489899266831,
                "support": 1807.0
            }
        }
    },
    "final_metrics": {
        "val_f1_T": 0.42021568245430563,
        "val_f1_N": 0.5491286026933164,
        "val_f1_M": 0.6673354167962848,
        "val_f1_mean": 0.545559900647969
    }
}