{
    "0": {
        "precision": 0.4091954022988506,
        "recall": 0.4218009478672986,
        "f1-score": 0.41540256709451573,
        "support": 422.0
    },
    "1": {
        "precision": 0.12162162162162163,
        "recall": 0.11166253101736973,
        "f1-score": 0.11642949547218628,
        "support": 403.0
    },
    "2": {
        "precision": 0.6363636363636364,
        "recall": 0.4605263157894737,
        "f1-score": 0.5343511450381679,
        "support": 532.0
    },
    "3": {
        "precision": 0.4051863857374392,
        "recall": 0.5555555555555556,
        "f1-score": 0.46860356138706655,
        "support": 450.0
    },
    "accuracy": 0.3973436635307139,
    "macro avg": {
        "precision": 0.39309176150538694,
        "recall": 0.3873863375574244,
        "f1-score": 0.3836966922479841,
        "support": 1807.0
    },
    "weighted avg": {
        "precision": 0.4109426128450087,
        "recall": 0.3973436635307139,
        "f1-score": 0.3969935704336812,
        "support": 1807.0
    }
}