{
    "0": {
        "precision": 0.2896825396825397,
        "recall": 0.17298578199052134,
        "f1-score": 0.2166172106824926,
        "support": 422.0
    },
    "1": {
        "precision": 0.14052953156822812,
        "recall": 0.17121588089330025,
        "f1-score": 0.15436241610738255,
        "support": 403.0
    },
    "2": {
        "precision": 0.2861635220125786,
        "recall": 0.17105263157894737,
        "f1-score": 0.21411764705882352,
        "support": 532.0
    },
    "3": {
        "precision": 0.39544235924932974,
        "recall": 0.6555555555555556,
        "f1-score": 0.49331103678929766,
        "support": 450.0
    },
    "accuracy": 0.29219701162147205,
    "macro avg": {
        "precision": 0.27795448812816903,
        "recall": 0.2927024625045811,
        "f1-score": 0.26960207765949906,
        "support": 1807.0
    },
    "weighted avg": {
        "precision": 0.28171969470997116,
        "recall": 0.29219701162147205,
        "f1-score": 0.27090264050346713,
        "support": 1807.0
    }
}