{
    "0": {
        "precision": 0.391644908616188,
        "recall": 0.35545023696682465,
        "f1-score": 0.37267080745341613,
        "support": 422.0
    },
    "1": {
        "precision": 0.14425427872860636,
        "recall": 0.14640198511166252,
        "f1-score": 0.14532019704433496,
        "support": 403.0
    },
    "2": {
        "precision": 0.6666666666666666,
        "recall": 0.45112781954887216,
        "f1-score": 0.5381165919282511,
        "support": 532.0
    },
    "3": {
        "precision": 0.3816793893129771,
        "recall": 0.5555555555555556,
        "f1-score": 0.45248868778280543,
        "support": 450.0
    },
    "accuracy": 0.38682899833978973,
    "macro avg": {
        "precision": 0.3960613108311095,
        "recall": 0.3771338992957287,
        "f1-score": 0.3771490710522019,
        "support": 1807.0
    },
    "weighted avg": {
        "precision": 0.4149590578977122,
        "recall": 0.38682899833978973,
        "f1-score": 0.39055288132944144,
        "support": 1807.0
    }
}