{
    "0": {
        "precision": 0.3324324324324324,
        "recall": 0.2914691943127962,
        "f1-score": 0.3106060606060606,
        "support": 422.0
    },
    "1": {
        "precision": 0.13189448441247004,
        "recall": 0.13647642679900746,
        "f1-score": 0.13414634146341464,
        "support": 403.0
    },
    "2": {
        "precision": 0.5521327014218009,
        "recall": 0.43796992481203006,
        "f1-score": 0.48846960167714887,
        "support": 532.0
    },
    "3": {
        "precision": 0.44816053511705684,
        "recall": 0.5955555555555555,
        "f1-score": 0.5114503816793893,
        "support": 450.0
    },
    "accuracy": 0.37576092971776426,
    "macro avg": {
        "precision": 0.36615503834594004,
        "recall": 0.3653677753698473,
        "f1-score": 0.3611680963565034,
        "support": 1807.0
    },
    "weighted avg": {
        "precision": 0.38121018354387687,
        "recall": 0.37576092971776426,
        "f1-score": 0.3736332224867084,
        "support": 1807.0
    }
}