{
    "0": {
        "precision": 0.3954248366013072,
        "recall": 0.28672985781990523,
        "f1-score": 0.3324175824175824,
        "support": 422.0
    },
    "1": {
        "precision": 0.17929292929292928,
        "recall": 0.1761786600496278,
        "f1-score": 0.17772215269086358,
        "support": 403.0
    },
    "2": {
        "precision": 0.689119170984456,
        "recall": 0.5,
        "f1-score": 0.579520697167756,
        "support": 532.0
    },
    "3": {
        "precision": 0.4144645340751043,
        "recall": 0.6622222222222223,
        "f1-score": 0.5098374679213002,
        "support": 450.0
    },
    "accuracy": 0.4183729939125623,
    "macro avg": {
        "precision": 0.41957536773844917,
        "recall": 0.40628268502293885,
        "f1-score": 0.39987447504937557,
        "support": 1807.0
    },
    "weighted avg": {
        "precision": 0.43843097445950724,
        "recall": 0.4183729939125623,
        "f1-score": 0.4148500933992635,
        "support": 1807.0
    }
}