{
    "0": {
        "precision": 0.6557107641741988,
        "recall": 0.8462354188759279,
        "f1-score": 0.7388888888888889,
        "support": 943.0
    },
    "1": {
        "precision": 0.7542372881355932,
        "recall": 0.5150462962962963,
        "f1-score": 0.6121045392022009,
        "support": 864.0
    },
    "accuracy": 0.6878804648588821,
    "macro avg": {
        "precision": 0.704974026154896,
        "recall": 0.680640857586112,
        "f1-score": 0.6754967140455449,
        "support": 1807.0
    },
    "weighted avg": {
        "precision": 0.7028202919565146,
        "recall": 0.6878804648588821,
        "f1-score": 0.6782681483635438,
        "support": 1807.0
    }
}