{
    "0": {
        "precision": 0.18867924528301888,
        "recall": 0.0947867298578199,
        "f1-score": 0.12618296529968454,
        "support": 422.0
    },
    "1": {
        "precision": 0.1735357917570499,
        "recall": 0.19851116625310175,
        "f1-score": 0.18518518518518517,
        "support": 403.0
    },
    "2": {
        "precision": 0.6675062972292192,
        "recall": 0.4981203007518797,
        "f1-score": 0.5705059203444564,
        "support": 532.0
    },
    "3": {
        "precision": 0.4843962008141113,
        "recall": 0.7933333333333333,
        "f1-score": 0.6015164279696714,
        "support": 450.0
    },
    "accuracy": 0.41062534587714444,
    "macro avg": {
        "precision": 0.37852938377084977,
        "recall": 0.3961878825490337,
        "f1-score": 0.37084762469974936,
        "support": 1807.0
    },
    "weighted avg": {
        "precision": 0.399916550127183,
        "recall": 0.41062534587714444,
        "f1-score": 0.3885281589350854,
        "support": 1807.0
    }
}