{
    "0": {
        "precision": 0.2896174863387978,
        "recall": 0.36384439359267734,
        "f1-score": 0.3225152129817444,
        "support": 437.0
    },
    "1": {
        "precision": 0.48632218844984804,
        "recall": 0.31746031746031744,
        "f1-score": 0.38415366146458585,
        "support": 504.0
    },
    "2": {
        "precision": 0.7664399092970522,
        "recall": 0.7897196261682243,
        "f1-score": 0.7779056386651323,
        "support": 428.0
    },
    "3": {
        "precision": 0.6782786885245902,
        "recall": 0.7557077625570776,
        "f1-score": 0.714902807775378,
        "support": 438.0
    },
    "accuracy": 0.5467625899280576,
    "macro avg": {
        "precision": 0.5551645681525721,
        "recall": 0.5566830249445742,
        "f1-score": 0.5498693302217101,
        "support": 1807.0
    },
    "weighted avg": {
        "precision": 0.5516278756290464,
        "recall": 0.5467625899280576,
        "f1-score": 0.5426804851164724,
        "support": 1807.0
    }
}