{
    "0": {
        "precision": 0.5219298245614035,
        "recall": 0.2723112128146453,
        "f1-score": 0.35789473684210527,
        "support": 437.0
    },
    "1": {
        "precision": 0.5896656534954408,
        "recall": 0.7698412698412699,
        "f1-score": 0.6678141135972461,
        "support": 504.0
    },
    "2": {
        "precision": 0.6213114754098361,
        "recall": 0.8855140186915887,
        "f1-score": 0.7302504816955684,
        "support": 428.0
    },
    "3": {
        "precision": 0.6077170418006431,
        "recall": 0.4315068493150685,
        "f1-score": 0.5046728971962616,
        "support": 438.0
    },
    "accuracy": 0.5949086884338682,
    "macro avg": {
        "precision": 0.5851559988168309,
        "recall": 0.5897933376656431,
        "f1-score": 0.5651580573327953,
        "support": 1807.0
    },
    "weighted avg": {
        "precision": 0.5851556162031694,
        "recall": 0.5949086884338682,
        "f1-score": 0.5681086045327493,
        "support": 1807.0
    }
}