{
    "0": {
        "precision": 0.375,
        "recall": 0.31990521327014215,
        "f1-score": 0.3452685421994885,
        "support": 422.0
    },
    "1": {
        "precision": 0.16129032258064516,
        "recall": 0.18610421836228289,
        "f1-score": 0.1728110599078341,
        "support": 403.0
    },
    "2": {
        "precision": 0.7403508771929824,
        "recall": 0.3966165413533835,
        "f1-score": 0.5165238678090576,
        "support": 532.0
    },
    "3": {
        "precision": 0.41750358680057387,
        "recall": 0.6466666666666666,
        "f1-score": 0.5074106364428945,
        "support": 450.0
    },
    "accuracy": 0.39402324294410623,
    "macro avg": {
        "precision": 0.42353619664355036,
        "recall": 0.38732315991311883,
        "f1-score": 0.3855035265898187,
        "support": 1807.0
    },
    "weighted avg": {
        "precision": 0.44548604356775034,
        "recall": 0.39402324294410623,
        "f1-score": 0.39760468512715136,
        "support": 1807.0
    }
}