{
    "0": {
        "precision": 0.28809523809523807,
        "recall": 0.2768878718535469,
        "f1-score": 0.2823803967327888,
        "support": 437.0
    },
    "1": {
        "precision": 0.59,
        "recall": 0.46825396825396826,
        "f1-score": 0.5221238938053098,
        "support": 504.0
    },
    "2": {
        "precision": 0.7911832946635731,
        "recall": 0.7967289719626168,
        "f1-score": 0.7939464493597206,
        "support": 428.0
    },
    "3": {
        "precision": 0.5863309352517986,
        "recall": 0.7442922374429224,
        "f1-score": 0.6559356136820925,
        "support": 438.0
    },
    "accuracy": 0.5666851134477033,
    "macro avg": {
        "precision": 0.5639023670026524,
        "recall": 0.5715407623782636,
        "f1-score": 0.563596588394978,
        "support": 1807.0
    },
    "weighted avg": {
        "precision": 0.563750425458725,
        "recall": 0.5666851134477033,
        "f1-score": 0.5609626756883352,
        "support": 1807.0
    }
}