{
    "0": {
        "precision": 0.4427083333333333,
        "recall": 0.4028436018957346,
        "f1-score": 0.4218362282878412,
        "support": 422.0
    },
    "1": {
        "precision": 0.1989795918367347,
        "recall": 0.1935483870967742,
        "f1-score": 0.19622641509433963,
        "support": 403.0
    },
    "2": {
        "precision": 0.618421052631579,
        "recall": 0.4417293233082707,
        "f1-score": 0.5153508771929824,
        "support": 532.0
    },
    "3": {
        "precision": 0.39477726574500765,
        "recall": 0.5711111111111111,
        "f1-score": 0.46684831970935514,
        "support": 450.0
    },
    "accuracy": 0.4095185390149419,
    "macro avg": {
        "precision": 0.4137215608866637,
        "recall": 0.40230810585297266,
        "f1-score": 0.4000654600711296,
        "support": 1807.0
    },
    "weighted avg": {
        "precision": 0.42814690744998574,
        "recall": 0.4095185390149419,
        "f1-score": 0.4102615075574789,
        "support": 1807.0
    }
}