{
    "0": {
        "precision": 0.37616822429906543,
        "recall": 0.3815165876777251,
        "f1-score": 0.3788235294117647,
        "support": 422.0
    },
    "1": {
        "precision": 0.1935483870967742,
        "recall": 0.17866004962779156,
        "f1-score": 0.18580645161290324,
        "support": 403.0
    },
    "2": {
        "precision": 0.6790830945558739,
        "recall": 0.44548872180451127,
        "f1-score": 0.5380249716231555,
        "support": 532.0
    },
    "3": {
        "precision": 0.3905775075987842,
        "recall": 0.5711111111111111,
        "f1-score": 0.463898916967509,
        "support": 450.0
    },
    "accuracy": 0.40232429441062534,
    "macro avg": {
        "precision": 0.40984430338762445,
        "recall": 0.3941941175552848,
        "f1-score": 0.3916384674038331,
        "support": 1807.0
    },
    "weighted avg": {
        "precision": 0.42820978161449,
        "recall": 0.40232429441062534,
        "f1-score": 0.40383360650285693,
        "support": 1807.0
    }
}