{
    "0": {
        "precision": 0.3261390887290168,
        "recall": 0.3112128146453089,
        "f1-score": 0.3185011709601874,
        "support": 437.0
    },
    "1": {
        "precision": 0.5903361344537815,
        "recall": 0.5575396825396826,
        "f1-score": 0.573469387755102,
        "support": 504.0
    },
    "2": {
        "precision": 0.7893462469733656,
        "recall": 0.7616822429906542,
        "f1-score": 0.7752675386444708,
        "support": 428.0
    },
    "3": {
        "precision": 0.624750499001996,
        "recall": 0.7146118721461188,
        "f1-score": 0.6666666666666666,
        "support": 438.0
    },
    "accuracy": 0.5843940232429441,
    "macro avg": {
        "precision": 0.58264299228954,
        "recall": 0.5862616530804412,
        "f1-score": 0.5834761910066067,
        "support": 1807.0
    },
    "weighted avg": {
        "precision": 0.5819220286700393,
        "recall": 0.5843940232429441,
        "f1-score": 0.5821959544427265,
        "support": 1807.0
    }
}