{
    "0": {
        "precision": 0.2849740932642487,
        "recall": 0.2517162471395881,
        "f1-score": 0.267314702308627,
        "support": 437.0
    },
    "1": {
        "precision": 0.5643835616438356,
        "recall": 0.4087301587301587,
        "f1-score": 0.47410817031070196,
        "support": 504.0
    },
    "2": {
        "precision": 0.7436974789915967,
        "recall": 0.8271028037383178,
        "f1-score": 0.7831858407079646,
        "support": 428.0
    },
    "3": {
        "precision": 0.5896551724137931,
        "recall": 0.7808219178082192,
        "f1-score": 0.6719056974459725,
        "support": 438.0
    },
    "accuracy": 0.560044272274488,
    "macro avg": {
        "precision": 0.5456775765783686,
        "recall": 0.567092781854071,
        "f1-score": 0.5491286026933164,
        "support": 1807.0
    },
    "weighted avg": {
        "precision": 0.5454092309632621,
        "recall": 0.560044272274488,
        "f1-score": 0.5452491854177136,
        "support": 1807.0
    }
}