{
    "0": {
        "precision": 0.25824175824175827,
        "recall": 0.32265446224256294,
        "f1-score": 0.28687690742624616,
        "support": 437.0
    },
    "1": {
        "precision": 0.45454545454545453,
        "recall": 0.23809523809523808,
        "f1-score": 0.3125,
        "support": 504.0
    },
    "2": {
        "precision": 0.7555555555555555,
        "recall": 0.794392523364486,
        "f1-score": 0.7744874715261959,
        "support": 428.0
    },
    "3": {
        "precision": 0.6672760511882998,
        "recall": 0.8333333333333334,
        "f1-score": 0.7411167512690355,
        "support": 438.0
    },
    "accuracy": 0.5345877144438296,
    "macro avg": {
        "precision": 0.533904704882767,
        "recall": 0.5471188892589051,
        "f1-score": 0.5287452825553693,
        "support": 1807.0
    },
    "weighted avg": {
        "precision": 0.5299320673164419,
        "recall": 0.5345877144438296,
        "f1-score": 0.5196209094711228,
        "support": 1807.0
    }
}