{
    "train_metrics": [],
    "val_metrics": [],
    "hyperparameters": {
        "learning_rate": 2.4809515620706636e-05,
        "batch_size": 16,
        "weight_decay": 0.003011525492371228,
        "trainable_layers": 2,
        "dropout_rate": 0.17123449619224249,
        "optimizer": "Adam",
        "scheduler": "CosineAnnealingLR",
        "label_smoothing": 0.006572808638224686,
        "T_max": 6,
        "eta_min": 2.0178297901562348e-05
    },
    "class_weights": {
        "T": [
            1.020164132118225,
            0.9987770915031433,
            0.9719483256340027,
            1.010427713394165
        ],
        "N": [
            1.005452036857605,
            0.9579423666000366,
            1.0827651023864746,
            0.9634310603141785
        ],
        "M": [
            0.9742671847343445,
            1.027129054069519
        ]
    },
    "classification_reports": {
        "T": {
            "0": {
                "precision": 0.391644908616188,
                "recall": 0.35545023696682465,
                "f1-score": 0.37267080745341613,
                "support": 422.0
            },
            "1": {
                "precision": 0.14425427872860636,
                "recall": 0.14640198511166252,
                "f1-score": 0.14532019704433496,
                "support": 403.0
            },
            "2": {
                "precision": 0.6666666666666666,
                "recall": 0.45112781954887216,
                "f1-score": 0.5381165919282511,
                "support": 532.0
            },
            "3": {
                "precision": 0.3816793893129771,
                "recall": 0.5555555555555556,
                "f1-score": 0.45248868778280543,
                "support": 450.0
            },
            "accuracy": 0.38682899833978973,
            "macro avg": {
                "precision": 0.3960613108311095,
                "recall": 0.3771338992957287,
                "f1-score": 0.3771490710522019,
                "support": 1807.0
            },
            "weighted avg": {
                "precision": 0.4149590578977122,
                "recall": 0.38682899833978973,
                "f1-score": 0.39055288132944144,
                "support": 1807.0
            }
        },
        "N": {
            "0": {
                "precision": 0.35805626598465473,
                "recall": 0.32036613272311215,
                "f1-score": 0.33816425120772947,
                "support": 437.0
            },
            "1": {
                "precision": 0.6095717884130982,
                "recall": 0.4801587301587302,
                "f1-score": 0.537180910099889,
                "support": 504.0
            },
            "2": {
                "precision": 0.7237113402061855,
                "recall": 0.8200934579439252,
                "f1-score": 0.768893756845564,
                "support": 428.0
            },
            "3": {
                "precision": 0.6067415730337079,
                "recall": 0.7397260273972602,
                "f1-score": 0.6666666666666666,
                "support": 438.0
            },
            "accuracy": 0.5849474266740454,
            "macro avg": {
                "precision": 0.5745202419094116,
                "recall": 0.5900860870557569,
                "f1-score": 0.5777263962049622,
                "support": 1807.0
            },
            "weighted avg": {
                "precision": 0.5750946498021622,
                "recall": 0.5849474266740454,
                "f1-score": 0.5753201352507047,
                "support": 1807.0
            }
        },
        "M": {
            "0": {
                "precision": 0.6289361702127659,
                "recall": 0.7836691410392365,
                "f1-score": 0.6978281397544853,
                "support": 943.0
            },
            "1": {
                "precision": 0.6772151898734177,
                "recall": 0.49537037037037035,
                "f1-score": 0.5721925133689839,
                "support": 864.0
            },
            "accuracy": 0.6458218040951854,
            "macro avg": {
                "precision": 0.6530756800430918,
                "recall": 0.6395197557048033,
                "f1-score": 0.6350103265617346,
                "support": 1807.0
            },
            "weighted avg": {
                "precision": 0.6520203279254406,
                "recall": 0.6458218040951854,
                "f1-score": 0.6377566504367913,
                "support": 1807.0
            }
        }
    },
    "final_metrics": {
        "val_f1_T": 0.3771490710522019,
        "val_f1_N": 0.5777263962049622,
        "val_f1_M": 0.6350103265617346,
        "val_f1_mean": 0.5299619312729663
    }
}