{
    "0": {
        "precision": 0.4199475065616798,
        "recall": 0.3791469194312796,
        "f1-score": 0.398505603985056,
        "support": 422.0
    },
    "1": {
        "precision": 0.17525773195876287,
        "recall": 0.2109181141439206,
        "f1-score": 0.19144144144144143,
        "support": 403.0
    },
    "2": {
        "precision": 0.6804123711340206,
        "recall": 0.37218045112781956,
        "f1-score": 0.48116646415552855,
        "support": 532.0
    },
    "3": {
        "precision": 0.3861538461538462,
        "recall": 0.5577777777777778,
        "f1-score": 0.45636363636363636,
        "support": 450.0
    },
    "accuracy": 0.38406198118428336,
    "macro avg": {
        "precision": 0.4154428639520774,
        "recall": 0.3800058156201994,
        "f1-score": 0.38186928648641555,
        "support": 1807.0
    },
    "weighted avg": {
        "precision": 0.4336443419817045,
        "recall": 0.38406198118428336,
        "f1-score": 0.3910705373973282,
        "support": 1807.0
    }
}