{
    "0": {
        "precision": 0.6053670086819258,
        "recall": 0.8133616118769883,
        "f1-score": 0.6941176470588235,
        "support": 943.0
    },
    "1": {
        "precision": 0.674074074074074,
        "recall": 0.4212962962962963,
        "f1-score": 0.5185185185185185,
        "support": 864.0
    },
    "accuracy": 0.6258992805755396,
    "macro avg": {
        "precision": 0.6397205413779999,
        "recall": 0.6173289540866422,
        "f1-score": 0.6063180827886709,
        "support": 1807.0
    },
    "weighted avg": {
        "precision": 0.6382186437117079,
        "recall": 0.6258992805755396,
        "f1-score": 0.6101565806178586,
        "support": 1807.0
    }
}