{
    "0": {
        "precision": 0.6543321299638989,
        "recall": 0.7688229056203606,
        "f1-score": 0.7069722086786934,
        "support": 943.0
    },
    "1": {
        "precision": 0.6881258941344778,
        "recall": 0.5567129629629629,
        "f1-score": 0.6154830454254638,
        "support": 864.0
    },
    "accuracy": 0.667404537908135,
    "macro avg": {
        "precision": 0.6712290120491884,
        "recall": 0.6627679342916617,
        "f1-score": 0.6612276270520786,
        "support": 1807.0
    },
    "weighted avg": {
        "precision": 0.6704902994400362,
        "recall": 0.667404537908135,
        "f1-score": 0.663227528517769,
        "support": 1807.0
    }
}