{
    "0": {
        "precision": 0.5704225352112676,
        "recall": 0.8589607635206787,
        "f1-score": 0.6855691917054592,
        "support": 943.0
    },
    "1": {
        "precision": 0.6563307493540051,
        "recall": 0.29398148148148145,
        "f1-score": 0.4060751398880895,
        "support": 864.0
    },
    "accuracy": 0.5888212506917543,
    "macro avg": {
        "precision": 0.6133766422826363,
        "recall": 0.5764711225010801,
        "f1-score": 0.5458221657967743,
        "support": 1807.0
    },
    "weighted avg": {
        "precision": 0.6114987372142147,
        "recall": 0.5888212506917543,
        "f1-score": 0.5519317480030754,
        "support": 1807.0
    }
}