{
    "train_metrics": [],
    "val_metrics": [],
    "hyperparameters": {
        "learning_rate": 7.222174779523896e-05,
        "batch_size": 32,
        "weight_decay": 0.005470607306837081,
        "trainable_layers": 2,
        "dropout_rate": 0.1879978543153162,
        "optimizer": "RMSprop",
        "scheduler": "CosineAnnealingLR",
        "label_smoothing": 0.02598472019304316,
        "T_max": 8,
        "eta_min": 4.385054379910495e-05
    },
    "class_weights": {
        "T": [
            1.020164132118225,
            0.9987770915031433,
            0.9719483256340027,
            1.010427713394165
        ],
        "N": [
            1.005452036857605,
            0.9579423666000366,
            1.0827651023864746,
            0.9634310603141785
        ],
        "M": [
            0.9742671847343445,
            1.027129054069519
        ]
    },
    "classification_reports": {
        "T": {
            "0": {
                "precision": 0.3644578313253012,
                "recall": 0.28672985781990523,
                "f1-score": 0.3209549071618037,
                "support": 422.0
            },
            "1": {
                "precision": 0.1830708661417323,
                "recall": 0.23076923076923078,
                "f1-score": 0.20417124039517015,
                "support": 403.0
            },
            "2": {
                "precision": 0.6656346749226006,
                "recall": 0.4041353383458647,
                "f1-score": 0.5029239766081871,
                "support": 532.0
            },
            "3": {
                "precision": 0.44875776397515527,
                "recall": 0.6422222222222222,
                "f1-score": 0.5283363802559415,
                "support": 450.0
            },
            "accuracy": 0.3973436635307139,
            "macro avg": {
                "precision": 0.4154802840911973,
                "recall": 0.39096416228930575,
                "f1-score": 0.3890966261052756,
                "support": 1807.0
            },
            "weighted avg": {
                "precision": 0.4336676285124729,
                "recall": 0.3973436635307139,
                "f1-score": 0.40012778493207746,
                "support": 1807.0
            }
        },
        "N": {
            "0": {
                "precision": 0.28761061946902655,
                "recall": 0.2974828375286041,
                "f1-score": 0.2924634420697413,
                "support": 437.0
            },
            "1": {
                "precision": 0.5483870967741935,
                "recall": 0.3373015873015873,
                "f1-score": 0.4176904176904177,
                "support": 504.0
            },
            "2": {
                "precision": 0.7775229357798165,
                "recall": 0.7920560747663551,
                "f1-score": 0.7847222222222222,
                "support": 428.0
            },
            "3": {
                "precision": 0.5533661740558292,
                "recall": 0.769406392694064,
                "f1-score": 0.6437440305635148,
                "support": 438.0
            },
            "accuracy": 0.5401217487548423,
            "macro avg": {
                "precision": 0.5417217065197164,
                "recall": 0.5490617230726527,
                "f1-score": 0.534655028136474,
                "support": 1807.0
            },
            "weighted avg": {
                "precision": 0.540800851263073,
                "recall": 0.5401217487548423,
                "f1-score": 0.5291330886543321,
                "support": 1807.0
            }
        },
        "M": {
            "0": {
                "precision": 0.6166281755196305,
                "recall": 0.8494167550371156,
                "f1-score": 0.7145405887600357,
                "support": 943.0
            },
            "1": {
                "precision": 0.7204724409448819,
                "recall": 0.4236111111111111,
                "f1-score": 0.5335276967930029,
                "support": 864.0
            },
            "accuracy": 0.6458218040951854,
            "macro avg": {
                "precision": 0.6685503082322561,
                "recall": 0.6365139330741133,
                "f1-score": 0.6240341427765193,
                "support": 1807.0
            },
            "weighted avg": {
                "precision": 0.6662803312071884,
                "recall": 0.6458218040951854,
                "f1-score": 0.6279909824183001,
                "support": 1807.0
            }
        }
    },
    "final_metrics": {
        "val_f1_T": 0.3890966261052756,
        "val_f1_N": 0.534655028136474,
        "val_f1_M": 0.6240341427765193,
        "val_f1_mean": 0.5159285990060897
    }
}