{
    "0": {
        "precision": 0.1111111111111111,
        "recall": 0.02517162471395881,
        "f1-score": 0.041044776119402986,
        "support": 437.0
    },
    "1": {
        "precision": 0.5836298932384342,
        "recall": 0.6507936507936508,
        "f1-score": 0.6153846153846154,
        "support": 504.0
    },
    "2": {
        "precision": 0.6635220125786163,
        "recall": 0.985981308411215,
        "f1-score": 0.793233082706767,
        "support": 428.0
    },
    "3": {
        "precision": 0.5470588235294118,
        "recall": 0.636986301369863,
        "f1-score": 0.5886075949367089,
        "support": 438.0
    },
    "accuracy": 0.5755395683453237,
    "macro avg": {
        "precision": 0.47633046011439334,
        "recall": 0.574733221322172,
        "f1-score": 0.5095675172868736,
        "support": 1807.0
    },
    "weighted avg": {
        "precision": 0.47941572099460794,
        "recall": 0.5755395683453237,
        "f1-score": 0.5121219143878252,
        "support": 1807.0
    }
}