{
    "0": {
        "precision": 0.7071651090342679,
        "recall": 0.7221633085896076,
        "f1-score": 0.7145855194123819,
        "support": 943.0
    },
    "1": {
        "precision": 0.6895734597156398,
        "recall": 0.6736111111111112,
        "f1-score": 0.6814988290398126,
        "support": 864.0
    },
    "accuracy": 0.6989485334809076,
    "macro avg": {
        "precision": 0.6983692843749538,
        "recall": 0.6978872098503595,
        "f1-score": 0.6980421742260973,
        "support": 1807.0
    },
    "weighted avg": {
        "precision": 0.6987538278990743,
        "recall": 0.6989485334809076,
        "f1-score": 0.6987654306011478,
        "support": 1807.0
    }
}