{
    "0": {
        "precision": 0.27901785714285715,
        "recall": 0.28604118993135014,
        "f1-score": 0.2824858757062147,
        "support": 437.0
    },
    "1": {
        "precision": 0.5692695214105793,
        "recall": 0.44841269841269843,
        "f1-score": 0.5016648168701443,
        "support": 504.0
    },
    "2": {
        "precision": 0.7751196172248804,
        "recall": 0.7570093457943925,
        "f1-score": 0.7659574468085106,
        "support": 428.0
    },
    "3": {
        "precision": 0.6139705882352942,
        "recall": 0.7625570776255708,
        "f1-score": 0.6802443991853361,
        "support": 438.0
    },
    "accuracy": 0.5583840619811843,
    "macro avg": {
        "precision": 0.5593443960034028,
        "recall": 0.5635050779410029,
        "f1-score": 0.5575881346425514,
        "support": 1807.0
    },
    "weighted avg": {
        "precision": 0.5586679336921241,
        "recall": 0.5583840619811843,
        "f1-score": 0.55454467596203,
        "support": 1807.0
    }
}