{
    "0": {
        "precision": 0.6161262050832603,
        "recall": 0.7454931071049841,
        "f1-score": 0.6746641074856046,
        "support": 943.0
    },
    "1": {
        "precision": 0.6396396396396397,
        "recall": 0.4930555555555556,
        "f1-score": 0.5568627450980392,
        "support": 864.0
    },
    "accuracy": 0.624792473713337,
    "macro avg": {
        "precision": 0.6278829223614499,
        "recall": 0.6192743313302698,
        "f1-score": 0.6157634262918219,
        "support": 1807.0
    },
    "weighted avg": {
        "precision": 0.6273689319547112,
        "recall": 0.624792473713337,
        "f1-score": 0.6183384975781024,
        "support": 1807.0
    }
}