{
    "0": {
        "precision": 0.37988826815642457,
        "recall": 0.3112128146453089,
        "f1-score": 0.3421383647798742,
        "support": 437.0
    },
    "1": {
        "precision": 0.6183035714285714,
        "recall": 0.5496031746031746,
        "f1-score": 0.5819327731092437,
        "support": 504.0
    },
    "2": {
        "precision": 0.7549234135667396,
        "recall": 0.8060747663551402,
        "f1-score": 0.7796610169491526,
        "support": 428.0
    },
    "3": {
        "precision": 0.6158088235294118,
        "recall": 0.7648401826484018,
        "f1-score": 0.6822810590631364,
        "support": 438.0
    },
    "accuracy": 0.6048699501936912,
    "macro avg": {
        "precision": 0.5922310191702869,
        "recall": 0.6079327345630063,
        "f1-score": 0.5965033034753517,
        "support": 1807.0
    },
    "weighted avg": {
        "precision": 0.5924004753164386,
        "recall": 0.6048699501936912,
        "f1-score": 0.5950982856556475,
        "support": 1807.0
    }
}