{
    "0": {
        "precision": 0.345679012345679,
        "recall": 0.32036613272311215,
        "f1-score": 0.332541567695962,
        "support": 437.0
    },
    "1": {
        "precision": 0.5499092558983666,
        "recall": 0.6011904761904762,
        "f1-score": 0.5744075829383887,
        "support": 504.0
    },
    "2": {
        "precision": 0.7794486215538847,
        "recall": 0.7266355140186916,
        "f1-score": 0.7521160822249093,
        "support": 428.0
    },
    "3": {
        "precision": 0.3473451327433628,
        "recall": 0.3584474885844749,
        "f1-score": 0.35280898876404493,
        "support": 438.0
    },
    "accuracy": 0.5041505257332596,
    "macro avg": {
        "precision": 0.5055955056353233,
        "recall": 0.5016599028791887,
        "f1-score": 0.5029685554058262,
        "support": 1807.0
    },
    "weighted avg": {
        "precision": 0.5057870346068036,
        "recall": 0.5041505257332596,
        "f1-score": 0.5042933631184262,
        "support": 1807.0
    }
}