{
    "train_metrics": [],
    "val_metrics": [],
    "hyperparameters": {
        "learning_rate": 0.0001326033192269654,
        "batch_size": 16,
        "weight_decay": 0.0003699972431463808,
        "trainable_layers": 3,
        "dropout_rate": 0.15381286901161428,
        "optimizer": "RMSprop",
        "scheduler": "ReduceLROnPlateau",
        "label_smoothing": 0.03739383437233124,
        "factor": 0.3231148769106889,
        "patience": 5
    },
    "class_weights": {
        "T": [
            1.020164132118225,
            0.9987770915031433,
            0.9719483256340027,
            1.010427713394165
        ],
        "N": [
            1.005452036857605,
            0.9579423666000366,
            1.0827651023864746,
            0.9634310603141785
        ],
        "M": [
            0.9742671847343445,
            1.027129054069519
        ]
    },
    "classification_reports": {
        "T": {
            "0": {
                "precision": 0.2896825396825397,
                "recall": 0.17298578199052134,
                "f1-score": 0.2166172106824926,
                "support": 422.0
            },
            "1": {
                "precision": 0.14052953156822812,
                "recall": 0.17121588089330025,
                "f1-score": 0.15436241610738255,
                "support": 403.0
            },
            "2": {
                "precision": 0.2861635220125786,
                "recall": 0.17105263157894737,
                "f1-score": 0.21411764705882352,
                "support": 532.0
            },
            "3": {
                "precision": 0.39544235924932974,
                "recall": 0.6555555555555556,
                "f1-score": 0.49331103678929766,
                "support": 450.0
            },
            "accuracy": 0.29219701162147205,
            "macro avg": {
                "precision": 0.27795448812816903,
                "recall": 0.2927024625045811,
                "f1-score": 0.26960207765949906,
                "support": 1807.0
            },
            "weighted avg": {
                "precision": 0.28171969470997116,
                "recall": 0.29219701162147205,
                "f1-score": 0.27090264050346713,
                "support": 1807.0
            }
        },
        "N": {
            "0": {
                "precision": 0.45604395604395603,
                "recall": 0.37986270022883295,
                "f1-score": 0.41448189762796506,
                "support": 437.0
            },
            "1": {
                "precision": 0.6621621621621622,
                "recall": 0.4861111111111111,
                "f1-score": 0.5606407322654462,
                "support": 504.0
            },
            "2": {
                "precision": 0.7109704641350211,
                "recall": 0.7873831775700935,
                "f1-score": 0.7472283813747228,
                "support": 428.0
            },
            "3": {
                "precision": 0.5626043405676127,
                "recall": 0.769406392694064,
                "f1-score": 0.6499517839922855,
                "support": 438.0
            },
            "accuracy": 0.600442722744881,
            "macro avg": {
                "precision": 0.597945230727188,
                "recall": 0.6056908454010254,
                "f1-score": 0.5930756988151049,
                "support": 1807.0
            },
            "weighted avg": {
                "precision": 0.5997437732923863,
                "recall": 0.600442722744881,
                "f1-score": 0.591136771965804,
                "support": 1807.0
            }
        },
        "M": {
            "0": {
                "precision": 0.6394686907020873,
                "recall": 0.7147401908801697,
                "f1-score": 0.6750125187781673,
                "support": 943.0
            },
            "1": {
                "precision": 0.6427622841965471,
                "recall": 0.5601851851851852,
                "f1-score": 0.5986394557823129,
                "support": 864.0
            },
            "accuracy": 0.6408411732152739,
            "macro avg": {
                "precision": 0.6411154874493172,
                "recall": 0.6374626880326775,
                "f1-score": 0.6368259872802401,
                "support": 1807.0
            },
            "weighted avg": {
                "precision": 0.641043491354668,
                "recall": 0.6408411732152739,
                "f1-score": 0.6384954593269121,
                "support": 1807.0
            }
        }
    },
    "final_metrics": {
        "val_f1_T": 0.26960207765949906,
        "val_f1_N": 0.5930756988151049,
        "val_f1_M": 0.6368259872802401,
        "val_f1_mean": 0.49983458791828134
    }
}