{
    "0": {
        "precision": 0.6073567151411463,
        "recall": 0.7529162248144221,
        "f1-score": 0.6723484848484849,
        "support": 943.0
    },
    "1": {
        "precision": 0.6347962382445141,
        "recall": 0.46875,
        "f1-score": 0.5392809587217043,
        "support": 864.0
    },
    "accuracy": 0.6170448256779192,
    "macro avg": {
        "precision": 0.6210764766928303,
        "recall": 0.610833112407211,
        "f1-score": 0.6058147217850947,
        "support": 1807.0
    },
    "weighted avg": {
        "precision": 0.6204766642066193,
        "recall": 0.6170448256779192,
        "f1-score": 0.6087235027933999,
        "support": 1807.0
    }
}