{
    "0": {
        "precision": 0.2814070351758794,
        "recall": 0.38443935926773454,
        "f1-score": 0.32495164410058025,
        "support": 437.0
    },
    "1": {
        "precision": 0.44866920152091255,
        "recall": 0.23412698412698413,
        "f1-score": 0.3076923076923077,
        "support": 504.0
    },
    "2": {
        "precision": 0.7727272727272727,
        "recall": 0.8341121495327103,
        "f1-score": 0.802247191011236,
        "support": 428.0
    },
    "3": {
        "precision": 0.6618556701030928,
        "recall": 0.7328767123287672,
        "f1-score": 0.695557963163597,
        "support": 438.0
    },
    "accuracy": 0.533480907581627,
    "macro avg": {
        "precision": 0.5411647948817894,
        "recall": 0.546388801314049,
        "f1-score": 0.5326122764919302,
        "support": 1807.0
    },
    "weighted avg": {
        "precision": 0.5366487040237004,
        "recall": 0.533480907581627,
        "f1-score": 0.523019909887848,
        "support": 1807.0
    }
}