{
    "0": {
        "precision": 0.41911764705882354,
        "recall": 0.4052132701421801,
        "f1-score": 0.41204819277108434,
        "support": 422.0
    },
    "1": {
        "precision": 0.16568047337278108,
        "recall": 0.13895781637717122,
        "f1-score": 0.15114709851551958,
        "support": 403.0
    },
    "2": {
        "precision": 0.6658653846153846,
        "recall": 0.5206766917293233,
        "f1-score": 0.5843881856540084,
        "support": 532.0
    },
    "3": {
        "precision": 0.3953488372093023,
        "recall": 0.5666666666666667,
        "f1-score": 0.4657534246575342,
        "support": 450.0
    },
    "accuracy": 0.4200332042058661,
    "macro avg": {
        "precision": 0.4115030855640729,
        "recall": 0.40787861122883534,
        "f1-score": 0.40333422539953667,
        "support": 1807.0
    },
    "weighted avg": {
        "precision": 0.4293216597607222,
        "recall": 0.4200332042058661,
        "f1-score": 0.41797463968731313,
        "support": 1807.0
    }
}