{
    "0": {
        "precision": 0.30612244897959184,
        "recall": 0.2745995423340961,
        "f1-score": 0.28950542822677927,
        "support": 437.0
    },
    "1": {
        "precision": 0.5812356979405034,
        "recall": 0.503968253968254,
        "f1-score": 0.5398512221041445,
        "support": 504.0
    },
    "2": {
        "precision": 0.7613365155131265,
        "recall": 0.7453271028037384,
        "f1-score": 0.7532467532467533,
        "support": 428.0
    },
    "3": {
        "precision": 0.6100178890876565,
        "recall": 0.7785388127853882,
        "f1-score": 0.6840521564694082,
        "support": 438.0
    },
    "accuracy": 0.5722191477587161,
    "macro avg": {
        "precision": 0.5646781378802196,
        "recall": 0.5756084279728692,
        "f1-score": 0.5666638900117713,
        "support": 1807.0
    },
    "weighted avg": {
        "precision": 0.5643376679723892,
        "recall": 0.5722191477587161,
        "f1-score": 0.5648053918089665,
        "support": 1807.0
    }
}