{
    "0": {
        "precision": 0.4337748344370861,
        "recall": 0.3104265402843602,
        "f1-score": 0.36187845303867405,
        "support": 422.0
    },
    "1": {
        "precision": 0.1992619926199262,
        "recall": 0.2679900744416873,
        "f1-score": 0.22857142857142856,
        "support": 403.0
    },
    "2": {
        "precision": 0.6005747126436781,
        "recall": 0.39285714285714285,
        "f1-score": 0.475,
        "support": 532.0
    },
    "3": {
        "precision": 0.44227642276422763,
        "recall": 0.6044444444444445,
        "f1-score": 0.5107981220657277,
        "support": 450.0
    },
    "accuracy": 0.3984504703929164,
    "macro avg": {
        "precision": 0.4189719906162295,
        "recall": 0.3939295505069087,
        "f1-score": 0.3940620009189576,
        "support": 1807.0
    },
    "weighted avg": {
        "precision": 0.43269822940156044,
        "recall": 0.3984504703929164,
        "f1-score": 0.40253798994254764,
        "support": 1807.0
    }
}