{
    "0": {
        "precision": 0.35805626598465473,
        "recall": 0.32036613272311215,
        "f1-score": 0.33816425120772947,
        "support": 437.0
    },
    "1": {
        "precision": 0.6095717884130982,
        "recall": 0.4801587301587302,
        "f1-score": 0.537180910099889,
        "support": 504.0
    },
    "2": {
        "precision": 0.7237113402061855,
        "recall": 0.8200934579439252,
        "f1-score": 0.768893756845564,
        "support": 428.0
    },
    "3": {
        "precision": 0.6067415730337079,
        "recall": 0.7397260273972602,
        "f1-score": 0.6666666666666666,
        "support": 438.0
    },
    "accuracy": 0.5849474266740454,
    "macro avg": {
        "precision": 0.5745202419094116,
        "recall": 0.5900860870557569,
        "f1-score": 0.5777263962049622,
        "support": 1807.0
    },
    "weighted avg": {
        "precision": 0.5750946498021622,
        "recall": 0.5849474266740454,
        "f1-score": 0.5753201352507047,
        "support": 1807.0
    }
}