{
    "train_metrics": [],
    "val_metrics": [],
    "hyperparameters": {
        "learning_rate": 1.673335761956309e-05,
        "batch_size": 16,
        "weight_decay": 0.0003095209069239348,
        "trainable_layers": 2,
        "dropout_rate": 0.29857760120057897,
        "optimizer": "Adam",
        "scheduler": "CosineAnnealingLR",
        "label_smoothing": 0.08048618995714281,
        "T_max": 7,
        "eta_min": 2.1832513385728786e-05
    },
    "class_weights": {
        "T": [
            1.020164132118225,
            0.9987770915031433,
            0.9719483256340027,
            1.010427713394165
        ],
        "N": [
            1.005452036857605,
            0.9579423666000366,
            1.0827651023864746,
            0.9634310603141785
        ],
        "M": [
            0.9742671847343445,
            1.027129054069519
        ]
    },
    "classification_reports": {
        "T": {
            "0": {
                "precision": 0.40425531914893614,
                "recall": 0.4052132701421801,
                "f1-score": 0.40473372781065087,
                "support": 422.0
            },
            "1": {
                "precision": 0.11375661375661375,
                "recall": 0.10669975186104218,
                "f1-score": 0.11011523687580026,
                "support": 403.0
            },
            "2": {
                "precision": 0.5750708215297451,
                "recall": 0.3815789473684211,
                "f1-score": 0.45875706214689266,
                "support": 532.0
            },
            "3": {
                "precision": 0.40888208269525267,
                "recall": 0.5933333333333334,
                "f1-score": 0.4841341795104261,
                "support": 450.0
            },
            "accuracy": 0.3785279468732706,
            "macro avg": {
                "precision": 0.3754912092826369,
                "recall": 0.3717063256762442,
                "f1-score": 0.36443505158594247,
                "support": 1807.0
            },
            "weighted avg": {
                "precision": 0.39090994703456255,
                "recall": 0.3785279468732706,
                "f1-score": 0.37470570638565626,
                "support": 1807.0
            }
        },
        "N": {
            "0": {
                "precision": 0.37988826815642457,
                "recall": 0.3112128146453089,
                "f1-score": 0.3421383647798742,
                "support": 437.0
            },
            "1": {
                "precision": 0.6183035714285714,
                "recall": 0.5496031746031746,
                "f1-score": 0.5819327731092437,
                "support": 504.0
            },
            "2": {
                "precision": 0.7549234135667396,
                "recall": 0.8060747663551402,
                "f1-score": 0.7796610169491526,
                "support": 428.0
            },
            "3": {
                "precision": 0.6158088235294118,
                "recall": 0.7648401826484018,
                "f1-score": 0.6822810590631364,
                "support": 438.0
            },
            "accuracy": 0.6048699501936912,
            "macro avg": {
                "precision": 0.5922310191702869,
                "recall": 0.6079327345630063,
                "f1-score": 0.5965033034753517,
                "support": 1807.0
            },
            "weighted avg": {
                "precision": 0.5924004753164386,
                "recall": 0.6048699501936912,
                "f1-score": 0.5950982856556475,
                "support": 1807.0
            }
        },
        "M": {
            "0": {
                "precision": 0.6073567151411463,
                "recall": 0.7529162248144221,
                "f1-score": 0.6723484848484849,
                "support": 943.0
            },
            "1": {
                "precision": 0.6347962382445141,
                "recall": 0.46875,
                "f1-score": 0.5392809587217043,
                "support": 864.0
            },
            "accuracy": 0.6170448256779192,
            "macro avg": {
                "precision": 0.6210764766928303,
                "recall": 0.610833112407211,
                "f1-score": 0.6058147217850947,
                "support": 1807.0
            },
            "weighted avg": {
                "precision": 0.6204766642066193,
                "recall": 0.6170448256779192,
                "f1-score": 0.6087235027933999,
                "support": 1807.0
            }
        }
    },
    "final_metrics": {
        "val_f1_T": 0.36443505158594247,
        "val_f1_N": 0.5965033034753517,
        "val_f1_M": 0.6058147217850947,
        "val_f1_mean": 0.522251025615463
    }
}