{
    "0": {
        "precision": 0.30755711775043937,
        "recall": 0.40045766590389015,
        "f1-score": 0.34791252485089463,
        "support": 437.0
    },
    "1": {
        "precision": 0.5061124694376528,
        "recall": 0.4107142857142857,
        "f1-score": 0.4534501642935378,
        "support": 504.0
    },
    "2": {
        "precision": 0.7793427230046949,
        "recall": 0.7757009345794392,
        "f1-score": 0.7775175644028103,
        "support": 428.0
    },
    "3": {
        "precision": 0.6327543424317618,
        "recall": 0.5821917808219178,
        "f1-score": 0.6064209274673008,
        "support": 438.0
    },
    "accuracy": 0.5362479247371333,
    "macro avg": {
        "precision": 0.5564416631561372,
        "recall": 0.5422661667548833,
        "f1-score": 0.5463252952536358,
        "support": 1807.0
    },
    "weighted avg": {
        "precision": 0.5535075996041174,
        "recall": 0.5362479247371333,
        "f1-score": 0.541763442146577,
        "support": 1807.0
    }
}