{
    "train_metrics": [],
    "val_metrics": [],
    "hyperparameters": {
        "learning_rate": 3.1791370266886244e-05,
        "batch_size": 32,
        "weight_decay": 0.00154777747387465,
        "trainable_layers": 2,
        "dropout_rate": 0.2516816688183778,
        "optimizer": "Adam",
        "scheduler": "CosineAnnealingLR",
        "label_smoothing": 0.014725547197352223,
        "T_max": 5,
        "eta_min": 4.8347547632503055e-05
    },
    "class_weights": {
        "T": [
            1.020164132118225,
            0.9987770915031433,
            0.9719483256340027,
            1.010427713394165
        ],
        "N": [
            1.005452036857605,
            0.9579423666000366,
            1.0827651023864746,
            0.9634310603141785
        ],
        "M": [
            0.9742671847343445,
            1.027129054069519
        ]
    },
    "classification_reports": {
        "T": {
            "0": {
                "precision": 0.35537190082644626,
                "recall": 0.3056872037914692,
                "f1-score": 0.3286624203821656,
                "support": 422.0
            },
            "1": {
                "precision": 0.14898989898989898,
                "recall": 0.14640198511166252,
                "f1-score": 0.1476846057571965,
                "support": 403.0
            },
            "2": {
                "precision": 0.6844547563805105,
                "recall": 0.5545112781954887,
                "f1-score": 0.612668743509865,
                "support": 532.0
            },
            "3": {
                "precision": 0.41491085899513774,
                "recall": 0.5688888888888889,
                "f1-score": 0.47985004686035615,
                "support": 450.0
            },
            "accuracy": 0.4089651355838406,
            "macro avg": {
                "precision": 0.4009318537979984,
                "recall": 0.39387233899687735,
                "f1-score": 0.3922164541273958,
                "support": 1807.0
            },
            "weighted avg": {
                "precision": 0.4210568281040028,
                "recall": 0.4089651355838406,
                "f1-score": 0.40956542897389736,
                "support": 1807.0
            }
        },
        "N": {
            "0": {
                "precision": 0.2848101265822785,
                "recall": 0.30892448512585813,
                "f1-score": 0.29637760702524696,
                "support": 437.0
            },
            "1": {
                "precision": 0.4932249322493225,
                "recall": 0.3611111111111111,
                "f1-score": 0.41695303550973656,
                "support": 504.0
            },
            "2": {
                "precision": 0.753393665158371,
                "recall": 0.7780373831775701,
                "f1-score": 0.7655172413793103,
                "support": 428.0
            },
            "3": {
                "precision": 0.5842911877394636,
                "recall": 0.6963470319634704,
                "f1-score": 0.6354166666666666,
                "support": 438.0
            },
            "accuracy": 0.5285002767017155,
            "macro avg": {
                "precision": 0.5289299779323589,
                "recall": 0.5361050028445025,
                "f1-score": 0.5285661376452401,
                "support": 1807.0
            },
            "weighted avg": {
                "precision": 0.5265187714929619,
                "recall": 0.5285002767017155,
                "f1-score": 0.5233067091739263,
                "support": 1807.0
            }
        },
        "M": {
            "0": {
                "precision": 0.6580645161290323,
                "recall": 0.7571580063626723,
                "f1-score": 0.7041420118343196,
                "support": 943.0
            },
            "1": {
                "precision": 0.682825484764543,
                "recall": 0.5706018518518519,
                "f1-score": 0.6216897856242118,
                "support": 864.0
            },
            "accuracy": 0.6679579413392362,
            "macro avg": {
                "precision": 0.6704450004467877,
                "recall": 0.6638799291072621,
                "f1-score": 0.6629158987292657,
                "support": 1807.0
            },
            "weighted avg": {
                "precision": 0.6699037396492764,
                "recall": 0.6679579413392362,
                "f1-score": 0.6647182578522869,
                "support": 1807.0
            }
        }
    },
    "final_metrics": {
        "val_f1_T": 0.3922164541273958,
        "val_f1_N": 0.5285661376452401,
        "val_f1_M": 0.6629158987292657,
        "val_f1_mean": 0.5278994968339672
    }
}