{
    "0": {
        "precision": 0.8531375166889186,
        "recall": 0.6776246023329798,
        "f1-score": 0.7553191489361702,
        "support": 943.0
    },
    "1": {
        "precision": 0.7126654064272212,
        "recall": 0.8726851851851852,
        "f1-score": 0.7845993756503642,
        "support": 864.0
    },
    "accuracy": 0.770890979524073,
    "macro avg": {
        "precision": 0.7829014615580698,
        "recall": 0.7751548937590825,
        "f1-score": 0.7699592622932672,
        "support": 1807.0
    },
    "weighted avg": {
        "precision": 0.7859721025958879,
        "recall": 0.770890979524073,
        "f1-score": 0.7693192130651484,
        "support": 1807.0
    }
}