{
    "0": {
        "precision": 0.1782178217821782,
        "recall": 0.041189931350114416,
        "f1-score": 0.06691449814126393,
        "support": 437.0
    },
    "1": {
        "precision": 0.5706984667802385,
        "recall": 0.6646825396825397,
        "f1-score": 0.614115490375802,
        "support": 504.0
    },
    "2": {
        "precision": 0.6775777414075287,
        "recall": 0.9672897196261683,
        "f1-score": 0.7969201154956689,
        "support": 428.0
    },
    "3": {
        "precision": 0.5334645669291339,
        "recall": 0.6187214611872146,
        "f1-score": 0.572938689217759,
        "support": 438.0
    },
    "accuracy": 0.5744327614831212,
    "macro avg": {
        "precision": 0.48998964922476984,
        "recall": 0.5729709129615093,
        "f1-score": 0.5127221983076234,
        "support": 1807.0
    },
    "weighted avg": {
        "precision": 0.4920719252979718,
        "recall": 0.5744327614831212,
        "f1-score": 0.5150995009112681,
        "support": 1807.0
    }
}