{
    "0": {
        "precision": 0.20588235294117646,
        "recall": 0.16587677725118483,
        "f1-score": 0.1837270341207349,
        "support": 422.0
    },
    "1": {
        "precision": 0.21596858638743455,
        "recall": 0.4094292803970223,
        "f1-score": 0.2827763496143959,
        "support": 403.0
    },
    "2": {
        "precision": 0.4067796610169492,
        "recall": 0.045112781954887216,
        "f1-score": 0.08121827411167512,
        "support": 532.0
    },
    "3": {
        "precision": 0.42857142857142855,
        "recall": 0.6133333333333333,
        "f1-score": 0.5045703839122486,
        "support": 450.0
    },
    "accuracy": 0.29607083563918096,
    "macro avg": {
        "precision": 0.3143005072292472,
        "recall": 0.30843804323410695,
        "f1-score": 0.2630730104397636,
        "support": 1807.0
    },
    "weighted avg": {
        "precision": 0.3227347071242238,
        "recall": 0.29607083563918096,
        "f1-score": 0.2555376158724265,
        "support": 1807.0
    }
}