{
    "0": {
        "precision": 0.2744479495268139,
        "recall": 0.20616113744075829,
        "f1-score": 0.2354533152909337,
        "support": 422.0
    },
    "1": {
        "precision": 0.19413092550790068,
        "recall": 0.21339950372208435,
        "f1-score": 0.2033096926713948,
        "support": 403.0
    },
    "2": {
        "precision": 0.662269129287599,
        "recall": 0.4718045112781955,
        "f1-score": 0.5510428100987925,
        "support": 532.0
    },
    "3": {
        "precision": 0.3787425149700599,
        "recall": 0.5622222222222222,
        "f1-score": 0.4525939177101968,
        "support": 450.0
    },
    "accuracy": 0.3746541228555617,
    "macro avg": {
        "precision": 0.37739762982309333,
        "recall": 0.3633968436658151,
        "f1-score": 0.36059993394282946,
        "support": 1807.0
    },
    "weighted avg": {
        "precision": 0.3966868324280737,
        "recall": 0.3746541228555617,
        "f1-score": 0.3752723537030948,
        "support": 1807.0
    }
}