{
    "train_metrics": [],
    "val_metrics": [],
    "hyperparameters": {
        "learning_rate": 1.2799683260462144e-05,
        "batch_size": 16,
        "weight_decay": 0.0020230584822696876,
        "trainable_layers": 3,
        "dropout_rate": 0.2209556720216102,
        "optimizer": "RMSprop",
        "scheduler": "CosineAnnealingLR",
        "label_smoothing": 0.00027303733874096785,
        "T_max": 6,
        "eta_min": 9.331092334825644e-06
    },
    "class_weights": {
        "T": [
            1.020164132118225,
            0.9987770915031433,
            0.9719483256340027,
            1.010427713394165
        ],
        "N": [
            1.005452036857605,
            0.9579423666000366,
            1.0827651023864746,
            0.9634310603141785
        ],
        "M": [
            0.9742671847343445,
            1.027129054069519
        ]
    },
    "classification_reports": {
        "T": {
            "0": {
                "precision": 0.3492822966507177,
                "recall": 0.3459715639810427,
                "f1-score": 0.3476190476190476,
                "support": 422.0
            },
            "1": {
                "precision": 0.1424581005586592,
                "recall": 0.12655086848635236,
                "f1-score": 0.1340341655716163,
                "support": 403.0
            },
            "2": {
                "precision": 0.686084142394822,
                "recall": 0.39849624060150374,
                "f1-score": 0.5041617122473246,
                "support": 532.0
            },
            "3": {
                "precision": 0.38365650969529086,
                "recall": 0.6155555555555555,
                "f1-score": 0.4726962457337884,
                "support": 450.0
            },
            "accuracy": 0.3796347537354732,
            "macro avg": {
                "precision": 0.39037026232487243,
                "recall": 0.3716435571561135,
                "f1-score": 0.3646277927929442,
                "support": 1807.0
            },
            "weighted avg": {
                "precision": 0.4108743424619085,
                "recall": 0.3796347537354732,
                "f1-score": 0.3772210007284897,
                "support": 1807.0
            }
        },
        "N": {
            "0": {
                "precision": 0.25654450261780104,
                "recall": 0.33638443935926776,
                "f1-score": 0.29108910891089107,
                "support": 437.0
            },
            "1": {
                "precision": 0.3488372093023256,
                "recall": 0.1488095238095238,
                "f1-score": 0.2086230876216968,
                "support": 504.0
            },
            "2": {
                "precision": 0.7891304347826087,
                "recall": 0.8481308411214953,
                "f1-score": 0.8175675675675675,
                "support": 428.0
            },
            "3": {
                "precision": 0.5885509838998211,
                "recall": 0.7511415525114156,
                "f1-score": 0.6599799398194583,
                "support": 438.0
            },
            "accuracy": 0.5058107360265633,
            "macro avg": {
                "precision": 0.4957657826506391,
                "recall": 0.5211165892004257,
                "f1-score": 0.49431492597990345,
                "support": 1807.0
            },
            "weighted avg": {
                "precision": 0.48890816722049213,
                "recall": 0.5058107360265633,
                "f1-score": 0.4822037129580721,
                "support": 1807.0
            }
        },
        "M": {
            "0": {
                "precision": 0.6454767726161369,
                "recall": 0.8398727465535525,
                "f1-score": 0.7299539170506912,
                "support": 943.0
            },
            "1": {
                "precision": 0.7396551724137931,
                "recall": 0.4965277777777778,
                "f1-score": 0.5941828254847645,
                "support": 864.0
            },
            "accuracy": 0.6757055893746541,
            "macro avg": {
                "precision": 0.692565972514965,
                "recall": 0.6682002621656651,
                "f1-score": 0.6620683712677279,
                "support": 1807.0
            },
            "weighted avg": {
                "precision": 0.6905072858564109,
                "recall": 0.6757055893746541,
                "f1-score": 0.6650362506904473,
                "support": 1807.0
            }
        }
    },
    "final_metrics": {
        "val_f1_T": 0.3646277927929442,
        "val_f1_N": 0.49431492597990345,
        "val_f1_M": 0.6620683712677279,
        "val_f1_mean": 0.5070036966801919
    }
}