{
    "train_metrics": [],
    "val_metrics": [],
    "hyperparameters": {
        "learning_rate": 4.1828292698944394e-05,
        "batch_size": 32,
        "weight_decay": 0.00335434283227888,
        "trainable_layers": 2,
        "dropout_rate": 0.25479242749200465,
        "optimizer": "Adam",
        "scheduler": "CosineAnnealingLR",
        "label_smoothing": 0.010324772869195878,
        "T_max": 7,
        "eta_min": 1.2641281664508479e-06
    },
    "class_weights": {
        "T": [
            1.020164132118225,
            0.9987770915031433,
            0.9719483256340027,
            1.010427713394165
        ],
        "N": [
            1.005452036857605,
            0.9579423666000366,
            1.0827651023864746,
            0.9634310603141785
        ],
        "M": [
            0.9742671847343445,
            1.027129054069519
        ]
    },
    "classification_reports": {
        "T": {
            "0": {
                "precision": 0.37293729372937295,
                "recall": 0.2677725118483412,
                "f1-score": 0.3117241379310345,
                "support": 422.0
            },
            "1": {
                "precision": 0.17590361445783131,
                "recall": 0.18114143920595532,
                "f1-score": 0.1784841075794621,
                "support": 403.0
            },
            "2": {
                "precision": 0.5940366972477065,
                "recall": 0.4868421052631579,
                "f1-score": 0.5351239669421488,
                "support": 532.0
            },
            "3": {
                "precision": 0.4104134762633997,
                "recall": 0.5955555555555555,
                "f1-score": 0.485947416137806,
                "support": 450.0
            },
            "accuracy": 0.3945766463752075,
            "macro avg": {
                "precision": 0.38832277042457763,
                "recall": 0.38282790296825253,
                "f1-score": 0.3778199071476128,
                "support": 1807.0
            },
            "weighted avg": {
                "precision": 0.4034212959793088,
                "recall": 0.3945766463752075,
                "f1-score": 0.3911671108116523,
                "support": 1807.0
            }
        },
        "N": {
            "0": {
                "precision": 0.23404255319148937,
                "recall": 0.2517162471395881,
                "f1-score": 0.24255788313120177,
                "support": 437.0
            },
            "1": {
                "precision": 0.4434782608695652,
                "recall": 0.30357142857142855,
                "f1-score": 0.36042402826855124,
                "support": 504.0
            },
            "2": {
                "precision": 0.6706114398422091,
                "recall": 0.794392523364486,
                "f1-score": 0.7272727272727273,
                "support": 428.0
            },
            "3": {
                "precision": 0.6103092783505155,
                "recall": 0.6757990867579908,
                "f1-score": 0.6413867822318526,
                "support": 438.0
            },
            "accuracy": 0.4975096845600443,
            "macro avg": {
                "precision": 0.4896103830634448,
                "recall": 0.5063698214583734,
                "f1-score": 0.49291035522608323,
                "support": 1807.0
            },
            "weighted avg": {
                "precision": 0.4870651905882308,
                "recall": 0.4975096845600443,
                "f1-score": 0.4869129181327968,
                "support": 1807.0
            }
        },
        "M": {
            "0": {
                "precision": 0.6337412587412588,
                "recall": 0.7688229056203606,
                "f1-score": 0.6947771921418304,
                "support": 943.0
            },
            "1": {
                "precision": 0.6711915535444947,
                "recall": 0.5150462962962963,
                "f1-score": 0.5828421741977734,
                "support": 864.0
            },
            "accuracy": 0.6474820143884892,
            "macro avg": {
                "precision": 0.6524664061428767,
                "recall": 0.6419346009583284,
                "f1-score": 0.6388096831698019,
                "support": 1807.0
            },
            "weighted avg": {
                "precision": 0.6516477638381021,
                "recall": 0.6474820143884892,
                "f1-score": 0.6412565194779315,
                "support": 1807.0
            }
        }
    },
    "final_metrics": {
        "val_f1_T": 0.3778199071476128,
        "val_f1_N": 0.49291035522608323,
        "val_f1_M": 0.6388096831698019,
        "val_f1_mean": 0.5031799818478326
    }
}