{
    "0": {
        "precision": 0.6259659969088099,
        "recall": 0.8589607635206787,
        "f1-score": 0.7241841752346894,
        "support": 943.0
    },
    "1": {
        "precision": 0.7407407407407407,
        "recall": 0.4398148148148148,
        "f1-score": 0.5519244734931009,
        "support": 864.0
    },
    "accuracy": 0.6585500830105147,
    "macro avg": {
        "precision": 0.6833533688247753,
        "recall": 0.6493877891677468,
        "f1-score": 0.6380543243638952,
        "support": 1807.0
    },
    "weighted avg": {
        "precision": 0.680844457711681,
        "recall": 0.6585500830105147,
        "f1-score": 0.641819824208274,
        "support": 1807.0
    }
}