{
    "0": {
        "precision": 0.39285714285714285,
        "recall": 0.36492890995260663,
        "f1-score": 0.3783783783783784,
        "support": 422.0
    },
    "1": {
        "precision": 0.14,
        "recall": 0.10421836228287841,
        "f1-score": 0.11948790896159317,
        "support": 403.0
    },
    "2": {
        "precision": 0.6464208242950108,
        "recall": 0.5601503759398496,
        "f1-score": 0.6002014098690835,
        "support": 532.0
    },
    "3": {
        "precision": 0.38837920489296635,
        "recall": 0.5644444444444444,
        "f1-score": 0.4601449275362319,
        "support": 450.0
    },
    "accuracy": 0.4139457664637521,
    "macro avg": {
        "precision": 0.39191429301128006,
        "recall": 0.3984355231549448,
        "f1-score": 0.38955315618632175,
        "support": 1807.0
    },
    "weighted avg": {
        "precision": 0.41000123686358325,
        "recall": 0.4139457664637521,
        "f1-score": 0.406309723535614,
        "support": 1807.0
    }
}