{
    "0": {
        "precision": 0.6354249404289118,
        "recall": 0.848356309650053,
        "f1-score": 0.7266121707538601,
        "support": 943.0
    },
    "1": {
        "precision": 0.7390510948905109,
        "recall": 0.46875,
        "f1-score": 0.5736543909348442,
        "support": 864.0
    },
    "accuracy": 0.6668511344770337,
    "macro avg": {
        "precision": 0.6872380176597114,
        "recall": 0.6585531548250265,
        "f1-score": 0.6501332808443521,
        "support": 1807.0
    },
    "weighted avg": {
        "precision": 0.6849728084171915,
        "recall": 0.6668511344770337,
        "f1-score": 0.6534768515708884,
        "support": 1807.0
    }
}