{
    "0": {
        "precision": 0.2537313432835821,
        "recall": 0.2334096109839817,
        "f1-score": 0.2431466030989273,
        "support": 437.0
    },
    "1": {
        "precision": 0.5555555555555556,
        "recall": 0.42658730158730157,
        "f1-score": 0.4826038159371493,
        "support": 504.0
    },
    "2": {
        "precision": 0.7720588235294118,
        "recall": 0.735981308411215,
        "f1-score": 0.7535885167464115,
        "support": 428.0
    },
    "3": {
        "precision": 0.5901639344262295,
        "recall": 0.821917808219178,
        "f1-score": 0.6870229007633588,
        "support": 438.0
    },
    "accuracy": 0.5489762036524627,
    "macro avg": {
        "precision": 0.5428774141986947,
        "recall": 0.5544740073004191,
        "f1-score": 0.5415904591364618,
        "support": 1807.0
    },
    "weighted avg": {
        "precision": 0.5422321952209198,
        "recall": 0.5489762036524627,
        "f1-score": 0.5384279493571499,
        "support": 1807.0
    }
}