{
    "0": {
        "precision": 0.6306235201262825,
        "recall": 0.8472958642629904,
        "f1-score": 0.7230769230769231,
        "support": 943.0
    },
    "1": {
        "precision": 0.7333333333333333,
        "recall": 0.4583333333333333,
        "f1-score": 0.5641025641025641,
        "support": 864.0
    },
    "accuracy": 0.6613171001660211,
    "macro avg": {
        "precision": 0.6819784267298079,
        "recall": 0.6528145987981618,
        "f1-score": 0.6435897435897435,
        "support": 1807.0
    },
    "weighted avg": {
        "precision": 0.6797332481898641,
        "recall": 0.6613171001660211,
        "f1-score": 0.6470648333404283,
        "support": 1807.0
    }
}