{
    "0": {
        "precision": 0.5671537926235213,
        "recall": 0.8642629904559915,
        "f1-score": 0.6848739495798319,
        "support": 943.0
    },
    "1": {
        "precision": 0.654054054054054,
        "recall": 0.2800925925925926,
        "f1-score": 0.39222042139384117,
        "support": 864.0
    },
    "accuracy": 0.5849474266740454,
    "macro avg": {
        "precision": 0.6106039233387877,
        "recall": 0.572177791524292,
        "f1-score": 0.5385471854868366,
        "support": 1807.0
    },
    "weighted avg": {
        "precision": 0.6087043326766371,
        "recall": 0.5849474266740454,
        "f1-score": 0.5449444264184063,
        "support": 1807.0
    }
}