{
    "0": {
        "precision": 0.6327014218009479,
        "recall": 0.8494167550371156,
        "f1-score": 0.7252150294250792,
        "support": 943.0
    },
    "1": {
        "precision": 0.7375231053604436,
        "recall": 0.4618055555555556,
        "f1-score": 0.5679715302491103,
        "support": 864.0
    },
    "accuracy": 0.6640841173215274,
    "macro avg": {
        "precision": 0.6851122635806958,
        "recall": 0.6556111552963355,
        "f1-score": 0.6465932798370948,
        "support": 1807.0
    },
    "weighted avg": {
        "precision": 0.6828209207469381,
        "recall": 0.6640841173215274,
        "f1-score": 0.6500305339696076,
        "support": 1807.0
    }
}