{
    "0": {
        "precision": 0.34474327628361856,
        "recall": 0.32265446224256294,
        "f1-score": 0.3333333333333333,
        "support": 437.0
    },
    "1": {
        "precision": 0.5714285714285714,
        "recall": 0.6031746031746031,
        "f1-score": 0.5868725868725869,
        "support": 504.0
    },
    "2": {
        "precision": 0.7912371134020618,
        "recall": 0.7172897196261683,
        "f1-score": 0.7524509803921569,
        "support": 428.0
    },
    "3": {
        "precision": 0.37656903765690375,
        "recall": 0.410958904109589,
        "f1-score": 0.3930131004366812,
        "support": 438.0
    },
    "accuracy": 0.5157719977863863,
    "macro avg": {
        "precision": 0.5209944996927889,
        "recall": 0.5135194222882309,
        "f1-score": 0.5164175002586896,
        "support": 1807.0
    },
    "weighted avg": {
        "precision": 0.5214385914586318,
        "recall": 0.5157719977863863,
        "f1-score": 0.5177859480075041,
        "support": 1807.0
    }
}