{
    "0": {
        "precision": 0.3184713375796178,
        "recall": 0.47393364928909953,
        "f1-score": 0.38095238095238093,
        "support": 422.0
    },
    "1": {
        "precision": 0.31896551724137934,
        "recall": 0.09181141439205956,
        "f1-score": 0.14258188824662812,
        "support": 403.0
    },
    "2": {
        "precision": 0.617363344051447,
        "recall": 0.3609022556390977,
        "f1-score": 0.4555160142348754,
        "support": 532.0
    },
    "3": {
        "precision": 0.3816489361702128,
        "recall": 0.6377777777777778,
        "f1-score": 0.47753743760399336,
        "support": 450.0
    },
    "accuracy": 0.39623685666851133,
    "macro avg": {
        "precision": 0.4091122837606642,
        "recall": 0.3911062742745086,
        "f1-score": 0.3641469302594694,
        "support": 1807.0
    },
    "weighted avg": {
        "precision": 0.4223117477691423,
        "recall": 0.39623685666851133,
        "f1-score": 0.3737956680797159,
        "support": 1807.0
    }
}