{
    "train_metrics": [],
    "val_metrics": [],
    "hyperparameters": {
        "learning_rate": 5.6115164153345e-05,
        "batch_size": 16,
        "weight_decay": 0.0006251373574521745,
        "trainable_layers": 2,
        "dropout_rate": 0.1733991780504304,
        "optimizer": "SGD",
        "scheduler": "ReduceLROnPlateau",
        "label_smoothing": 0.12486639612006326,
        "momentum": 0.7615783420967001,
        "factor": 0.2545474901621302,
        "patience": 3
    },
    "class_weights": {
        "T": [
            1.020164132118225,
            0.9987770915031433,
            0.9719483256340027,
            1.010427713394165
        ],
        "N": [
            1.005452036857605,
            0.9579423666000366,
            1.0827651023864746,
            0.9634310603141785
        ],
        "M": [
            0.9742671847343445,
            1.027129054069519
        ]
    },
    "classification_reports": {
        "T": {
            "0": {
                "precision": 0.16826923076923078,
                "recall": 0.08293838862559241,
                "f1-score": 0.1111111111111111,
                "support": 422.0
            },
            "1": {
                "precision": 0.16666666666666666,
                "recall": 0.2109181141439206,
                "f1-score": 0.18619934282584885,
                "support": 403.0
            },
            "2": {
                "precision": 0.664804469273743,
                "recall": 0.4473684210526316,
                "f1-score": 0.5348314606741573,
                "support": 532.0
            },
            "3": {
                "precision": 0.4829001367989056,
                "recall": 0.7844444444444445,
                "f1-score": 0.5977984758679086,
                "support": 450.0
            },
            "accuracy": 0.39346983951300496,
            "macro avg": {
                "precision": 0.37066012587713654,
                "recall": 0.3814173420666473,
                "f1-score": 0.35748509761975644,
                "support": 1807.0
            },
            "weighted avg": {
                "precision": 0.39245009477831816,
                "recall": 0.39346983951300496,
                "f1-score": 0.37380568636796707,
                "support": 1807.0
            }
        },
        "N": {
            "0": {
                "precision": 0.12903225806451613,
                "recall": 0.02745995423340961,
                "f1-score": 0.045283018867924525,
                "support": 437.0
            },
            "1": {
                "precision": 0.5887521968365553,
                "recall": 0.6646825396825397,
                "f1-score": 0.6244175209692451,
                "support": 504.0
            },
            "2": {
                "precision": 0.6724960254372019,
                "recall": 0.9883177570093458,
                "f1-score": 0.8003784295175024,
                "support": 428.0
            },
            "3": {
                "precision": 0.5484496124031008,
                "recall": 0.6461187214611872,
                "f1-score": 0.5932914046121593,
                "support": 438.0
            },
            "accuracy": 0.5827338129496403,
            "macro avg": {
                "precision": 0.48468252318534355,
                "recall": 0.5816447430966205,
                "f1-score": 0.5158425934917079,
                "support": 1807.0
            },
            "weighted avg": {
                "precision": 0.48764108085196345,
                "recall": 0.5827338129496403,
                "f1-score": 0.518494030363807,
                "support": 1807.0
            }
        },
        "M": {
            "0": {
                "precision": 0.6259659969088099,
                "recall": 0.8589607635206787,
                "f1-score": 0.7241841752346894,
                "support": 943.0
            },
            "1": {
                "precision": 0.7407407407407407,
                "recall": 0.4398148148148148,
                "f1-score": 0.5519244734931009,
                "support": 864.0
            },
            "accuracy": 0.6585500830105147,
            "macro avg": {
                "precision": 0.6833533688247753,
                "recall": 0.6493877891677468,
                "f1-score": 0.6380543243638952,
                "support": 1807.0
            },
            "weighted avg": {
                "precision": 0.680844457711681,
                "recall": 0.6585500830105147,
                "f1-score": 0.641819824208274,
                "support": 1807.0
            }
        }
    },
    "final_metrics": {
        "val_f1_T": 0.35748509761975644,
        "val_f1_N": 0.5158425934917079,
        "val_f1_M": 0.6380543243638952,
        "val_f1_mean": 0.5037940051584532
    }
}