{
    "0": {
        "precision": 0.3022222222222222,
        "recall": 0.3112128146453089,
        "f1-score": 0.30665163472378804,
        "support": 437.0
    },
    "1": {
        "precision": 0.5990783410138248,
        "recall": 0.5158730158730159,
        "f1-score": 0.5543710021321961,
        "support": 504.0
    },
    "2": {
        "precision": 0.8054862842892768,
        "recall": 0.7546728971962616,
        "f1-score": 0.7792521109770808,
        "support": 428.0
    },
    "3": {
        "precision": 0.6245210727969349,
        "recall": 0.7442922374429224,
        "f1-score": 0.6791666666666667,
        "support": 438.0
    },
    "accuracy": 0.5783065855008301,
    "macro avg": {
        "precision": 0.5828269800805647,
        "recall": 0.5815127412893772,
        "f1-score": 0.5798603536249329,
        "support": 1807.0
    },
    "weighted avg": {
        "precision": 0.5823436383746248,
        "recall": 0.5783065855008301,
        "f1-score": 0.5779771183990664,
        "support": 1807.0
    }
}