{
    "0": {
        "precision": 0.25274725274725274,
        "recall": 0.21052631578947367,
        "f1-score": 0.22971285892634208,
        "support": 437.0
    },
    "1": {
        "precision": 0.5186046511627908,
        "recall": 0.44246031746031744,
        "f1-score": 0.47751605995717344,
        "support": 504.0
    },
    "2": {
        "precision": 0.7489361702127659,
        "recall": 0.822429906542056,
        "f1-score": 0.7839643652561247,
        "support": 428.0
    },
    "3": {
        "precision": 0.5985267034990792,
        "recall": 0.7420091324200914,
        "f1-score": 0.6625891946992865,
        "support": 438.0
    },
    "accuracy": 0.5489762036524627,
    "macro avg": {
        "precision": 0.5297036944054722,
        "recall": 0.5543564180529846,
        "f1-score": 0.5384456197097317,
        "support": 1807.0
    },
    "weighted avg": {
        "precision": 0.5282383345989244,
        "recall": 0.5489762036524627,
        "f1-score": 0.5350323349071033,
        "support": 1807.0
    }
}