{
    "0": {
        "precision": 0.4411764705882353,
        "recall": 0.2132701421800948,
        "f1-score": 0.28753993610223644,
        "support": 422.0
    },
    "1": {
        "precision": 0.125,
        "recall": 0.1761786600496278,
        "f1-score": 0.1462409886714727,
        "support": 403.0
    },
    "2": {
        "precision": 0.75,
        "recall": 0.27631578947368424,
        "f1-score": 0.40384615384615385,
        "support": 532.0
    },
    "3": {
        "precision": 0.3706793802145411,
        "recall": 0.6911111111111111,
        "f1-score": 0.48254460822342904,
        "support": 450.0
    },
    "accuracy": 0.3425567238516879,
    "macro avg": {
        "precision": 0.4217139627006941,
        "recall": 0.33921892570362944,
        "f1-score": 0.330042921710823,
        "support": 1807.0
    },
    "weighted avg": {
        "precision": 0.4440272228471382,
        "recall": 0.3425567238516879,
        "f1-score": 0.3388313220898972,
        "support": 1807.0
    }
}