{
    "0": {
        "precision": 0.6228070175438597,
        "recall": 0.8282078472958643,
        "f1-score": 0.7109695038689121,
        "support": 943.0
    },
    "1": {
        "precision": 0.7070524412296564,
        "recall": 0.4525462962962963,
        "f1-score": 0.5518701482004235,
        "support": 864.0
    },
    "accuracy": 0.6485888212506917,
    "macro avg": {
        "precision": 0.664929729386758,
        "recall": 0.6403770717960803,
        "f1-score": 0.6314198260346677,
        "support": 1807.0
    },
    "weighted avg": {
        "precision": 0.6630881719791272,
        "recall": 0.6485888212506917,
        "f1-score": 0.634897648142529,
        "support": 1807.0
    }
}