{
    "0": {
        "precision": 0.6247974068071313,
        "recall": 0.8176033934252386,
        "f1-score": 0.7083141938447405,
        "support": 943.0
    },
    "1": {
        "precision": 0.699825479930192,
        "recall": 0.46412037037037035,
        "f1-score": 0.5581071677105081,
        "support": 864.0
    },
    "accuracy": 0.6485888212506917,
    "macro avg": {
        "precision": 0.6623114433686617,
        "recall": 0.6408618818978045,
        "f1-score": 0.6332106807776243,
        "support": 1807.0
    },
    "weighted avg": {
        "precision": 0.6606713720414005,
        "recall": 0.6485888212506917,
        "f1-score": 0.6364941215813333,
        "support": 1807.0
    }
}