{
    "0": {
        "precision": 0.38018433179723504,
        "recall": 0.3909952606635071,
        "f1-score": 0.3855140186915888,
        "support": 422.0
    },
    "1": {
        "precision": 0.23557692307692307,
        "recall": 0.24317617866004962,
        "f1-score": 0.23931623931623933,
        "support": 403.0
    },
    "2": {
        "precision": 0.691358024691358,
        "recall": 0.42105263157894735,
        "f1-score": 0.5233644859813084,
        "support": 532.0
    },
    "3": {
        "precision": 0.3744075829383886,
        "recall": 0.5266666666666666,
        "f1-score": 0.4376731301939058,
        "support": 450.0
    },
    "accuracy": 0.4006640841173215,
    "macro avg": {
        "precision": 0.4203817156259762,
        "recall": 0.39547268439229266,
        "f1-score": 0.3964669685457606,
        "support": 1807.0
    },
    "weighted avg": {
        "precision": 0.43810800745794715,
        "recall": 0.4006640841173215,
        "f1-score": 0.4064826648929765,
        "support": 1807.0
    }
}