{
    "0": {
        "precision": 0.600453172205438,
        "recall": 0.8430540827147401,
        "f1-score": 0.7013674459638288,
        "support": 943.0
    },
    "1": {
        "precision": 0.6935817805383023,
        "recall": 0.38773148148148145,
        "f1-score": 0.4974016332590943,
        "support": 864.0
    },
    "accuracy": 0.6253458771444383,
    "macro avg": {
        "precision": 0.6470174763718701,
        "recall": 0.6153927820981108,
        "f1-score": 0.5993845396114615,
        "support": 1807.0
    },
    "weighted avg": {
        "precision": 0.644981737562159,
        "recall": 0.6253458771444383,
        "f1-score": 0.6038431171442988,
        "support": 1807.0
    }
}