{
    "0": {
        "precision": 0.39197530864197533,
        "recall": 0.3009478672985782,
        "f1-score": 0.34048257372654156,
        "support": 422.0
    },
    "1": {
        "precision": 0.1889168765743073,
        "recall": 0.18610421836228289,
        "f1-score": 0.1875,
        "support": 403.0
    },
    "2": {
        "precision": 0.6610978520286396,
        "recall": 0.5206766917293233,
        "f1-score": 0.5825446898002103,
        "support": 532.0
    },
    "3": {
        "precision": 0.37031484257871067,
        "recall": 0.5488888888888889,
        "f1-score": 0.4422560429722471,
        "support": 450.0
    },
    "accuracy": 0.40177089097952406,
    "macro avg": {
        "precision": 0.4030762199559082,
        "recall": 0.38915441656976835,
        "f1-score": 0.3881958266247497,
        "support": 1807.0
    },
    "weighted avg": {
        "precision": 0.42052729272053985,
        "recall": 0.40177089097952406,
        "f1-score": 0.40297462115319516,
        "support": 1807.0
    }
}