{
    "train_metrics": [],
    "val_metrics": [],
    "hyperparameters": {
        "learning_rate": 0.0004993630628221097,
        "batch_size": 16,
        "weight_decay": 0.004637123217607402,
        "trainable_layers": 4,
        "dropout_rate": 0.8448125572098918,
        "optimizer": "SGD",
        "scheduler": "ReduceLROnPlateau",
        "label_smoothing": 0.11144184297417853,
        "momentum": 0.8304053017653074,
        "factor": 0.37915063234990537,
        "patience": 4
    },
    "class_weights": {
        "T": [
            1.020164132118225,
            0.9987770915031433,
            0.9719483256340027,
            1.010427713394165
        ],
        "N": [
            1.005452036857605,
            0.9579423666000366,
            1.0827651023864746,
            0.9634310603141785
        ],
        "M": [
            0.9742671847343445,
            1.027129054069519
        ]
    },
    "classification_reports": {
        "T": {
            "0": {
                "precision": 0.34169278996865204,
                "recall": 0.25829383886255924,
                "f1-score": 0.2941970310391363,
                "support": 422.0
            },
            "1": {
                "precision": 0.22632794457274827,
                "recall": 0.24317617866004962,
                "f1-score": 0.23444976076555024,
                "support": 403.0
            },
            "2": {
                "precision": 0.6906474820143885,
                "recall": 0.5413533834586466,
                "f1-score": 0.60695468914647,
                "support": 532.0
            },
            "3": {
                "precision": 0.3824451410658307,
                "recall": 0.5422222222222223,
                "f1-score": 0.4485294117647059,
                "support": 450.0
            },
            "accuracy": 0.4089651355838406,
            "macro avg": {
                "precision": 0.4102783394054049,
                "recall": 0.39626140580086944,
                "f1-score": 0.3960327231789656,
                "support": 1807.0
            },
            "weighted avg": {
                "precision": 0.4288485295743593,
                "recall": 0.4089651355838406,
                "f1-score": 0.4113849090243896,
                "support": 1807.0
            }
        },
        "N": {
            "0": {
                "precision": 0.30985915492957744,
                "recall": 0.2517162471395881,
                "f1-score": 0.2777777777777778,
                "support": 437.0
            },
            "1": {
                "precision": 0.6164383561643836,
                "recall": 0.5357142857142857,
                "f1-score": 0.5732484076433121,
                "support": 504.0
            },
            "2": {
                "precision": 0.8066825775656324,
                "recall": 0.7897196261682243,
                "f1-score": 0.7981109799291618,
                "support": 428.0
            },
            "3": {
                "precision": 0.5596638655462185,
                "recall": 0.7602739726027398,
                "f1-score": 0.6447241045498547,
                "support": 438.0
            },
            "accuracy": 0.5816270060874378,
            "macro avg": {
                "precision": 0.573160988551453,
                "recall": 0.5843560329062095,
                "f1-score": 0.5734653174750266,
                "support": 1807.0
            },
            "weighted avg": {
                "precision": 0.5735950738895457,
                "recall": 0.5816270060874378,
                "f1-score": 0.5723778326196103,
                "support": 1807.0
            }
        },
        "M": {
            "0": {
                "precision": 0.632768361581921,
                "recall": 0.8313891834570519,
                "f1-score": 0.7186067827681026,
                "support": 943.0
            },
            "1": {
                "precision": 0.7200704225352113,
                "recall": 0.47337962962962965,
                "f1-score": 0.5712290502793296,
                "support": 864.0
            },
            "accuracy": 0.6602102933038185,
            "macro avg": {
                "precision": 0.6764193920585662,
                "recall": 0.6523844065433408,
                "f1-score": 0.6449179165237161,
                "support": 1807.0
            },
            "weighted avg": {
                "precision": 0.6745110182856524,
                "recall": 0.6602102933038185,
                "f1-score": 0.648139510565391,
                "support": 1807.0
            }
        }
    },
    "final_metrics": {
        "val_f1_T": 0.3960327231789656,
        "val_f1_N": 0.5734653174750266,
        "val_f1_M": 0.6449179165237161,
        "val_f1_mean": 0.5381386523925694
    }
}