{
    "0": {
        "precision": 0.23607038123167157,
        "recall": 0.3815165876777251,
        "f1-score": 0.2916666666666667,
        "support": 422.0
    },
    "1": {
        "precision": 0.140625,
        "recall": 0.06699751861042183,
        "f1-score": 0.0907563025210084,
        "support": 403.0
    },
    "2": {
        "precision": 0.5022026431718062,
        "recall": 0.21428571428571427,
        "f1-score": 0.30039525691699603,
        "support": 532.0
    },
    "3": {
        "precision": 0.3342776203966006,
        "recall": 0.5244444444444445,
        "f1-score": 0.4083044982698962,
        "support": 450.0
    },
    "accuracy": 0.2977310459324848,
    "macro avg": {
        "precision": 0.3032939112000196,
        "recall": 0.29681106625457643,
        "f1-score": 0.27278068109364184,
        "support": 1807.0
    },
    "weighted avg": {
        "precision": 0.3175928673080446,
        "recall": 0.2977310459324848,
        "f1-score": 0.2784756082737105,
        "support": 1807.0
    }
}