{
    "0": {
        "precision": 0.7031539888682746,
        "recall": 0.8038176033934252,
        "f1-score": 0.7501237011380505,
        "support": 943.0
    },
    "1": {
        "precision": 0.7462277091906722,
        "recall": 0.6296296296296297,
        "f1-score": 0.6829880728185813,
        "support": 864.0
    },
    "accuracy": 0.7205312672938572,
    "macro avg": {
        "precision": 0.7246908490294734,
        "recall": 0.7167236165115274,
        "f1-score": 0.716555886978316,
        "support": 1807.0
    },
    "weighted avg": {
        "precision": 0.7237492818171133,
        "recall": 0.7205312672938572,
        "f1-score": 0.7180234339172307,
        "support": 1807.0
    }
}