{
    "train_metrics": [],
    "val_metrics": [],
    "hyperparameters": {
        "learning_rate": 0.00033025407057151975,
        "batch_size": 16,
        "weight_decay": 0.002776266379307273,
        "trainable_layers": 4,
        "dropout_rate": 0.8590538941051508,
        "optimizer": "SGD",
        "scheduler": "ReduceLROnPlateau",
        "label_smoothing": 0.10420984216790602,
        "momentum": 0.8607303446504195,
        "factor": 0.39629631072018107,
        "patience": 4
    },
    "class_weights": {
        "T": [
            1.020164132118225,
            0.9987770915031433,
            0.9719483256340027,
            1.010427713394165
        ],
        "N": [
            1.005452036857605,
            0.9579423666000366,
            1.0827651023864746,
            0.9634310603141785
        ],
        "M": [
            0.9742671847343445,
            1.027129054069519
        ]
    },
    "classification_reports": {
        "T": {
            "0": {
                "precision": 0.4782608695652174,
                "recall": 0.13033175355450238,
                "f1-score": 0.2048417132216015,
                "support": 422.0
            },
            "1": {
                "precision": 0.14185639229422067,
                "recall": 0.20099255583126552,
                "f1-score": 0.16632443531827515,
                "support": 403.0
            },
            "2": {
                "precision": 0.7670682730923695,
                "recall": 0.35902255639097747,
                "f1-score": 0.48911651728553135,
                "support": 532.0
            },
            "3": {
                "precision": 0.35206422018348627,
                "recall": 0.6822222222222222,
                "f1-score": 0.46444780635400906,
                "support": 450.0
            },
            "accuracy": 0.350857775318207,
            "macro avg": {
                "precision": 0.4348124387838234,
                "recall": 0.3431422719997419,
                "f1-score": 0.33118261804485427,
                "support": 1807.0
            },
            "weighted avg": {
                "precision": 0.4568364324398462,
                "recall": 0.350857775318207,
                "f1-score": 0.34459515797896373,
                "support": 1807.0
            }
        },
        "N": {
            "0": {
                "precision": 0.16483516483516483,
                "recall": 0.06864988558352403,
                "f1-score": 0.09693053311793215,
                "support": 437.0
            },
            "1": {
                "precision": 0.6384976525821596,
                "recall": 0.5396825396825397,
                "f1-score": 0.5849462365591398,
                "support": 504.0
            },
            "2": {
                "precision": 0.6764705882352942,
                "recall": 0.9672897196261683,
                "f1-score": 0.7961538461538461,
                "support": 428.0
            },
            "3": {
                "precision": 0.6081771720613288,
                "recall": 0.815068493150685,
                "f1-score": 0.6965853658536585,
                "support": 438.0
            },
            "accuracy": 0.5938018815716657,
            "macro avg": {
                "precision": 0.5219951444284868,
                "recall": 0.5976726595107292,
                "f1-score": 0.5436539954211441,
                "support": 1807.0
            },
            "weighted avg": {
                "precision": 0.5255931361715237,
                "recall": 0.5938018815716657,
                "f1-score": 0.5440120545634152,
                "support": 1807.0
            }
        },
        "M": {
            "0": {
                "precision": 0.6547420965058236,
                "recall": 0.8345705196182397,
                "f1-score": 0.7337995337995338,
                "support": 943.0
            },
            "1": {
                "precision": 0.7421487603305785,
                "recall": 0.5196759259259259,
                "f1-score": 0.6113002042205582,
                "support": 864.0
            },
            "accuracy": 0.6840066408411732,
            "macro avg": {
                "precision": 0.6984454284182011,
                "recall": 0.6771232227720828,
                "f1-score": 0.672549869010046,
                "support": 1807.0
            },
            "weighted avg": {
                "precision": 0.6965347680855625,
                "recall": 0.6840066408411732,
                "f1-score": 0.675227635207262,
                "support": 1807.0
            }
        }
    },
    "final_metrics": {
        "val_f1_T": 0.33118261804485427,
        "val_f1_N": 0.5436539954211441,
        "val_f1_M": 0.672549869010046,
        "val_f1_mean": 0.5157954941586814
    }
}