{
    "0": {
        "precision": 0.6067503924646782,
        "recall": 0.8197242841993637,
        "f1-score": 0.6973387460532251,
        "support": 943.0
    },
    "1": {
        "precision": 0.6810506566604128,
        "recall": 0.4201388888888889,
        "f1-score": 0.5196850393700787,
        "support": 864.0
    },
    "accuracy": 0.628666297731046,
    "macro avg": {
        "precision": 0.6439005245625455,
        "recall": 0.6199315865441263,
        "f1-score": 0.608511892711652,
        "support": 1807.0
    },
    "weighted avg": {
        "precision": 0.6422763627276084,
        "recall": 0.628666297731046,
        "f1-score": 0.6123953024592913,
        "support": 1807.0
    }
}