{
    "train_metrics": [],
    "val_metrics": [],
    "hyperparameters": {
        "learning_rate": 1.1076564544678377e-05,
        "batch_size": 32,
        "weight_decay": 0.0010175302269298829,
        "trainable_layers": 4,
        "dropout_rate": 0.8131226181362806,
        "optimizer": "Adam",
        "scheduler": "CosineAnnealingLR",
        "label_smoothing": 0.19766903804292044,
        "T_max": 9,
        "eta_min": 2.218805786928811e-06
    },
    "class_weights": {
        "T": [
            1.020164132118225,
            0.9987770915031433,
            0.9719483256340027,
            1.010427713394165
        ],
        "N": [
            1.005452036857605,
            0.9579423666000366,
            1.0827651023864746,
            0.9634310603141785
        ],
        "M": [
            0.9742671847343445,
            1.027129054069519
        ]
    },
    "classification_reports": {
        "T": {
            "0": {
                "precision": 0.3157894736842105,
                "recall": 0.2843601895734597,
                "f1-score": 0.29925187032418954,
                "support": 422.0
            },
            "1": {
                "precision": 0.1561822125813449,
                "recall": 0.17866004962779156,
                "f1-score": 0.16666666666666666,
                "support": 403.0
            },
            "2": {
                "precision": 0.5723076923076923,
                "recall": 0.34962406015037595,
                "f1-score": 0.4340723453908985,
                "support": 532.0
            },
            "3": {
                "precision": 0.37285491419656785,
                "recall": 0.5311111111111111,
                "f1-score": 0.4381301558203483,
                "support": 450.0
            },
            "accuracy": 0.34144991698948535,
            "macro avg": {
                "precision": 0.3542835731924539,
                "recall": 0.33593885261568457,
                "f1-score": 0.33453025955052573,
                "support": 1807.0
            },
            "weighted avg": {
                "precision": 0.36992639361437,
                "recall": 0.34144991698948535,
                "f1-score": 0.3439601625957882,
                "support": 1807.0
            }
        },
        "N": {
            "0": {
                "precision": 0.2721238938053097,
                "recall": 0.2814645308924485,
                "f1-score": 0.27671541057367827,
                "support": 437.0
            },
            "1": {
                "precision": 0.5803108808290155,
                "recall": 0.4444444444444444,
                "f1-score": 0.503370786516854,
                "support": 504.0
            },
            "2": {
                "precision": 0.7904328018223234,
                "recall": 0.8107476635514018,
                "f1-score": 0.8004613610149942,
                "support": 428.0
            },
            "3": {
                "precision": 0.6339622641509434,
                "recall": 0.7671232876712328,
                "f1-score": 0.6942148760330579,
                "support": 438.0
            },
            "accuracy": 0.570005534034311,
            "macro avg": {
                "precision": 0.569207460151898,
                "recall": 0.5759449816398818,
                "f1-score": 0.568690608534646,
                "support": 1807.0
            },
            "weighted avg": {
                "precision": 0.5685531468781471,
                "recall": 0.570005534034311,
                "f1-score": 0.565183779215323,
                "support": 1807.0
            }
        },
        "M": {
            "0": {
                "precision": 0.6247974068071313,
                "recall": 0.8176033934252386,
                "f1-score": 0.7083141938447405,
                "support": 943.0
            },
            "1": {
                "precision": 0.699825479930192,
                "recall": 0.46412037037037035,
                "f1-score": 0.5581071677105081,
                "support": 864.0
            },
            "accuracy": 0.6485888212506917,
            "macro avg": {
                "precision": 0.6623114433686617,
                "recall": 0.6408618818978045,
                "f1-score": 0.6332106807776243,
                "support": 1807.0
            },
            "weighted avg": {
                "precision": 0.6606713720414005,
                "recall": 0.6485888212506917,
                "f1-score": 0.6364941215813333,
                "support": 1807.0
            }
        }
    },
    "final_metrics": {
        "val_f1_T": 0.33453025955052573,
        "val_f1_N": 0.568690608534646,
        "val_f1_M": 0.6332106807776243,
        "val_f1_mean": 0.512143849620932
    }
}