{
    "train_metrics": [],
    "val_metrics": [],
    "hyperparameters": {
        "learning_rate": 0.0003906029543583402,
        "batch_size": 16,
        "weight_decay": 0.004556678540529846,
        "trainable_layers": 4,
        "dropout_rate": 0.8492276619612535,
        "optimizer": "SGD",
        "scheduler": "ReduceLROnPlateau",
        "label_smoothing": 0.11080996861786431,
        "momentum": 0.8738655226834522,
        "factor": 0.37869256959419406,
        "patience": 4
    },
    "class_weights": {
        "T": [
            1.020164132118225,
            0.9987770915031433,
            0.9719483256340027,
            1.010427713394165
        ],
        "N": [
            1.005452036857605,
            0.9579423666000366,
            1.0827651023864746,
            0.9634310603141785
        ],
        "M": [
            0.9742671847343445,
            1.027129054069519
        ]
    },
    "classification_reports": {
        "T": {
            "0": {
                "precision": 0.37987012987012986,
                "recall": 0.2772511848341232,
                "f1-score": 0.32054794520547947,
                "support": 422.0
            },
            "1": {
                "precision": 0.20666666666666667,
                "recall": 0.23076923076923078,
                "f1-score": 0.21805392731535755,
                "support": 403.0
            },
            "2": {
                "precision": 0.6539440203562341,
                "recall": 0.4830827067669173,
                "f1-score": 0.5556756756756757,
                "support": 532.0
            },
            "3": {
                "precision": 0.3719512195121951,
                "recall": 0.5422222222222223,
                "f1-score": 0.4412296564195298,
                "support": 450.0
            },
            "accuracy": 0.39346983951300496,
            "macro avg": {
                "precision": 0.4031080091013064,
                "recall": 0.3833313361481234,
                "f1-score": 0.38387680115401057,
                "support": 1807.0
            },
            "weighted avg": {
                "precision": 0.4199602263873082,
                "recall": 0.39346983951300496,
                "f1-score": 0.3969672221544268,
                "support": 1807.0
            }
        },
        "N": {
            "0": {
                "precision": 0.3113456464379947,
                "recall": 0.2700228832951945,
                "f1-score": 0.28921568627450983,
                "support": 437.0
            },
            "1": {
                "precision": 0.5918854415274463,
                "recall": 0.49206349206349204,
                "f1-score": 0.5373781148429035,
                "support": 504.0
            },
            "2": {
                "precision": 0.8484848484848485,
                "recall": 0.7850467289719626,
                "f1-score": 0.8155339805825242,
                "support": 428.0
            },
            "3": {
                "precision": 0.566068515497553,
                "recall": 0.7922374429223744,
                "f1-score": 0.6603235014272122,
                "support": 438.0
            },
            "accuracy": 0.5805201992252352,
            "macro avg": {
                "precision": 0.5794461129869607,
                "recall": 0.5848426368132559,
                "f1-score": 0.5756128207817874,
                "support": 1807.0
            },
            "weighted avg": {
                "precision": 0.5785599529400554,
                "recall": 0.5805201992252352,
                "f1-score": 0.5730470736564602,
                "support": 1807.0
            }
        },
        "M": {
            "0": {
                "precision": 0.6228070175438597,
                "recall": 0.8282078472958643,
                "f1-score": 0.7109695038689121,
                "support": 943.0
            },
            "1": {
                "precision": 0.7070524412296564,
                "recall": 0.4525462962962963,
                "f1-score": 0.5518701482004235,
                "support": 864.0
            },
            "accuracy": 0.6485888212506917,
            "macro avg": {
                "precision": 0.664929729386758,
                "recall": 0.6403770717960803,
                "f1-score": 0.6314198260346677,
                "support": 1807.0
            },
            "weighted avg": {
                "precision": 0.6630881719791272,
                "recall": 0.6485888212506917,
                "f1-score": 0.634897648142529,
                "support": 1807.0
            }
        }
    },
    "final_metrics": {
        "val_f1_T": 0.38387680115401057,
        "val_f1_N": 0.5756128207817874,
        "val_f1_M": 0.6314198260346677,
        "val_f1_mean": 0.5303031493234885
    }
}