{
    "0": {
        "precision": 0.3157894736842105,
        "recall": 0.2843601895734597,
        "f1-score": 0.29925187032418954,
        "support": 422.0
    },
    "1": {
        "precision": 0.1561822125813449,
        "recall": 0.17866004962779156,
        "f1-score": 0.16666666666666666,
        "support": 403.0
    },
    "2": {
        "precision": 0.5723076923076923,
        "recall": 0.34962406015037595,
        "f1-score": 0.4340723453908985,
        "support": 532.0
    },
    "3": {
        "precision": 0.37285491419656785,
        "recall": 0.5311111111111111,
        "f1-score": 0.4381301558203483,
        "support": 450.0
    },
    "accuracy": 0.34144991698948535,
    "macro avg": {
        "precision": 0.3542835731924539,
        "recall": 0.33593885261568457,
        "f1-score": 0.33453025955052573,
        "support": 1807.0
    },
    "weighted avg": {
        "precision": 0.36992639361437,
        "recall": 0.34144991698948535,
        "f1-score": 0.3439601625957882,
        "support": 1807.0
    }
}