{
    "0": {
        "precision": 0.6777583187390543,
        "recall": 0.8207847295864263,
        "f1-score": 0.7424460431654676,
        "support": 943.0
    },
    "1": {
        "precision": 0.7458646616541353,
        "recall": 0.5740740740740741,
        "f1-score": 0.6487900588620014,
        "support": 864.0
    },
    "accuracy": 0.7028223574986165,
    "macro avg": {
        "precision": 0.7118114901965948,
        "recall": 0.6974294018302503,
        "f1-score": 0.6956180510137344,
        "support": 1807.0
    },
    "weighted avg": {
        "precision": 0.7103227239845608,
        "recall": 0.7028223574986165,
        "f1-score": 0.6976653179644744,
        "support": 1807.0
    }
}