{
    "0": {
        "precision": 0.18857142857142858,
        "recall": 0.15102974828375287,
        "f1-score": 0.16772554002541296,
        "support": 437.0
    },
    "1": {
        "precision": 0.49583333333333335,
        "recall": 0.2361111111111111,
        "f1-score": 0.31989247311827956,
        "support": 504.0
    },
    "2": {
        "precision": 0.6369047619047619,
        "recall": 1.0,
        "f1-score": 0.7781818181818182,
        "support": 428.0
    },
    "3": {
        "precision": 0.563302752293578,
        "recall": 0.7009132420091324,
        "f1-score": 0.624618514750763,
        "support": 438.0
    },
    "accuracy": 0.509131156613171,
    "macro avg": {
        "precision": 0.4711530690257755,
        "recall": 0.5220135253509991,
        "f1-score": 0.47260458651906845,
        "support": 1807.0
    },
    "weighted avg": {
        "precision": 0.47129361255425545,
        "recall": 0.509131156613171,
        "f1-score": 0.46550447984801924,
        "support": 1807.0
    }
}