{
    "0": {
        "precision": 0.632768361581921,
        "recall": 0.8313891834570519,
        "f1-score": 0.7186067827681026,
        "support": 943.0
    },
    "1": {
        "precision": 0.7200704225352113,
        "recall": 0.47337962962962965,
        "f1-score": 0.5712290502793296,
        "support": 864.0
    },
    "accuracy": 0.6602102933038185,
    "macro avg": {
        "precision": 0.6764193920585662,
        "recall": 0.6523844065433408,
        "f1-score": 0.6449179165237161,
        "support": 1807.0
    },
    "weighted avg": {
        "precision": 0.6745110182856524,
        "recall": 0.6602102933038185,
        "f1-score": 0.648139510565391,
        "support": 1807.0
    }
}