{
    "0": {
        "precision": 0.620253164556962,
        "recall": 0.7794273594909862,
        "f1-score": 0.6907894736842105,
        "support": 943.0
    },
    "1": {
        "precision": 0.6655948553054662,
        "recall": 0.4791666666666667,
        "f1-score": 0.5572005383580081,
        "support": 864.0
    },
    "accuracy": 0.6358605423353625,
    "macro avg": {
        "precision": 0.6429240099312141,
        "recall": 0.6292970130788265,
        "f1-score": 0.6239950060211092,
        "support": 1807.0
    },
    "weighted avg": {
        "precision": 0.641932866165544,
        "recall": 0.6358605423353625,
        "f1-score": 0.6269151847401934,
        "support": 1807.0
    }
}