{
    "0": {
        "precision": 0.30985915492957744,
        "recall": 0.2517162471395881,
        "f1-score": 0.2777777777777778,
        "support": 437.0
    },
    "1": {
        "precision": 0.6164383561643836,
        "recall": 0.5357142857142857,
        "f1-score": 0.5732484076433121,
        "support": 504.0
    },
    "2": {
        "precision": 0.8066825775656324,
        "recall": 0.7897196261682243,
        "f1-score": 0.7981109799291618,
        "support": 428.0
    },
    "3": {
        "precision": 0.5596638655462185,
        "recall": 0.7602739726027398,
        "f1-score": 0.6447241045498547,
        "support": 438.0
    },
    "accuracy": 0.5816270060874378,
    "macro avg": {
        "precision": 0.573160988551453,
        "recall": 0.5843560329062095,
        "f1-score": 0.5734653174750266,
        "support": 1807.0
    },
    "weighted avg": {
        "precision": 0.5735950738895457,
        "recall": 0.5816270060874378,
        "f1-score": 0.5723778326196103,
        "support": 1807.0
    }
}