{
    "0": {
        "precision": 0.2599118942731278,
        "recall": 0.13981042654028436,
        "f1-score": 0.18181818181818182,
        "support": 422.0
    },
    "1": {
        "precision": 0.20388349514563106,
        "recall": 0.20843672456575682,
        "f1-score": 0.20613496932515338,
        "support": 403.0
    },
    "2": {
        "precision": 0.6202090592334495,
        "recall": 0.33458646616541354,
        "f1-score": 0.4346764346764347,
        "support": 532.0
    },
    "3": {
        "precision": 0.4608399545970488,
        "recall": 0.9022222222222223,
        "f1-score": 0.6100676183320811,
        "support": 450.0
    },
    "accuracy": 0.40232429441062534,
    "macro avg": {
        "precision": 0.3862111008123143,
        "recall": 0.3962639598734192,
        "f1-score": 0.3581743010379628,
        "support": 1807.0
    },
    "weighted avg": {
        "precision": 0.4035290907624883,
        "recall": 0.40232429441062534,
        "f1-score": 0.36833312499314297,
        "support": 1807.0
    }
}