{
    "train_metrics": [],
    "val_metrics": [],
    "hyperparameters": {
        "learning_rate": 0.00010968217207529509,
        "batch_size": 16,
        "weight_decay": 0.009323621351781481,
        "trainable_layers": 4,
        "dropout_rate": 0.8878997883128379,
        "optimizer": "RMSprop",
        "scheduler": "CosineAnnealingLR",
        "label_smoothing": 0.13253303307632644,
        "T_max": 6,
        "eta_min": 2.7863554145615697e-05
    },
    "class_weights": {
        "T": [
            1.020164132118225,
            0.9987770915031433,
            0.9719483256340027,
            1.010427713394165
        ],
        "N": [
            1.005452036857605,
            0.9579423666000366,
            1.0827651023864746,
            0.9634310603141785
        ],
        "M": [
            0.9742671847343445,
            1.027129054069519
        ]
    },
    "classification_reports": {
        "T": {
            "0": {
                "precision": 0.23607038123167157,
                "recall": 0.3815165876777251,
                "f1-score": 0.2916666666666667,
                "support": 422.0
            },
            "1": {
                "precision": 0.140625,
                "recall": 0.06699751861042183,
                "f1-score": 0.0907563025210084,
                "support": 403.0
            },
            "2": {
                "precision": 0.5022026431718062,
                "recall": 0.21428571428571427,
                "f1-score": 0.30039525691699603,
                "support": 532.0
            },
            "3": {
                "precision": 0.3342776203966006,
                "recall": 0.5244444444444445,
                "f1-score": 0.4083044982698962,
                "support": 450.0
            },
            "accuracy": 0.2977310459324848,
            "macro avg": {
                "precision": 0.3032939112000196,
                "recall": 0.29681106625457643,
                "f1-score": 0.27278068109364184,
                "support": 1807.0
            },
            "weighted avg": {
                "precision": 0.3175928673080446,
                "recall": 0.2977310459324848,
                "f1-score": 0.2784756082737105,
                "support": 1807.0
            }
        },
        "N": {
            "0": {
                "precision": 0.3225806451612903,
                "recall": 0.43478260869565216,
                "f1-score": 0.37037037037037035,
                "support": 437.0
            },
            "1": {
                "precision": 0.5224489795918368,
                "recall": 0.25396825396825395,
                "f1-score": 0.3417890520694259,
                "support": 504.0
            },
            "2": {
                "precision": 0.6957494407158836,
                "recall": 0.7266355140186916,
                "f1-score": 0.7108571428571429,
                "support": 428.0
            },
            "3": {
                "precision": 0.6539923954372624,
                "recall": 0.7853881278538812,
                "f1-score": 0.7136929460580913,
                "support": 438.0
            },
            "accuracy": 0.5384615384615384,
            "macro avg": {
                "precision": 0.5486928652265683,
                "recall": 0.5501936261341198,
                "f1-score": 0.5341773778387576,
                "support": 1807.0
            },
            "weighted avg": {
                "precision": 0.5470456322510729,
                "recall": 0.5384615384615384,
                "f1-score": 0.5262633655844735,
                "support": 1807.0
            }
        },
        "M": {
            "0": {
                "precision": 0.7799043062200957,
                "recall": 0.6914103923647932,
                "f1-score": 0.7329960652051715,
                "support": 943.0
            },
            "1": {
                "precision": 0.7003089598352215,
                "recall": 0.7870370370370371,
                "f1-score": 0.7411444141689373,
                "support": 864.0
            },
            "accuracy": 0.7371333702268954,
            "macro avg": {
                "precision": 0.7401066330276586,
                "recall": 0.7392237147009151,
                "f1-score": 0.7370702396870543,
                "support": 1807.0
            },
            "weighted avg": {
                "precision": 0.7418465423703274,
                "recall": 0.7371333702268954,
                "f1-score": 0.7368921213782172,
                "support": 1807.0
            }
        }
    },
    "final_metrics": {
        "val_f1_T": 0.27278068109364184,
        "val_f1_N": 0.5341773778387576,
        "val_f1_M": 0.7370702396870543,
        "val_f1_mean": 0.514676099539818
    }
}