{
    "0": {
        "precision": 0.6150793650793651,
        "recall": 0.8218451749734889,
        "f1-score": 0.7035860190649115,
        "support": 943.0
    },
    "1": {
        "precision": 0.6928702010968921,
        "recall": 0.4386574074074074,
        "f1-score": 0.5372076541459957,
        "support": 864.0
    },
    "accuracy": 0.6386275594908688,
    "macro avg": {
        "precision": 0.6539747830881286,
        "recall": 0.6302512911904481,
        "f1-score": 0.6203968366054535,
        "support": 1807.0
    },
    "weighted avg": {
        "precision": 0.6522743193234954,
        "recall": 0.6386275594908688,
        "f1-score": 0.624033773746736,
        "support": 1807.0
    }
}