{
    "0": {
        "precision": 0.6019862490450726,
        "recall": 0.8356309650053022,
        "f1-score": 0.6998223801065719,
        "support": 943.0
    },
    "1": {
        "precision": 0.6887550200803213,
        "recall": 0.39699074074074076,
        "f1-score": 0.5036710719530103,
        "support": 864.0
    },
    "accuracy": 0.6258992805755396,
    "macro avg": {
        "precision": 0.6453706345626969,
        "recall": 0.6163108528730215,
        "f1-score": 0.6017467260297911,
        "support": 1807.0
    },
    "weighted avg": {
        "precision": 0.6434739182063647,
        "recall": 0.6258992805755396,
        "f1-score": 0.6060344829042049,
        "support": 1807.0
    }
}