{
    "0": {
        "precision": 0.34169278996865204,
        "recall": 0.25829383886255924,
        "f1-score": 0.2941970310391363,
        "support": 422.0
    },
    "1": {
        "precision": 0.22632794457274827,
        "recall": 0.24317617866004962,
        "f1-score": 0.23444976076555024,
        "support": 403.0
    },
    "2": {
        "precision": 0.6906474820143885,
        "recall": 0.5413533834586466,
        "f1-score": 0.60695468914647,
        "support": 532.0
    },
    "3": {
        "precision": 0.3824451410658307,
        "recall": 0.5422222222222223,
        "f1-score": 0.4485294117647059,
        "support": 450.0
    },
    "accuracy": 0.4089651355838406,
    "macro avg": {
        "precision": 0.4102783394054049,
        "recall": 0.39626140580086944,
        "f1-score": 0.3960327231789656,
        "support": 1807.0
    },
    "weighted avg": {
        "precision": 0.4288485295743593,
        "recall": 0.4089651355838406,
        "f1-score": 0.4113849090243896,
        "support": 1807.0
    }
}