{
    "0": {
        "precision": 0.4782608695652174,
        "recall": 0.13033175355450238,
        "f1-score": 0.2048417132216015,
        "support": 422.0
    },
    "1": {
        "precision": 0.14185639229422067,
        "recall": 0.20099255583126552,
        "f1-score": 0.16632443531827515,
        "support": 403.0
    },
    "2": {
        "precision": 0.7670682730923695,
        "recall": 0.35902255639097747,
        "f1-score": 0.48911651728553135,
        "support": 532.0
    },
    "3": {
        "precision": 0.35206422018348627,
        "recall": 0.6822222222222222,
        "f1-score": 0.46444780635400906,
        "support": 450.0
    },
    "accuracy": 0.350857775318207,
    "macro avg": {
        "precision": 0.4348124387838234,
        "recall": 0.3431422719997419,
        "f1-score": 0.33118261804485427,
        "support": 1807.0
    },
    "weighted avg": {
        "precision": 0.4568364324398462,
        "recall": 0.350857775318207,
        "f1-score": 0.34459515797896373,
        "support": 1807.0
    }
}