{
    "0": {
        "precision": 0.16483516483516483,
        "recall": 0.06864988558352403,
        "f1-score": 0.09693053311793215,
        "support": 437.0
    },
    "1": {
        "precision": 0.6384976525821596,
        "recall": 0.5396825396825397,
        "f1-score": 0.5849462365591398,
        "support": 504.0
    },
    "2": {
        "precision": 0.6764705882352942,
        "recall": 0.9672897196261683,
        "f1-score": 0.7961538461538461,
        "support": 428.0
    },
    "3": {
        "precision": 0.6081771720613288,
        "recall": 0.815068493150685,
        "f1-score": 0.6965853658536585,
        "support": 438.0
    },
    "accuracy": 0.5938018815716657,
    "macro avg": {
        "precision": 0.5219951444284868,
        "recall": 0.5976726595107292,
        "f1-score": 0.5436539954211441,
        "support": 1807.0
    },
    "weighted avg": {
        "precision": 0.5255931361715237,
        "recall": 0.5938018815716657,
        "f1-score": 0.5440120545634152,
        "support": 1807.0
    }
}