{
    "train_metrics": [],
    "val_metrics": [],
    "hyperparameters": {
        "learning_rate": 0.0007044459726685962,
        "batch_size": 32,
        "weight_decay": 0.006210538813842394,
        "trainable_layers": 3,
        "dropout_rate": 0.8251995849652937,
        "optimizer": "SGD",
        "scheduler": "CosineAnnealingLR",
        "label_smoothing": 0.16571453043275614,
        "momentum": 0.9002561154511024,
        "T_max": 9,
        "eta_min": 2.739862897821341e-06
    },
    "class_weights": {
        "T": [
            1.020164132118225,
            0.9987770915031433,
            0.9719483256340027,
            1.010427713394165
        ],
        "N": [
            1.005452036857605,
            0.9579423666000366,
            1.0827651023864746,
            0.9634310603141785
        ],
        "M": [
            0.9742671847343445,
            1.027129054069519
        ]
    },
    "classification_reports": {
        "T": {
            "0": {
                "precision": 0.4473684210526316,
                "recall": 0.3222748815165877,
                "f1-score": 0.3746556473829201,
                "support": 422.0
            },
            "1": {
                "precision": 0.184981684981685,
                "recall": 0.2506203473945409,
                "f1-score": 0.21285563751317177,
                "support": 403.0
            },
            "2": {
                "precision": 0.5308641975308642,
                "recall": 0.3233082706766917,
                "f1-score": 0.40186915887850466,
                "support": 532.0
            },
            "3": {
                "precision": 0.39968404423380727,
                "recall": 0.5622222222222222,
                "f1-score": 0.46722068328716526,
                "support": 450.0
            },
            "accuracy": 0.3663530713890426,
            "macro avg": {
                "precision": 0.39072458694974704,
                "recall": 0.3646064304525106,
                "f1-score": 0.36415028176544045,
                "support": 1807.0
            },
            "weighted avg": {
                "precision": 0.40155764566876734,
                "recall": 0.3663530713890426,
                "f1-score": 0.36963431384393436,
                "support": 1807.0
            }
        },
        "N": {
            "0": {
                "precision": 0.29504504504504503,
                "recall": 0.2997711670480549,
                "f1-score": 0.2973893303064699,
                "support": 437.0
            },
            "1": {
                "precision": 0.6105769230769231,
                "recall": 0.503968253968254,
                "f1-score": 0.5521739130434783,
                "support": 504.0
            },
            "2": {
                "precision": 0.7775061124694377,
                "recall": 0.7429906542056075,
                "f1-score": 0.7598566308243727,
                "support": 428.0
            },
            "3": {
                "precision": 0.5464684014869888,
                "recall": 0.6712328767123288,
                "f1-score": 0.6024590163934426,
                "support": 438.0
            },
            "accuracy": 0.551743220807969,
            "macro avg": {
                "precision": 0.5573991205195987,
                "recall": 0.5544907379835613,
                "f1-score": 0.5529697226419409,
                "support": 1807.0
            },
            "weighted avg": {
                "precision": 0.5582685278935664,
                "recall": 0.551743220807969,
                "f1-score": 0.5519371758112893,
                "support": 1807.0
            }
        },
        "M": {
            "0": {
                "precision": 0.600453172205438,
                "recall": 0.8430540827147401,
                "f1-score": 0.7013674459638288,
                "support": 943.0
            },
            "1": {
                "precision": 0.6935817805383023,
                "recall": 0.38773148148148145,
                "f1-score": 0.4974016332590943,
                "support": 864.0
            },
            "accuracy": 0.6253458771444383,
            "macro avg": {
                "precision": 0.6470174763718701,
                "recall": 0.6153927820981108,
                "f1-score": 0.5993845396114615,
                "support": 1807.0
            },
            "weighted avg": {
                "precision": 0.644981737562159,
                "recall": 0.6253458771444383,
                "f1-score": 0.6038431171442988,
                "support": 1807.0
            }
        }
    },
    "final_metrics": {
        "val_f1_T": 0.36415028176544045,
        "val_f1_N": 0.5529697226419409,
        "val_f1_M": 0.5993845396114615,
        "val_f1_mean": 0.5055015146729476
    }
}