{
    "0": {
        "precision": 0.20754716981132076,
        "recall": 0.15102974828375287,
        "f1-score": 0.17483443708609273,
        "support": 437.0
    },
    "1": {
        "precision": 0.6710875331564987,
        "recall": 0.501984126984127,
        "f1-score": 0.5743473325766175,
        "support": 504.0
    },
    "2": {
        "precision": 0.7140151515151515,
        "recall": 0.8808411214953271,
        "f1-score": 0.7887029288702929,
        "support": 428.0
    },
    "3": {
        "precision": 0.583904109589041,
        "recall": 0.7785388127853882,
        "f1-score": 0.6673189823874756,
        "support": 438.0
    },
    "accuracy": 0.57387935805202,
    "macro avg": {
        "precision": 0.5441384910180029,
        "recall": 0.5780984523871487,
        "f1-score": 0.5513009202301197,
        "support": 1807.0
    },
    "weighted avg": {
        "precision": 0.5480214248848408,
        "recall": 0.57387935805202,
        "f1-score": 0.5510372288142985,
        "support": 1807.0
    }
}