{
    "0": {
        "precision": 0.41839762611275966,
        "recall": 0.3341232227488152,
        "f1-score": 0.3715415019762846,
        "support": 422.0
    },
    "1": {
        "precision": 0.23923444976076555,
        "recall": 0.24813895781637718,
        "f1-score": 0.243605359317905,
        "support": 403.0
    },
    "2": {
        "precision": 0.6191588785046729,
        "recall": 0.4981203007518797,
        "f1-score": 0.5520833333333334,
        "support": 532.0
    },
    "3": {
        "precision": 0.3958333333333333,
        "recall": 0.5488888888888889,
        "f1-score": 0.45996275605214154,
        "support": 450.0
    },
    "accuracy": 0.41671278361925845,
    "macro avg": {
        "precision": 0.41815607192788284,
        "recall": 0.4073178425514903,
        "f1-score": 0.40679823766991613,
        "support": 1807.0
    },
    "weighted avg": {
        "precision": 0.43192739614701664,
        "recall": 0.41671278361925845,
        "f1-score": 0.41818209584720795,
        "support": 1807.0
    }
}