{
    "0": {
        "precision": 0.37987012987012986,
        "recall": 0.2772511848341232,
        "f1-score": 0.32054794520547947,
        "support": 422.0
    },
    "1": {
        "precision": 0.20666666666666667,
        "recall": 0.23076923076923078,
        "f1-score": 0.21805392731535755,
        "support": 403.0
    },
    "2": {
        "precision": 0.6539440203562341,
        "recall": 0.4830827067669173,
        "f1-score": 0.5556756756756757,
        "support": 532.0
    },
    "3": {
        "precision": 0.3719512195121951,
        "recall": 0.5422222222222223,
        "f1-score": 0.4412296564195298,
        "support": 450.0
    },
    "accuracy": 0.39346983951300496,
    "macro avg": {
        "precision": 0.4031080091013064,
        "recall": 0.3833313361481234,
        "f1-score": 0.38387680115401057,
        "support": 1807.0
    },
    "weighted avg": {
        "precision": 0.4199602263873082,
        "recall": 0.39346983951300496,
        "f1-score": 0.3969672221544268,
        "support": 1807.0
    }
}