{
    "0": {
        "precision": 0.29504504504504503,
        "recall": 0.2997711670480549,
        "f1-score": 0.2973893303064699,
        "support": 437.0
    },
    "1": {
        "precision": 0.6105769230769231,
        "recall": 0.503968253968254,
        "f1-score": 0.5521739130434783,
        "support": 504.0
    },
    "2": {
        "precision": 0.7775061124694377,
        "recall": 0.7429906542056075,
        "f1-score": 0.7598566308243727,
        "support": 428.0
    },
    "3": {
        "precision": 0.5464684014869888,
        "recall": 0.6712328767123288,
        "f1-score": 0.6024590163934426,
        "support": 438.0
    },
    "accuracy": 0.551743220807969,
    "macro avg": {
        "precision": 0.5573991205195987,
        "recall": 0.5544907379835613,
        "f1-score": 0.5529697226419409,
        "support": 1807.0
    },
    "weighted avg": {
        "precision": 0.5582685278935664,
        "recall": 0.551743220807969,
        "f1-score": 0.5519371758112893,
        "support": 1807.0
    }
}