{
    "0": {
        "precision": 0.6362179487179487,
        "recall": 0.8419936373276776,
        "f1-score": 0.7247832040164308,
        "support": 943.0
    },
    "1": {
        "precision": 0.7334525939177102,
        "recall": 0.47453703703703703,
        "f1-score": 0.5762473647224174,
        "support": 864.0
    },
    "accuracy": 0.6662977310459325,
    "macro avg": {
        "precision": 0.6848352713178294,
        "recall": 0.6582653371823574,
        "f1-score": 0.6505152843694242,
        "support": 1807.0
    },
    "weighted avg": {
        "precision": 0.6827097768599486,
        "recall": 0.6662977310459325,
        "f1-score": 0.6537621939721433,
        "support": 1807.0
    }
}