{
    "0": {
        "precision": 0.27228915662650605,
        "recall": 0.2585812356979405,
        "f1-score": 0.2652582159624413,
        "support": 437.0
    },
    "1": {
        "precision": 0.5564102564102564,
        "recall": 0.4305555555555556,
        "f1-score": 0.4854586129753915,
        "support": 504.0
    },
    "2": {
        "precision": 0.8062953995157385,
        "recall": 0.7780373831775701,
        "f1-score": 0.7919143876337693,
        "support": 428.0
    },
    "3": {
        "precision": 0.5314091680814941,
        "recall": 0.7146118721461188,
        "f1-score": 0.6095423563777994,
        "support": 438.0
    },
    "accuracy": 0.5401217487548423,
    "macro avg": {
        "precision": 0.5416009951584988,
        "recall": 0.5454465116442961,
        "f1-score": 0.5380433932373504,
        "support": 1807.0
    },
    "weighted avg": {
        "precision": 0.5408261080735932,
        "recall": 0.5401217487548423,
        "f1-score": 0.5348687832406825,
        "support": 1807.0
    }
}