{
    "0": {
        "precision": 0.3225806451612903,
        "recall": 0.43478260869565216,
        "f1-score": 0.37037037037037035,
        "support": 437.0
    },
    "1": {
        "precision": 0.5224489795918368,
        "recall": 0.25396825396825395,
        "f1-score": 0.3417890520694259,
        "support": 504.0
    },
    "2": {
        "precision": 0.6957494407158836,
        "recall": 0.7266355140186916,
        "f1-score": 0.7108571428571429,
        "support": 428.0
    },
    "3": {
        "precision": 0.6539923954372624,
        "recall": 0.7853881278538812,
        "f1-score": 0.7136929460580913,
        "support": 438.0
    },
    "accuracy": 0.5384615384615384,
    "macro avg": {
        "precision": 0.5486928652265683,
        "recall": 0.5501936261341198,
        "f1-score": 0.5341773778387576,
        "support": 1807.0
    },
    "weighted avg": {
        "precision": 0.5470456322510729,
        "recall": 0.5384615384615384,
        "f1-score": 0.5262633655844735,
        "support": 1807.0
    }
}