{
    "0": {
        "precision": 0.3113456464379947,
        "recall": 0.2700228832951945,
        "f1-score": 0.28921568627450983,
        "support": 437.0
    },
    "1": {
        "precision": 0.5918854415274463,
        "recall": 0.49206349206349204,
        "f1-score": 0.5373781148429035,
        "support": 504.0
    },
    "2": {
        "precision": 0.8484848484848485,
        "recall": 0.7850467289719626,
        "f1-score": 0.8155339805825242,
        "support": 428.0
    },
    "3": {
        "precision": 0.566068515497553,
        "recall": 0.7922374429223744,
        "f1-score": 0.6603235014272122,
        "support": 438.0
    },
    "accuracy": 0.5805201992252352,
    "macro avg": {
        "precision": 0.5794461129869607,
        "recall": 0.5848426368132559,
        "f1-score": 0.5756128207817874,
        "support": 1807.0
    },
    "weighted avg": {
        "precision": 0.5785599529400554,
        "recall": 0.5805201992252352,
        "f1-score": 0.5730470736564602,
        "support": 1807.0
    }
}