{
    "0": {
        "precision": 0.26229508196721313,
        "recall": 0.2562929061784897,
        "f1-score": 0.25925925925925924,
        "support": 437.0
    },
    "1": {
        "precision": 0.5492227979274611,
        "recall": 0.42063492063492064,
        "f1-score": 0.4764044943820225,
        "support": 504.0
    },
    "2": {
        "precision": 0.7959183673469388,
        "recall": 0.8200934579439252,
        "f1-score": 0.807825086306099,
        "support": 428.0
    },
    "3": {
        "precision": 0.5913200723327305,
        "recall": 0.7465753424657534,
        "f1-score": 0.6599394550958627,
        "support": 438.0
    },
    "accuracy": 0.5545102379634754,
    "macro avg": {
        "precision": 0.5496890798935858,
        "recall": 0.5608991568057723,
        "f1-score": 0.5508570737608108,
        "support": 1807.0
    },
    "weighted avg": {
        "precision": 0.5484684526183389,
        "recall": 0.5545102379634754,
        "f1-score": 0.5468770225433502,
        "support": 1807.0
    }
}