{
    "0": {
        "precision": 0.3022312373225152,
        "recall": 0.34096109839816935,
        "f1-score": 0.3204301075268817,
        "support": 437.0
    },
    "1": {
        "precision": 0.5891089108910891,
        "recall": 0.4722222222222222,
        "f1-score": 0.5242290748898678,
        "support": 504.0
    },
    "2": {
        "precision": 0.7975308641975308,
        "recall": 0.7546728971962616,
        "f1-score": 0.7755102040816326,
        "support": 428.0
    },
    "3": {
        "precision": 0.6237623762376238,
        "recall": 0.7191780821917808,
        "f1-score": 0.6680805938494168,
        "support": 438.0
    },
    "accuracy": 0.5672385168788047,
    "macro avg": {
        "precision": 0.5781583471621897,
        "recall": 0.5717585750021085,
        "f1-score": 0.5720624950869497,
        "support": 1807.0
    },
    "weighted avg": {
        "precision": 0.5774969963849864,
        "recall": 0.5672385168788047,
        "f1-score": 0.5693287649068755,
        "support": 1807.0
    }
}