{
    "0": {
        "precision": 0.2721238938053097,
        "recall": 0.2814645308924485,
        "f1-score": 0.27671541057367827,
        "support": 437.0
    },
    "1": {
        "precision": 0.5803108808290155,
        "recall": 0.4444444444444444,
        "f1-score": 0.503370786516854,
        "support": 504.0
    },
    "2": {
        "precision": 0.7904328018223234,
        "recall": 0.8107476635514018,
        "f1-score": 0.8004613610149942,
        "support": 428.0
    },
    "3": {
        "precision": 0.6339622641509434,
        "recall": 0.7671232876712328,
        "f1-score": 0.6942148760330579,
        "support": 438.0
    },
    "accuracy": 0.570005534034311,
    "macro avg": {
        "precision": 0.569207460151898,
        "recall": 0.5759449816398818,
        "f1-score": 0.568690608534646,
        "support": 1807.0
    },
    "weighted avg": {
        "precision": 0.5685531468781471,
        "recall": 0.570005534034311,
        "f1-score": 0.565183779215323,
        "support": 1807.0
    }
}