{
    "0": {
        "precision": 0.1638418079096045,
        "recall": 0.06872037914691943,
        "f1-score": 0.09682804674457429,
        "support": 422.0
    },
    "1": {
        "precision": 0.193717277486911,
        "recall": 0.18362282878411912,
        "f1-score": 0.18853503184713377,
        "support": 403.0
    },
    "2": {
        "precision": 0.6666666666666666,
        "recall": 0.37969924812030076,
        "f1-score": 0.48383233532934133,
        "support": 532.0
    },
    "3": {
        "precision": 0.44761904761904764,
        "recall": 0.94,
        "f1-score": 0.6064516129032258,
        "support": 450.0
    },
    "accuracy": 0.4028776978417266,
    "macro avg": {
        "precision": 0.3679611999205574,
        "recall": 0.3930106140128348,
        "f1-score": 0.34391175670606877,
        "support": 1807.0
    },
    "weighted avg": {
        "precision": 0.3892111476814146,
        "recall": 0.4028776978417266,
        "f1-score": 0.3581312018606898,
        "support": 1807.0
    }
}