{
    "train_metrics": [],
    "val_metrics": [],
    "hyperparameters": {
        "learning_rate": 0.0005319301949684396,
        "batch_size": 16,
        "weight_decay": 0.0047553106844589604,
        "trainable_layers": 4,
        "dropout_rate": 0.8362047543315794,
        "optimizer": "SGD",
        "scheduler": "ReduceLROnPlateau",
        "label_smoothing": 0.11013303033137538,
        "momentum": 0.826259699466032,
        "factor": 0.3743163555285451,
        "patience": 4
    },
    "class_weights": {
        "T": [
            1.020164132118225,
            0.9987770915031433,
            0.9719483256340027,
            1.010427713394165
        ],
        "N": [
            1.005452036857605,
            0.9579423666000366,
            1.0827651023864746,
            0.9634310603141785
        ],
        "M": [
            0.9742671847343445,
            1.027129054069519
        ]
    },
    "classification_reports": {
        "T": {
            "0": {
                "precision": 0.4295612009237875,
                "recall": 0.44075829383886256,
                "f1-score": 0.43508771929824563,
                "support": 422.0
            },
            "1": {
                "precision": 0.2235294117647059,
                "recall": 0.23573200992555832,
                "f1-score": 0.22946859903381642,
                "support": 403.0
            },
            "2": {
                "precision": 0.7019230769230769,
                "recall": 0.4116541353383459,
                "f1-score": 0.518957345971564,
                "support": 532.0
            },
            "3": {
                "precision": 0.3783359497645212,
                "recall": 0.5355555555555556,
                "f1-score": 0.44342226310947563,
                "support": 450.0
            },
            "accuracy": 0.41007194244604317,
            "macro avg": {
                "precision": 0.43333740984402286,
                "recall": 0.4059249986645806,
                "f1-score": 0.40673398185327536,
                "support": 1807.0
            },
            "weighted avg": {
                "precision": 0.4510411920576239,
                "recall": 0.41007194244604317,
                "f1-score": 0.4159978912067646,
                "support": 1807.0
            }
        },
        "N": {
            "0": {
                "precision": 0.2752941176470588,
                "recall": 0.26773455377574373,
                "f1-score": 0.271461716937355,
                "support": 437.0
            },
            "1": {
                "precision": 0.6069767441860465,
                "recall": 0.5178571428571429,
                "f1-score": 0.5588865096359743,
                "support": 504.0
            },
            "2": {
                "precision": 0.7790178571428571,
                "recall": 0.8154205607476636,
                "f1-score": 0.7968036529680366,
                "support": 428.0
            },
            "3": {
                "precision": 0.6309523809523809,
                "recall": 0.726027397260274,
                "f1-score": 0.6751592356687898,
                "support": 438.0
            },
            "accuracy": 0.5783065855008301,
            "macro avg": {
                "precision": 0.5730602749820859,
                "recall": 0.5817599136602061,
                "f1-score": 0.5755777788025389,
                "support": 1807.0
            },
            "weighted avg": {
                "precision": 0.5733240698371985,
                "recall": 0.5783065855008301,
                "f1-score": 0.5739121637251824,
                "support": 1807.0
            }
        },
        "M": {
            "0": {
                "precision": 0.6178294573643411,
                "recall": 0.8451749734888653,
                "f1-score": 0.7138378862516793,
                "support": 943.0
            },
            "1": {
                "precision": 0.7176015473887815,
                "recall": 0.42939814814814814,
                "f1-score": 0.5372918175235337,
                "support": 864.0
            },
            "accuracy": 0.6463752075262866,
            "macro avg": {
                "precision": 0.6677155023765613,
                "recall": 0.6372865608185068,
                "f1-score": 0.6255648518876065,
                "support": 1807.0
            },
            "weighted avg": {
                "precision": 0.6655345408071283,
                "recall": 0.6463752075262866,
                "f1-score": 0.6294240492947797,
                "support": 1807.0
            }
        }
    },
    "final_metrics": {
        "val_f1_T": 0.40673398185327536,
        "val_f1_N": 0.5755777788025389,
        "val_f1_M": 0.6255648518876065,
        "val_f1_mean": 0.5359588708478069
    }
}