{
    "0": {
        "precision": 0.16538461538461538,
        "recall": 0.09839816933638444,
        "f1-score": 0.12338593974175036,
        "support": 437.0
    },
    "1": {
        "precision": 0.6155660377358491,
        "recall": 0.5178571428571429,
        "f1-score": 0.5625,
        "support": 504.0
    },
    "2": {
        "precision": 0.6939130434782609,
        "recall": 0.9322429906542056,
        "f1-score": 0.7956131605184447,
        "support": 428.0
    },
    "3": {
        "precision": 0.635036496350365,
        "recall": 0.7945205479452054,
        "f1-score": 0.7058823529411765,
        "support": 438.0
    },
    "accuracy": 0.5816270060874378,
    "macro avg": {
        "precision": 0.5274750482372725,
        "recall": 0.5857547126982346,
        "f1-score": 0.546845363300343,
        "support": 1807.0
    },
    "weighted avg": {
        "precision": 0.5299718472341451,
        "recall": 0.5816270060874378,
        "f1-score": 0.5462747974306998,
        "support": 1807.0
    }
}