{
    "train_metrics": [],
    "val_metrics": [],
    "hyperparameters": {
        "learning_rate": 2.1930485556643678e-05,
        "batch_size": 32,
        "weight_decay": 0.009239150319627255,
        "trainable_layers": 4,
        "dropout_rate": 0.7609227538346741,
        "optimizer": "SGD",
        "scheduler": "CosineAnnealingLR",
        "label_smoothing": 0.1909320402078782,
        "momentum": 0.7750461946640048,
        "T_max": 8,
        "eta_min": 3.185939653285169e-05
    },
    "class_weights": {
        "T": [
            1.020164132118225,
            0.9987770915031433,
            0.9719483256340027,
            1.010427713394165
        ],
        "N": [
            1.005452036857605,
            0.9579423666000366,
            1.0827651023864746,
            0.9634310603141785
        ],
        "M": [
            0.9742671847343445,
            1.027129054069519
        ]
    },
    "classification_reports": {
        "T": {
            "0": {
                "precision": 0.2599118942731278,
                "recall": 0.13981042654028436,
                "f1-score": 0.18181818181818182,
                "support": 422.0
            },
            "1": {
                "precision": 0.20388349514563106,
                "recall": 0.20843672456575682,
                "f1-score": 0.20613496932515338,
                "support": 403.0
            },
            "2": {
                "precision": 0.6202090592334495,
                "recall": 0.33458646616541354,
                "f1-score": 0.4346764346764347,
                "support": 532.0
            },
            "3": {
                "precision": 0.4608399545970488,
                "recall": 0.9022222222222223,
                "f1-score": 0.6100676183320811,
                "support": 450.0
            },
            "accuracy": 0.40232429441062534,
            "macro avg": {
                "precision": 0.3862111008123143,
                "recall": 0.3962639598734192,
                "f1-score": 0.3581743010379628,
                "support": 1807.0
            },
            "weighted avg": {
                "precision": 0.4035290907624883,
                "recall": 0.40232429441062534,
                "f1-score": 0.36833312499314297,
                "support": 1807.0
            }
        },
        "N": {
            "0": {
                "precision": 0.18857142857142858,
                "recall": 0.15102974828375287,
                "f1-score": 0.16772554002541296,
                "support": 437.0
            },
            "1": {
                "precision": 0.49583333333333335,
                "recall": 0.2361111111111111,
                "f1-score": 0.31989247311827956,
                "support": 504.0
            },
            "2": {
                "precision": 0.6369047619047619,
                "recall": 1.0,
                "f1-score": 0.7781818181818182,
                "support": 428.0
            },
            "3": {
                "precision": 0.563302752293578,
                "recall": 0.7009132420091324,
                "f1-score": 0.624618514750763,
                "support": 438.0
            },
            "accuracy": 0.509131156613171,
            "macro avg": {
                "precision": 0.4711530690257755,
                "recall": 0.5220135253509991,
                "f1-score": 0.47260458651906845,
                "support": 1807.0
            },
            "weighted avg": {
                "precision": 0.47129361255425545,
                "recall": 0.509131156613171,
                "f1-score": 0.46550447984801924,
                "support": 1807.0
            }
        },
        "M": {
            "0": {
                "precision": 0.7031539888682746,
                "recall": 0.8038176033934252,
                "f1-score": 0.7501237011380505,
                "support": 943.0
            },
            "1": {
                "precision": 0.7462277091906722,
                "recall": 0.6296296296296297,
                "f1-score": 0.6829880728185813,
                "support": 864.0
            },
            "accuracy": 0.7205312672938572,
            "macro avg": {
                "precision": 0.7246908490294734,
                "recall": 0.7167236165115274,
                "f1-score": 0.716555886978316,
                "support": 1807.0
            },
            "weighted avg": {
                "precision": 0.7237492818171133,
                "recall": 0.7205312672938572,
                "f1-score": 0.7180234339172307,
                "support": 1807.0
            }
        }
    },
    "final_metrics": {
        "val_f1_T": 0.3581743010379628,
        "val_f1_N": 0.47260458651906845,
        "val_f1_M": 0.716555886978316,
        "val_f1_mean": 0.515778258178449
    }
}