{
    "train_metrics": [],
    "val_metrics": [],
    "hyperparameters": {
        "learning_rate": 5.6115164153345e-05,
        "batch_size": 16,
        "weight_decay": 0.003968793330444372,
        "trainable_layers": 2,
        "dropout_rate": 0.7311989040672405,
        "optimizer": "SGD",
        "scheduler": "ReduceLROnPlateau",
        "label_smoothing": 0.18324426408004219,
        "momentum": 0.7615783420967001,
        "factor": 0.2545474901621302,
        "patience": 3
    },
    "class_weights": {
        "T": [
            1.020164132118225,
            0.9987770915031433,
            0.9719483256340027,
            1.010427713394165
        ],
        "N": [
            1.005452036857605,
            0.9579423666000366,
            1.0827651023864746,
            0.9634310603141785
        ],
        "M": [
            0.9742671847343445,
            1.027129054069519
        ]
    },
    "classification_reports": {
        "T": {
            "0": {
                "precision": 0.1638418079096045,
                "recall": 0.06872037914691943,
                "f1-score": 0.09682804674457429,
                "support": 422.0
            },
            "1": {
                "precision": 0.193717277486911,
                "recall": 0.18362282878411912,
                "f1-score": 0.18853503184713377,
                "support": 403.0
            },
            "2": {
                "precision": 0.6666666666666666,
                "recall": 0.37969924812030076,
                "f1-score": 0.48383233532934133,
                "support": 532.0
            },
            "3": {
                "precision": 0.44761904761904764,
                "recall": 0.94,
                "f1-score": 0.6064516129032258,
                "support": 450.0
            },
            "accuracy": 0.4028776978417266,
            "macro avg": {
                "precision": 0.3679611999205574,
                "recall": 0.3930106140128348,
                "f1-score": 0.34391175670606877,
                "support": 1807.0
            },
            "weighted avg": {
                "precision": 0.3892111476814146,
                "recall": 0.4028776978417266,
                "f1-score": 0.3581312018606898,
                "support": 1807.0
            }
        },
        "N": {
            "0": {
                "precision": 0.08808290155440414,
                "recall": 0.038901601830663615,
                "f1-score": 0.05396825396825397,
                "support": 437.0
            },
            "1": {
                "precision": 0.5610972568578554,
                "recall": 0.44642857142857145,
                "f1-score": 0.4972375690607735,
                "support": 504.0
            },
            "2": {
                "precision": 0.6475037821482602,
                "recall": 1.0,
                "f1-score": 0.7860422405876951,
                "support": 428.0
            },
            "3": {
                "precision": 0.5652173913043478,
                "recall": 0.7123287671232876,
                "f1-score": 0.6303030303030303,
                "support": 438.0
            },
            "accuracy": 0.54344216934145,
            "macro avg": {
                "precision": 0.4654753329662169,
                "recall": 0.5494147350956307,
                "f1-score": 0.4918877734799382,
                "support": 1807.0
            },
            "weighted avg": {
                "precision": 0.46816938660010704,
                "recall": 0.54344216934145,
                "f1-score": 0.4906976580160584,
                "support": 1807.0
            }
        },
        "M": {
            "0": {
                "precision": 0.6777583187390543,
                "recall": 0.8207847295864263,
                "f1-score": 0.7424460431654676,
                "support": 943.0
            },
            "1": {
                "precision": 0.7458646616541353,
                "recall": 0.5740740740740741,
                "f1-score": 0.6487900588620014,
                "support": 864.0
            },
            "accuracy": 0.7028223574986165,
            "macro avg": {
                "precision": 0.7118114901965948,
                "recall": 0.6974294018302503,
                "f1-score": 0.6956180510137344,
                "support": 1807.0
            },
            "weighted avg": {
                "precision": 0.7103227239845608,
                "recall": 0.7028223574986165,
                "f1-score": 0.6976653179644744,
                "support": 1807.0
            }
        }
    },
    "final_metrics": {
        "val_f1_T": 0.34391175670606877,
        "val_f1_N": 0.4918877734799382,
        "val_f1_M": 0.6956180510137344,
        "val_f1_mean": 0.5104725270665805
    }
}