{
    "0": {
        "precision": 0.38823529411764707,
        "recall": 0.15639810426540285,
        "f1-score": 0.22297297297297297,
        "support": 422.0
    },
    "1": {
        "precision": 0.1824925816023739,
        "recall": 0.3052109181141439,
        "f1-score": 0.22841225626740946,
        "support": 403.0
    },
    "2": {
        "precision": 0.8571428571428571,
        "recall": 0.3383458646616541,
        "f1-score": 0.48517520215633425,
        "support": 532.0
    },
    "3": {
        "precision": 0.3784860557768924,
        "recall": 0.6333333333333333,
        "f1-score": 0.47381546134663344,
        "support": 450.0
    },
    "accuracy": 0.3619258439402324,
    "macro avg": {
        "precision": 0.4515891971599426,
        "recall": 0.3583220550936336,
        "f1-score": 0.3525939731858375,
        "support": 1807.0
    },
    "weighted avg": {
        "precision": 0.4779737297194274,
        "recall": 0.3619258439402324,
        "f1-score": 0.36384886498257635,
        "support": 1807.0
    }
}