{
    "train_metrics": [],
    "val_metrics": [],
    "hyperparameters": {
        "learning_rate": 0.00045443839603360173,
        "batch_size": 16,
        "weight_decay": 0.003488960745139224,
        "trainable_layers": 2,
        "dropout_rate": 0.8604393961508079,
        "optimizer": "SGD",
        "scheduler": "ReduceLROnPlateau",
        "label_smoothing": 0.1706857343847617,
        "momentum": 0.9114120787318862,
        "factor": 0.4313811040057837,
        "patience": 3
    },
    "class_weights": {
        "T": [
            1.020164132118225,
            0.9987770915031433,
            0.9719483256340027,
            1.010427713394165
        ],
        "N": [
            1.005452036857605,
            0.9579423666000366,
            1.0827651023864746,
            0.9634310603141785
        ],
        "M": [
            0.9742671847343445,
            1.027129054069519
        ]
    },
    "classification_reports": {
        "T": {
            "0": {
                "precision": 0.4411764705882353,
                "recall": 0.2132701421800948,
                "f1-score": 0.28753993610223644,
                "support": 422.0
            },
            "1": {
                "precision": 0.125,
                "recall": 0.1761786600496278,
                "f1-score": 0.1462409886714727,
                "support": 403.0
            },
            "2": {
                "precision": 0.75,
                "recall": 0.27631578947368424,
                "f1-score": 0.40384615384615385,
                "support": 532.0
            },
            "3": {
                "precision": 0.3706793802145411,
                "recall": 0.6911111111111111,
                "f1-score": 0.48254460822342904,
                "support": 450.0
            },
            "accuracy": 0.3425567238516879,
            "macro avg": {
                "precision": 0.4217139627006941,
                "recall": 0.33921892570362944,
                "f1-score": 0.330042921710823,
                "support": 1807.0
            },
            "weighted avg": {
                "precision": 0.4440272228471382,
                "recall": 0.3425567238516879,
                "f1-score": 0.3388313220898972,
                "support": 1807.0
            }
        },
        "N": {
            "0": {
                "precision": 0.16538461538461538,
                "recall": 0.09839816933638444,
                "f1-score": 0.12338593974175036,
                "support": 437.0
            },
            "1": {
                "precision": 0.6155660377358491,
                "recall": 0.5178571428571429,
                "f1-score": 0.5625,
                "support": 504.0
            },
            "2": {
                "precision": 0.6939130434782609,
                "recall": 0.9322429906542056,
                "f1-score": 0.7956131605184447,
                "support": 428.0
            },
            "3": {
                "precision": 0.635036496350365,
                "recall": 0.7945205479452054,
                "f1-score": 0.7058823529411765,
                "support": 438.0
            },
            "accuracy": 0.5816270060874378,
            "macro avg": {
                "precision": 0.5274750482372725,
                "recall": 0.5857547126982346,
                "f1-score": 0.546845363300343,
                "support": 1807.0
            },
            "weighted avg": {
                "precision": 0.5299718472341451,
                "recall": 0.5816270060874378,
                "f1-score": 0.5462747974306998,
                "support": 1807.0
            }
        },
        "M": {
            "0": {
                "precision": 0.620253164556962,
                "recall": 0.7794273594909862,
                "f1-score": 0.6907894736842105,
                "support": 943.0
            },
            "1": {
                "precision": 0.6655948553054662,
                "recall": 0.4791666666666667,
                "f1-score": 0.5572005383580081,
                "support": 864.0
            },
            "accuracy": 0.6358605423353625,
            "macro avg": {
                "precision": 0.6429240099312141,
                "recall": 0.6292970130788265,
                "f1-score": 0.6239950060211092,
                "support": 1807.0
            },
            "weighted avg": {
                "precision": 0.641932866165544,
                "recall": 0.6358605423353625,
                "f1-score": 0.6269151847401934,
                "support": 1807.0
            }
        }
    },
    "final_metrics": {
        "val_f1_T": 0.330042921710823,
        "val_f1_N": 0.546845363300343,
        "val_f1_M": 0.6239950060211092,
        "val_f1_mean": 0.5002944303440917
    }
}