{
    "train_metrics": [],
    "val_metrics": [],
    "hyperparameters": {
        "learning_rate": 0.00041134048275181346,
        "batch_size": 16,
        "weight_decay": 0.004655944986402016,
        "trainable_layers": 4,
        "dropout_rate": 0.8471901575042998,
        "optimizer": "SGD",
        "scheduler": "ReduceLROnPlateau",
        "label_smoothing": 0.11418486857024948,
        "momentum": 0.874519112497538,
        "factor": 0.3751139608609985,
        "patience": 4
    },
    "class_weights": {
        "T": [
            1.020164132118225,
            0.9987770915031433,
            0.9719483256340027,
            1.010427713394165
        ],
        "N": [
            1.005452036857605,
            0.9579423666000366,
            1.0827651023864746,
            0.9634310603141785
        ],
        "M": [
            0.9742671847343445,
            1.027129054069519
        ]
    },
    "classification_reports": {
        "T": {
            "0": {
                "precision": 0.39197530864197533,
                "recall": 0.3009478672985782,
                "f1-score": 0.34048257372654156,
                "support": 422.0
            },
            "1": {
                "precision": 0.1889168765743073,
                "recall": 0.18610421836228289,
                "f1-score": 0.1875,
                "support": 403.0
            },
            "2": {
                "precision": 0.6610978520286396,
                "recall": 0.5206766917293233,
                "f1-score": 0.5825446898002103,
                "support": 532.0
            },
            "3": {
                "precision": 0.37031484257871067,
                "recall": 0.5488888888888889,
                "f1-score": 0.4422560429722471,
                "support": 450.0
            },
            "accuracy": 0.40177089097952406,
            "macro avg": {
                "precision": 0.4030762199559082,
                "recall": 0.38915441656976835,
                "f1-score": 0.3881958266247497,
                "support": 1807.0
            },
            "weighted avg": {
                "precision": 0.42052729272053985,
                "recall": 0.40177089097952406,
                "f1-score": 0.40297462115319516,
                "support": 1807.0
            }
        },
        "N": {
            "0": {
                "precision": 0.26229508196721313,
                "recall": 0.2562929061784897,
                "f1-score": 0.25925925925925924,
                "support": 437.0
            },
            "1": {
                "precision": 0.5492227979274611,
                "recall": 0.42063492063492064,
                "f1-score": 0.4764044943820225,
                "support": 504.0
            },
            "2": {
                "precision": 0.7959183673469388,
                "recall": 0.8200934579439252,
                "f1-score": 0.807825086306099,
                "support": 428.0
            },
            "3": {
                "precision": 0.5913200723327305,
                "recall": 0.7465753424657534,
                "f1-score": 0.6599394550958627,
                "support": 438.0
            },
            "accuracy": 0.5545102379634754,
            "macro avg": {
                "precision": 0.5496890798935858,
                "recall": 0.5608991568057723,
                "f1-score": 0.5508570737608108,
                "support": 1807.0
            },
            "weighted avg": {
                "precision": 0.5484684526183389,
                "recall": 0.5545102379634754,
                "f1-score": 0.5468770225433502,
                "support": 1807.0
            }
        },
        "M": {
            "0": {
                "precision": 0.6067503924646782,
                "recall": 0.8197242841993637,
                "f1-score": 0.6973387460532251,
                "support": 943.0
            },
            "1": {
                "precision": 0.6810506566604128,
                "recall": 0.4201388888888889,
                "f1-score": 0.5196850393700787,
                "support": 864.0
            },
            "accuracy": 0.628666297731046,
            "macro avg": {
                "precision": 0.6439005245625455,
                "recall": 0.6199315865441263,
                "f1-score": 0.608511892711652,
                "support": 1807.0
            },
            "weighted avg": {
                "precision": 0.6422763627276084,
                "recall": 0.628666297731046,
                "f1-score": 0.6123953024592913,
                "support": 1807.0
            }
        }
    },
    "final_metrics": {
        "val_f1_T": 0.3881958266247497,
        "val_f1_N": 0.5508570737608108,
        "val_f1_M": 0.608511892711652,
        "val_f1_mean": 0.5158549310324042
    }
}