{
    "0": {
        "precision": 0.08808290155440414,
        "recall": 0.038901601830663615,
        "f1-score": 0.05396825396825397,
        "support": 437.0
    },
    "1": {
        "precision": 0.5610972568578554,
        "recall": 0.44642857142857145,
        "f1-score": 0.4972375690607735,
        "support": 504.0
    },
    "2": {
        "precision": 0.6475037821482602,
        "recall": 1.0,
        "f1-score": 0.7860422405876951,
        "support": 428.0
    },
    "3": {
        "precision": 0.5652173913043478,
        "recall": 0.7123287671232876,
        "f1-score": 0.6303030303030303,
        "support": 438.0
    },
    "accuracy": 0.54344216934145,
    "macro avg": {
        "precision": 0.4654753329662169,
        "recall": 0.5494147350956307,
        "f1-score": 0.4918877734799382,
        "support": 1807.0
    },
    "weighted avg": {
        "precision": 0.46816938660010704,
        "recall": 0.54344216934145,
        "f1-score": 0.4906976580160584,
        "support": 1807.0
    }
}