{
    "0": {
        "precision": 0.4473684210526316,
        "recall": 0.3222748815165877,
        "f1-score": 0.3746556473829201,
        "support": 422.0
    },
    "1": {
        "precision": 0.184981684981685,
        "recall": 0.2506203473945409,
        "f1-score": 0.21285563751317177,
        "support": 403.0
    },
    "2": {
        "precision": 0.5308641975308642,
        "recall": 0.3233082706766917,
        "f1-score": 0.40186915887850466,
        "support": 532.0
    },
    "3": {
        "precision": 0.39968404423380727,
        "recall": 0.5622222222222222,
        "f1-score": 0.46722068328716526,
        "support": 450.0
    },
    "accuracy": 0.3663530713890426,
    "macro avg": {
        "precision": 0.39072458694974704,
        "recall": 0.3646064304525106,
        "f1-score": 0.36415028176544045,
        "support": 1807.0
    },
    "weighted avg": {
        "precision": 0.40155764566876734,
        "recall": 0.3663530713890426,
        "f1-score": 0.36963431384393436,
        "support": 1807.0
    }
}