{
    "0": {
        "precision": 0.4295612009237875,
        "recall": 0.44075829383886256,
        "f1-score": 0.43508771929824563,
        "support": 422.0
    },
    "1": {
        "precision": 0.2235294117647059,
        "recall": 0.23573200992555832,
        "f1-score": 0.22946859903381642,
        "support": 403.0
    },
    "2": {
        "precision": 0.7019230769230769,
        "recall": 0.4116541353383459,
        "f1-score": 0.518957345971564,
        "support": 532.0
    },
    "3": {
        "precision": 0.3783359497645212,
        "recall": 0.5355555555555556,
        "f1-score": 0.44342226310947563,
        "support": 450.0
    },
    "accuracy": 0.41007194244604317,
    "macro avg": {
        "precision": 0.43333740984402286,
        "recall": 0.4059249986645806,
        "f1-score": 0.40673398185327536,
        "support": 1807.0
    },
    "weighted avg": {
        "precision": 0.4510411920576239,
        "recall": 0.41007194244604317,
        "f1-score": 0.4159978912067646,
        "support": 1807.0
    }
}