{
    "train_metrics": [],
    "val_metrics": [],
    "hyperparameters": {
        "learning_rate": 0.0005628363973851441,
        "batch_size": 16,
        "weight_decay": 0.0036792671958198386,
        "trainable_layers": 3,
        "dropout_rate": 0.8396988682099307,
        "optimizer": "SGD",
        "scheduler": "ReduceLROnPlateau",
        "label_smoothing": 0.11014102127483594,
        "momentum": 0.832287052183555,
        "factor": 0.37686123496810947,
        "patience": 4
    },
    "class_weights": {
        "T": [
            1.020164132118225,
            0.9987770915031433,
            0.9719483256340027,
            1.010427713394165
        ],
        "N": [
            1.005452036857605,
            0.9579423666000366,
            1.0827651023864746,
            0.9634310603141785
        ],
        "M": [
            0.9742671847343445,
            1.027129054069519
        ]
    },
    "classification_reports": {
        "T": {
            "0": {
                "precision": 0.41839762611275966,
                "recall": 0.3341232227488152,
                "f1-score": 0.3715415019762846,
                "support": 422.0
            },
            "1": {
                "precision": 0.23923444976076555,
                "recall": 0.24813895781637718,
                "f1-score": 0.243605359317905,
                "support": 403.0
            },
            "2": {
                "precision": 0.6191588785046729,
                "recall": 0.4981203007518797,
                "f1-score": 0.5520833333333334,
                "support": 532.0
            },
            "3": {
                "precision": 0.3958333333333333,
                "recall": 0.5488888888888889,
                "f1-score": 0.45996275605214154,
                "support": 450.0
            },
            "accuracy": 0.41671278361925845,
            "macro avg": {
                "precision": 0.41815607192788284,
                "recall": 0.4073178425514903,
                "f1-score": 0.40679823766991613,
                "support": 1807.0
            },
            "weighted avg": {
                "precision": 0.43192739614701664,
                "recall": 0.41671278361925845,
                "f1-score": 0.41818209584720795,
                "support": 1807.0
            }
        },
        "N": {
            "0": {
                "precision": 0.27228915662650605,
                "recall": 0.2585812356979405,
                "f1-score": 0.2652582159624413,
                "support": 437.0
            },
            "1": {
                "precision": 0.5564102564102564,
                "recall": 0.4305555555555556,
                "f1-score": 0.4854586129753915,
                "support": 504.0
            },
            "2": {
                "precision": 0.8062953995157385,
                "recall": 0.7780373831775701,
                "f1-score": 0.7919143876337693,
                "support": 428.0
            },
            "3": {
                "precision": 0.5314091680814941,
                "recall": 0.7146118721461188,
                "f1-score": 0.6095423563777994,
                "support": 438.0
            },
            "accuracy": 0.5401217487548423,
            "macro avg": {
                "precision": 0.5416009951584988,
                "recall": 0.5454465116442961,
                "f1-score": 0.5380433932373504,
                "support": 1807.0
            },
            "weighted avg": {
                "precision": 0.5408261080735932,
                "recall": 0.5401217487548423,
                "f1-score": 0.5348687832406825,
                "support": 1807.0
            }
        },
        "M": {
            "0": {
                "precision": 0.6019862490450726,
                "recall": 0.8356309650053022,
                "f1-score": 0.6998223801065719,
                "support": 943.0
            },
            "1": {
                "precision": 0.6887550200803213,
                "recall": 0.39699074074074076,
                "f1-score": 0.5036710719530103,
                "support": 864.0
            },
            "accuracy": 0.6258992805755396,
            "macro avg": {
                "precision": 0.6453706345626969,
                "recall": 0.6163108528730215,
                "f1-score": 0.6017467260297911,
                "support": 1807.0
            },
            "weighted avg": {
                "precision": 0.6434739182063647,
                "recall": 0.6258992805755396,
                "f1-score": 0.6060344829042049,
                "support": 1807.0
            }
        }
    },
    "final_metrics": {
        "val_f1_T": 0.40679823766991613,
        "val_f1_N": 0.5380433932373504,
        "val_f1_M": 0.6017467260297911,
        "val_f1_mean": 0.5155294523123525
    }
}