{
    "train_metrics": [],
    "val_metrics": [],
    "hyperparameters": {
        "learning_rate": 0.00029445672131138065,
        "batch_size": 32,
        "weight_decay": 0.0066141227890134475,
        "trainable_layers": 4,
        "dropout_rate": 0.8179197003691518,
        "optimizer": "SGD",
        "scheduler": "CosineAnnealingLR",
        "label_smoothing": 0.1915303916292203,
        "momentum": 0.8695645373158724,
        "T_max": 9,
        "eta_min": 1.385551323762978e-05
    },
    "class_weights": {
        "T": [
            1.020164132118225,
            0.9987770915031433,
            0.9719483256340027,
            1.010427713394165
        ],
        "N": [
            1.005452036857605,
            0.9579423666000366,
            1.0827651023864746,
            0.9634310603141785
        ],
        "M": [
            0.9742671847343445,
            1.027129054069519
        ]
    },
    "classification_reports": {
        "T": {
            "0": {
                "precision": 0.38823529411764707,
                "recall": 0.15639810426540285,
                "f1-score": 0.22297297297297297,
                "support": 422.0
            },
            "1": {
                "precision": 0.1824925816023739,
                "recall": 0.3052109181141439,
                "f1-score": 0.22841225626740946,
                "support": 403.0
            },
            "2": {
                "precision": 0.8571428571428571,
                "recall": 0.3383458646616541,
                "f1-score": 0.48517520215633425,
                "support": 532.0
            },
            "3": {
                "precision": 0.3784860557768924,
                "recall": 0.6333333333333333,
                "f1-score": 0.47381546134663344,
                "support": 450.0
            },
            "accuracy": 0.3619258439402324,
            "macro avg": {
                "precision": 0.4515891971599426,
                "recall": 0.3583220550936336,
                "f1-score": 0.3525939731858375,
                "support": 1807.0
            },
            "weighted avg": {
                "precision": 0.4779737297194274,
                "recall": 0.3619258439402324,
                "f1-score": 0.36384886498257635,
                "support": 1807.0
            }
        },
        "N": {
            "0": {
                "precision": 0.20754716981132076,
                "recall": 0.15102974828375287,
                "f1-score": 0.17483443708609273,
                "support": 437.0
            },
            "1": {
                "precision": 0.6710875331564987,
                "recall": 0.501984126984127,
                "f1-score": 0.5743473325766175,
                "support": 504.0
            },
            "2": {
                "precision": 0.7140151515151515,
                "recall": 0.8808411214953271,
                "f1-score": 0.7887029288702929,
                "support": 428.0
            },
            "3": {
                "precision": 0.583904109589041,
                "recall": 0.7785388127853882,
                "f1-score": 0.6673189823874756,
                "support": 438.0
            },
            "accuracy": 0.57387935805202,
            "macro avg": {
                "precision": 0.5441384910180029,
                "recall": 0.5780984523871487,
                "f1-score": 0.5513009202301197,
                "support": 1807.0
            },
            "weighted avg": {
                "precision": 0.5480214248848408,
                "recall": 0.57387935805202,
                "f1-score": 0.5510372288142985,
                "support": 1807.0
            }
        },
        "M": {
            "0": {
                "precision": 0.6362179487179487,
                "recall": 0.8419936373276776,
                "f1-score": 0.7247832040164308,
                "support": 943.0
            },
            "1": {
                "precision": 0.7334525939177102,
                "recall": 0.47453703703703703,
                "f1-score": 0.5762473647224174,
                "support": 864.0
            },
            "accuracy": 0.6662977310459325,
            "macro avg": {
                "precision": 0.6848352713178294,
                "recall": 0.6582653371823574,
                "f1-score": 0.6505152843694242,
                "support": 1807.0
            },
            "weighted avg": {
                "precision": 0.6827097768599486,
                "recall": 0.6662977310459325,
                "f1-score": 0.6537621939721433,
                "support": 1807.0
            }
        }
    },
    "final_metrics": {
        "val_f1_T": 0.3525939731858375,
        "val_f1_N": 0.5513009202301197,
        "val_f1_M": 0.6505152843694242,
        "val_f1_mean": 0.5181367259284605
    }
}