{
    "0": {
        "precision": 0.7799043062200957,
        "recall": 0.6914103923647932,
        "f1-score": 0.7329960652051715,
        "support": 943.0
    },
    "1": {
        "precision": 0.7003089598352215,
        "recall": 0.7870370370370371,
        "f1-score": 0.7411444141689373,
        "support": 864.0
    },
    "accuracy": 0.7371333702268954,
    "macro avg": {
        "precision": 0.7401066330276586,
        "recall": 0.7392237147009151,
        "f1-score": 0.7370702396870543,
        "support": 1807.0
    },
    "weighted avg": {
        "precision": 0.7418465423703274,
        "recall": 0.7371333702268954,
        "f1-score": 0.7368921213782172,
        "support": 1807.0
    }
}