{
    "0": {
        "precision": 0.6178294573643411,
        "recall": 0.8451749734888653,
        "f1-score": 0.7138378862516793,
        "support": 943.0
    },
    "1": {
        "precision": 0.7176015473887815,
        "recall": 0.42939814814814814,
        "f1-score": 0.5372918175235337,
        "support": 864.0
    },
    "accuracy": 0.6463752075262866,
    "macro avg": {
        "precision": 0.6677155023765613,
        "recall": 0.6372865608185068,
        "f1-score": 0.6255648518876065,
        "support": 1807.0
    },
    "weighted avg": {
        "precision": 0.6655345408071283,
        "recall": 0.6463752075262866,
        "f1-score": 0.6294240492947797,
        "support": 1807.0
    }
}