{
    "0": {
        "precision": 0.2752941176470588,
        "recall": 0.26773455377574373,
        "f1-score": 0.271461716937355,
        "support": 437.0
    },
    "1": {
        "precision": 0.6069767441860465,
        "recall": 0.5178571428571429,
        "f1-score": 0.5588865096359743,
        "support": 504.0
    },
    "2": {
        "precision": 0.7790178571428571,
        "recall": 0.8154205607476636,
        "f1-score": 0.7968036529680366,
        "support": 428.0
    },
    "3": {
        "precision": 0.6309523809523809,
        "recall": 0.726027397260274,
        "f1-score": 0.6751592356687898,
        "support": 438.0
    },
    "accuracy": 0.5783065855008301,
    "macro avg": {
        "precision": 0.5730602749820859,
        "recall": 0.5817599136602061,
        "f1-score": 0.5755777788025389,
        "support": 1807.0
    },
    "weighted avg": {
        "precision": 0.5733240698371985,
        "recall": 0.5783065855008301,
        "f1-score": 0.5739121637251824,
        "support": 1807.0
    }
}