{
    "train_metrics": [],
    "val_metrics": [],
    "hyperparameters": {
        "learning_rate": 0.00033035817308766307,
        "batch_size": 16,
        "weight_decay": 0.004657610799185728,
        "trainable_layers": 4,
        "dropout_rate": 0.8473881282131538,
        "optimizer": "SGD",
        "scheduler": "ReduceLROnPlateau",
        "label_smoothing": 0.11331313136068996,
        "momentum": 0.871153793506467,
        "factor": 0.3816578385447858,
        "patience": 4
    },
    "class_weights": {
        "T": [
            1.020164132118225,
            0.9987770915031433,
            0.9719483256340027,
            1.010427713394165
        ],
        "N": [
            1.005452036857605,
            0.9579423666000366,
            1.0827651023864746,
            0.9634310603141785
        ],
        "M": [
            0.9742671847343445,
            1.027129054069519
        ]
    },
    "classification_reports": {
        "T": {
            "0": {
                "precision": 0.38018433179723504,
                "recall": 0.3909952606635071,
                "f1-score": 0.3855140186915888,
                "support": 422.0
            },
            "1": {
                "precision": 0.23557692307692307,
                "recall": 0.24317617866004962,
                "f1-score": 0.23931623931623933,
                "support": 403.0
            },
            "2": {
                "precision": 0.691358024691358,
                "recall": 0.42105263157894735,
                "f1-score": 0.5233644859813084,
                "support": 532.0
            },
            "3": {
                "precision": 0.3744075829383886,
                "recall": 0.5266666666666666,
                "f1-score": 0.4376731301939058,
                "support": 450.0
            },
            "accuracy": 0.4006640841173215,
            "macro avg": {
                "precision": 0.4203817156259762,
                "recall": 0.39547268439229266,
                "f1-score": 0.3964669685457606,
                "support": 1807.0
            },
            "weighted avg": {
                "precision": 0.43810800745794715,
                "recall": 0.4006640841173215,
                "f1-score": 0.4064826648929765,
                "support": 1807.0
            }
        },
        "N": {
            "0": {
                "precision": 0.3022312373225152,
                "recall": 0.34096109839816935,
                "f1-score": 0.3204301075268817,
                "support": 437.0
            },
            "1": {
                "precision": 0.5891089108910891,
                "recall": 0.4722222222222222,
                "f1-score": 0.5242290748898678,
                "support": 504.0
            },
            "2": {
                "precision": 0.7975308641975308,
                "recall": 0.7546728971962616,
                "f1-score": 0.7755102040816326,
                "support": 428.0
            },
            "3": {
                "precision": 0.6237623762376238,
                "recall": 0.7191780821917808,
                "f1-score": 0.6680805938494168,
                "support": 438.0
            },
            "accuracy": 0.5672385168788047,
            "macro avg": {
                "precision": 0.5781583471621897,
                "recall": 0.5717585750021085,
                "f1-score": 0.5720624950869497,
                "support": 1807.0
            },
            "weighted avg": {
                "precision": 0.5774969963849864,
                "recall": 0.5672385168788047,
                "f1-score": 0.5693287649068755,
                "support": 1807.0
            }
        },
        "M": {
            "0": {
                "precision": 0.6150793650793651,
                "recall": 0.8218451749734889,
                "f1-score": 0.7035860190649115,
                "support": 943.0
            },
            "1": {
                "precision": 0.6928702010968921,
                "recall": 0.4386574074074074,
                "f1-score": 0.5372076541459957,
                "support": 864.0
            },
            "accuracy": 0.6386275594908688,
            "macro avg": {
                "precision": 0.6539747830881286,
                "recall": 0.6302512911904481,
                "f1-score": 0.6203968366054535,
                "support": 1807.0
            },
            "weighted avg": {
                "precision": 0.6522743193234954,
                "recall": 0.6386275594908688,
                "f1-score": 0.624033773746736,
                "support": 1807.0
            }
        }
    },
    "final_metrics": {
        "val_f1_T": 0.3964669685457606,
        "val_f1_N": 0.5720624950869497,
        "val_f1_M": 0.6203968366054535,
        "val_f1_mean": 0.529642100079388
    }
}