{
    "0": {
        "precision": 0.6547420965058236,
        "recall": 0.8345705196182397,
        "f1-score": 0.7337995337995338,
        "support": 943.0
    },
    "1": {
        "precision": 0.7421487603305785,
        "recall": 0.5196759259259259,
        "f1-score": 0.6113002042205582,
        "support": 864.0
    },
    "accuracy": 0.6840066408411732,
    "macro avg": {
        "precision": 0.6984454284182011,
        "recall": 0.6771232227720828,
        "f1-score": 0.672549869010046,
        "support": 1807.0
    },
    "weighted avg": {
        "precision": 0.6965347680855625,
        "recall": 0.6840066408411732,
        "f1-score": 0.675227635207262,
        "support": 1807.0
    }
}