embedding_model,retrieval_method,llm_model,RAGAS_Faithfulness,RAGAS_AnswerRelevancy,RAGAS_ContextPrecision,RAGAS_ContextRecall
gemini,bm25,gpt-4o,0.4763451865308744,0.8601497777486831,0.9931259259509544,0.9209884303977438
gemini,combined,gpt-4o,0.4764266627843526,0.854513572231953,0.9933706350179512,0.9008660035520702
gemini,cosine,gpt-4o,0.19189747489894626,0.8575605986090709,0.7556114050457846,0.3222557942565345
minilm,bm25,gpt-4o,0.29237339452892036,0.862014290427622,0.9977700985637615,0.48559084536341623
minilm,combined,gpt-4o,0.2777202051688785,0.8601083894805527,0.9976639813489132,0.4711531662982801
minilm,cosine,gpt-4o,0.21131967521052106,0.8632473425180867,0.7587490840369949,0.4866159420532797
openai,bm25,gpt-4o,0.4643024643606004,0.8601016808217105,0.9926021022153287,0.9054070864685829
openai,combined,gpt-4o,0.47634577129669403,0.8593969656897744,0.9939885917642217,0.923537808656003
openai,cosine,gpt-4o,0.26729937951389976,0.8628763389674065,0.9644366059078433,0.9757844259107346
