embedding_model_,retrieval_method_,llm_model_,stage_match_mean,stage_match_std,bertscore_f1_mean,bertscore_f1_std,bleu_mean,bleu_std,rougeL_mean,rougeL_std
gemini,bm25,gpt-4o,0.49722222222222223,0.5006881677127263,0.8415286,0.00994725234781004,0.03958966077207462,0.014874047735250171,0.2080662052836325,0.025012396016373048
gemini,combined,gpt-4o,0.5055555555555555,0.500664986452875,0.8417577,0.009712879243874295,0.039619214377341054,0.015212307342948693,0.20762809673555627,0.02563116186365944
gemini,cosine,gpt-4o,0.5194444444444445,0.5003171386678812,0.8433487,0.010552106195379076,0.04079037735156792,0.014888221746297187,0.20943820590362192,0.026370607315862948
minilm,bm25,gpt-4o,0.48333333333333334,0.5004176528641351,0.8417979,0.010409448674368217,0.041043150933830784,0.015385455025986098,0.20810036469189122,0.026292802449566777
minilm,combined,gpt-4o,0.4638888888888889,0.4993883600345905,0.8422241,0.010348073209956413,0.041601551351786566,0.013951850955945345,0.2090448713351901,0.024214302670979522
minilm,cosine,gpt-4o,0.4527777777777778,0.4984578508071267,0.84356934,0.01036283893336927,0.042484378826322805,0.01513154885031487,0.20944964353290826,0.02692599526313162
openai,bm25,gpt-4o,0.4861111111111111,0.500502687571377,0.84069866,0.01111915553403474,0.03913958072515697,0.014756874880857857,0.20714931380827004,0.02571899158283497
openai,combined,gpt-4o,0.49444444444444446,0.500664986452875,0.84210485,0.009763292357865994,0.03941173073483791,0.014035961103987799,0.20806880909625608,0.02523341051244166
openai,cosine,gpt-4o,0.45,0.49818612489890013,0.84342575,0.010171553398191396,0.04131162768086229,0.014617087582806209,0.21016296424830724,0.024683536372700147
