{
    "0": {
        "precision": 0.6258064516129033,
        "recall": 0.8229056203605515,
        "f1-score": 0.7109482363719651,
        "support": 943.0
    },
    "1": {
        "precision": 0.7054673721340388,
        "recall": 0.46296296296296297,
        "f1-score": 0.5590496156533893,
        "support": 864.0
    },
    "accuracy": 0.6508024349750968,
    "macro avg": {
        "precision": 0.6656369118734711,
        "recall": 0.6429342916617572,
        "f1-score": 0.6349989260126772,
        "support": 1807.0
    },
    "weighted avg": {
        "precision": 0.6638955691171983,
        "recall": 0.6508024349750968,
        "f1-score": 0.638319344119143,
        "support": 1807.0
    }
}