{
    "train_metrics": [],
    "val_metrics": [],
    "hyperparameters": {
        "learning_rate": 2.1930485556643678e-05,
        "batch_size": 32,
        "weight_decay": 0.009239150319627255,
        "trainable_layers": 4,
        "dropout_rate": 0.2913841307520112,
        "optimizer": "SGD",
        "scheduler": "CosineAnnealingLR",
        "label_smoothing": 0.1909320402078782,
        "momentum": 0.7750461946640048,
        "T_max": 8,
        "eta_min": 3.185939653285169e-05
    },
    "class_weights": {
        "T": [
            1.020164132118225,
            0.9987770915031433,
            0.9719483256340027,
            1.010427713394165
        ],
        "N": [
            1.005452036857605,
            0.9579423666000366,
            1.0827651023864746,
            0.9634310603141785
        ],
        "M": [
            0.9742671847343445,
            1.027129054069519
        ]
    },
    "classification_reports": {
        "T": {
            "0": {
                "precision": 0.23497267759562843,
                "recall": 0.1018957345971564,
                "f1-score": 0.14214876033057852,
                "support": 422.0
            },
            "1": {
                "precision": 0.21926910299003322,
                "recall": 0.16377171215880892,
                "f1-score": 0.1875,
                "support": 403.0
            },
            "2": {
                "precision": 0.6542056074766355,
                "recall": 0.5263157894736842,
                "f1-score": 0.5833333333333334,
                "support": 532.0
            },
            "3": {
                "precision": 0.4480446927374302,
                "recall": 0.8911111111111111,
                "f1-score": 0.5962825278810409,
                "support": 450.0
            },
            "accuracy": 0.4371887105700055,
            "macro avg": {
                "precision": 0.38912302019993183,
                "recall": 0.42077358683519017,
                "f1-score": 0.3773161553862382,
                "support": 1807.0
            },
            "weighted avg": {
                "precision": 0.40795872349737256,
                "recall": 0.4371887105700055,
                "f1-score": 0.39524612492490646,
                "support": 1807.0
            }
        },
        "N": {
            "0": {
                "precision": 0.17197452229299362,
                "recall": 0.06178489702517163,
                "f1-score": 0.09090909090909091,
                "support": 437.0
            },
            "1": {
                "precision": 0.6131868131868132,
                "recall": 0.5535714285714286,
                "f1-score": 0.5818561001042752,
                "support": 504.0
            },
            "2": {
                "precision": 0.643609022556391,
                "recall": 1.0,
                "f1-score": 0.7831655992680695,
                "support": 428.0
            },
            "3": {
                "precision": 0.5660377358490566,
                "recall": 0.684931506849315,
                "f1-score": 0.6198347107438017,
                "support": 438.0
            },
            "accuracy": 0.5722191477587161,
            "macro avg": {
                "precision": 0.49870202347131354,
                "recall": 0.5750719581114788,
                "f1-score": 0.5189413752563093,
                "support": 1807.0
            },
            "weighted avg": {
                "precision": 0.5022624294655308,
                "recall": 0.5722191477587161,
                "f1-score": 0.5200139606930527,
                "support": 1807.0
            }
        },
        "M": {
            "0": {
                "precision": 0.6574307304785895,
                "recall": 0.8303287380699894,
                "f1-score": 0.7338331771321462,
                "support": 943.0
            },
            "1": {
                "precision": 0.7402597402597403,
                "recall": 0.5277777777777778,
                "f1-score": 0.6162162162162163,
                "support": 864.0
            },
            "accuracy": 0.685666851134477,
            "macro avg": {
                "precision": 0.6988452353691649,
                "recall": 0.6790532579238836,
                "f1-score": 0.6750246966741813,
                "support": 1807.0
            },
            "weighted avg": {
                "precision": 0.6970346399699644,
                "recall": 0.685666851134477,
                "f1-score": 0.6775957370483812,
                "support": 1807.0
            }
        }
    },
    "final_metrics": {
        "val_f1_T": 0.3773161553862382,
        "val_f1_N": 0.5189413752563093,
        "val_f1_M": 0.6750246966741813,
        "val_f1_mean": 0.5237607424389096
    }
}