{
    "0": {
        "precision": 0.2587601078167116,
        "recall": 0.21967963386727687,
        "f1-score": 0.2376237623762376,
        "support": 437.0
    },
    "1": {
        "precision": 0.6507177033492823,
        "recall": 0.5396825396825397,
        "f1-score": 0.5900216919739696,
        "support": 504.0
    },
    "2": {
        "precision": 0.7662921348314606,
        "recall": 0.7967289719626168,
        "f1-score": 0.7812142038946163,
        "support": 428.0
    },
    "3": {
        "precision": 0.5427574171029669,
        "recall": 0.7100456621004566,
        "f1-score": 0.6152324431256182,
        "support": 438.0
    },
    "accuracy": 0.5644714997232982,
    "macro avg": {
        "precision": 0.5546318407751053,
        "recall": 0.5665342019032225,
        "f1-score": 0.5560230253426104,
        "support": 1807.0
    },
    "weighted avg": {
        "precision": 0.5571337421156092,
        "recall": 0.5644714997232982,
        "f1-score": 0.5561948014771517,
        "support": 1807.0
    }
}