{
    "train_metrics": [],
    "val_metrics": [],
    "hyperparameters": {
        "learning_rate": 1.1659022040896213e-05,
        "batch_size": 32,
        "weight_decay": 0.001186361535545876,
        "trainable_layers": 4,
        "dropout_rate": 0.3180930249447388,
        "optimizer": "SGD",
        "scheduler": "CosineAnnealingLR",
        "label_smoothing": 0.19978647330285354,
        "momentum": 0.9720217128589831,
        "T_max": 5,
        "eta_min": 9.029856829048223e-06
    },
    "class_weights": {
        "T": [
            1.020164132118225,
            0.9987770915031433,
            0.9719483256340027,
            1.010427713394165
        ],
        "N": [
            1.005452036857605,
            0.9579423666000366,
            1.0827651023864746,
            0.9634310603141785
        ],
        "M": [
            0.9742671847343445,
            1.027129054069519
        ]
    },
    "classification_reports": {
        "T": {
            "0": {
                "precision": 0.296969696969697,
                "recall": 0.11611374407582939,
                "f1-score": 0.16695059625212946,
                "support": 422.0
            },
            "1": {
                "precision": 0.14579439252336449,
                "recall": 0.1935483870967742,
                "f1-score": 0.16631130063965885,
                "support": 403.0
            },
            "2": {
                "precision": 0.7572463768115942,
                "recall": 0.39285714285714285,
                "f1-score": 0.5173267326732673,
                "support": 532.0
            },
            "3": {
                "precision": 0.38267148014440433,
                "recall": 0.7066666666666667,
                "f1-score": 0.4964871194379391,
                "support": 450.0
            },
            "accuracy": 0.3619258439402324,
            "macro avg": {
                "precision": 0.395670486612265,
                "recall": 0.3522964851741033,
                "f1-score": 0.3367689372507487,
                "support": 1807.0
            },
            "weighted avg": {
                "precision": 0.42010713383335807,
                "recall": 0.3619258439402324,
                "f1-score": 0.35202746613471614,
                "support": 1807.0
            }
        },
        "N": {
            "0": {
                "precision": 0.19662921348314608,
                "recall": 0.08009153318077804,
                "f1-score": 0.11382113821138211,
                "support": 437.0
            },
            "1": {
                "precision": 0.6377440347071583,
                "recall": 0.5833333333333334,
                "f1-score": 0.6093264248704663,
                "support": 504.0
            },
            "2": {
                "precision": 0.6868686868686869,
                "recall": 0.9532710280373832,
                "f1-score": 0.7984344422700587,
                "support": 428.0
            },
            "3": {
                "precision": 0.5801393728222997,
                "recall": 0.7602739726027398,
                "f1-score": 0.658102766798419,
                "support": 438.0
            },
            "accuracy": 0.5921416712783619,
            "macro avg": {
                "precision": 0.5253453269703228,
                "recall": 0.5942424667885586,
                "f1-score": 0.5449211930375815,
                "support": 1807.0
            },
            "weighted avg": {
                "precision": 0.5287386845935296,
                "recall": 0.5921416712783619,
                "f1-score": 0.5461091913018161,
                "support": 1807.0
            }
        },
        "M": {
            "0": {
                "precision": 0.6176232821341956,
                "recall": 0.8101802757158006,
                "f1-score": 0.7009174311926606,
                "support": 943.0
            },
            "1": {
                "precision": 0.6859649122807018,
                "recall": 0.4525462962962963,
                "f1-score": 0.5453277545327755,
                "support": 864.0
            },
            "accuracy": 0.6391809629219701,
            "macro avg": {
                "precision": 0.6517940972074487,
                "recall": 0.6313632860060485,
                "f1-score": 0.623122592862718,
                "support": 1807.0
            },
            "weighted avg": {
                "precision": 0.6503001877493485,
                "recall": 0.6391809629219701,
                "f1-score": 0.626523695368565,
                "support": 1807.0
            }
        }
    },
    "final_metrics": {
        "val_f1_T": 0.3367689372507487,
        "val_f1_N": 0.5449211930375815,
        "val_f1_M": 0.623122592862718,
        "val_f1_mean": 0.5016042410503494
    }
}