{
    "0": {
        "precision": 0.3065326633165829,
        "recall": 0.2791762013729977,
        "f1-score": 0.29221556886227545,
        "support": 437.0
    },
    "1": {
        "precision": 0.597979797979798,
        "recall": 0.5873015873015873,
        "f1-score": 0.5925925925925926,
        "support": 504.0
    },
    "2": {
        "precision": 0.7744360902255639,
        "recall": 0.7219626168224299,
        "f1-score": 0.747279322853688,
        "support": 428.0
    },
    "3": {
        "precision": 0.4970873786407767,
        "recall": 0.5844748858447488,
        "f1-score": 0.5372507869884575,
        "support": 438.0
    },
    "accuracy": 0.5439955727725512,
    "macro avg": {
        "precision": 0.5440089825406803,
        "recall": 0.5432288228354409,
        "f1-score": 0.5423345678242534,
        "support": 1807.0
    },
    "weighted avg": {
        "precision": 0.5448364751036893,
        "recall": 0.5439955727725512,
        "f1-score": 0.5431744688111809,
        "support": 1807.0
    }
}