{
    "train_metrics": [],
    "val_metrics": [],
    "hyperparameters": {
        "learning_rate": 0.0002710646585371179,
        "batch_size": 32,
        "weight_decay": 0.009435149238788304,
        "trainable_layers": 3,
        "dropout_rate": 0.3784241900227888,
        "optimizer": "SGD",
        "scheduler": "CosineAnnealingLR",
        "label_smoothing": 0.16878839880180146,
        "momentum": 0.7848303444789131,
        "T_max": 5,
        "eta_min": 9.423974294534286e-05
    },
    "class_weights": {
        "T": [
            1.020164132118225,
            0.9987770915031433,
            0.9719483256340027,
            1.010427713394165
        ],
        "N": [
            1.005452036857605,
            0.9579423666000366,
            1.0827651023864746,
            0.9634310603141785
        ],
        "M": [
            0.9742671847343445,
            1.027129054069519
        ]
    },
    "classification_reports": {
        "T": {
            "0": {
                "precision": 0.404320987654321,
                "recall": 0.3104265402843602,
                "f1-score": 0.3512064343163539,
                "support": 422.0
            },
            "1": {
                "precision": 0.1906158357771261,
                "recall": 0.16129032258064516,
                "f1-score": 0.17473118279569894,
                "support": 403.0
            },
            "2": {
                "precision": 0.6765375854214123,
                "recall": 0.5582706766917294,
                "f1-score": 0.611740473738414,
                "support": 532.0
            },
            "3": {
                "precision": 0.39544807965860596,
                "recall": 0.6177777777777778,
                "f1-score": 0.4822202948829141,
                "support": 450.0
            },
            "accuracy": 0.4266740453790813,
            "macro avg": {
                "precision": 0.4167306221278664,
                "recall": 0.4119413293336281,
                "f1-score": 0.40497459643334527,
                "support": 1807.0
            },
            "weighted avg": {
                "precision": 0.434593951244532,
                "recall": 0.4266740453790813,
                "f1-score": 0.421179217860717,
                "support": 1807.0
            }
        },
        "N": {
            "0": {
                "precision": 0.2514450867052023,
                "recall": 0.19908466819221968,
                "f1-score": 0.2222222222222222,
                "support": 437.0
            },
            "1": {
                "precision": 0.6563245823389021,
                "recall": 0.5456349206349206,
                "f1-score": 0.5958829902491874,
                "support": 504.0
            },
            "2": {
                "precision": 0.7669683257918553,
                "recall": 0.7920560747663551,
                "f1-score": 0.7793103448275862,
                "support": 428.0
            },
            "3": {
                "precision": 0.53,
                "recall": 0.726027397260274,
                "f1-score": 0.6127167630057804,
                "support": 438.0
            },
            "accuracy": 0.563918096292197,
            "macro avg": {
                "precision": 0.55118449870899,
                "recall": 0.5657007652134423,
                "f1-score": 0.5525330800761941,
                "support": 1807.0
            },
            "weighted avg": {
                "precision": 0.5539964227049774,
                "recall": 0.563918096292197,
                "f1-score": 0.5530442213499946,
                "support": 1807.0
            }
        },
        "M": {
            "0": {
                "precision": 0.6184519155590305,
                "recall": 0.83881230116649,
                "f1-score": 0.711971197119712,
                "support": 943.0
            },
            "1": {
                "precision": 0.7121212121212122,
                "recall": 0.4351851851851852,
                "f1-score": 0.5402298850574713,
                "support": 864.0
            },
            "accuracy": 0.6458218040951854,
            "macro avg": {
                "precision": 0.6652865638401213,
                "recall": 0.6369987431758376,
                "f1-score": 0.6261005410885916,
                "support": 1807.0
            },
            "weighted avg": {
                "precision": 0.6632390058909203,
                "recall": 0.6458218040951854,
                "f1-score": 0.6298547092271962,
                "support": 1807.0
            }
        }
    },
    "final_metrics": {
        "val_f1_T": 0.40497459643334527,
        "val_f1_N": 0.5525330800761941,
        "val_f1_M": 0.6261005410885916,
        "val_f1_mean": 0.5278694058660437
    }
}