{
    "0": {
        "precision": 0.6263200649878148,
        "recall": 0.8176033934252386,
        "f1-score": 0.7092916283348666,
        "support": 943.0
    },
    "1": {
        "precision": 0.7013888888888888,
        "recall": 0.4675925925925926,
        "f1-score": 0.5611111111111111,
        "support": 864.0
    },
    "accuracy": 0.6502490315439956,
    "macro avg": {
        "precision": 0.6638544769383519,
        "recall": 0.6425979930089156,
        "f1-score": 0.6352013697229888,
        "support": 1807.0
    },
    "weighted avg": {
        "precision": 0.6622135148220859,
        "recall": 0.6502490315439956,
        "f1-score": 0.6384405121858214,
        "support": 1807.0
    }
}