{
    "0": {
        "precision": 0.5832721936903889,
        "recall": 0.8430540827147401,
        "f1-score": 0.6895056374674762,
        "support": 943.0
    },
    "1": {
        "precision": 0.6666666666666666,
        "recall": 0.3425925925925926,
        "f1-score": 0.4525993883792049,
        "support": 864.0
    },
    "accuracy": 0.6037631433314886,
    "macro avg": {
        "precision": 0.6249694301785278,
        "recall": 0.5928233376536663,
        "f1-score": 0.5710525129233406,
        "support": 1807.0
    },
    "weighted avg": {
        "precision": 0.6231464740730696,
        "recall": 0.6037631433314886,
        "f1-score": 0.5762311498015844,
        "support": 1807.0
    }
}