{
    "0": {
        "precision": 0.13953488372093023,
        "recall": 0.02745995423340961,
        "f1-score": 0.045889101338432124,
        "support": 437.0
    },
    "1": {
        "precision": 0.6032315978456014,
        "recall": 0.6666666666666666,
        "f1-score": 0.6333647502356268,
        "support": 504.0
    },
    "2": {
        "precision": 0.6609907120743034,
        "recall": 0.9976635514018691,
        "f1-score": 0.7951582867783985,
        "support": 428.0
    },
    "3": {
        "precision": 0.5540540540540541,
        "recall": 0.6552511415525114,
        "f1-score": 0.600418410041841,
        "support": 438.0
    },
    "accuracy": 0.5877144438295517,
    "macro avg": {
        "precision": 0.48945281192372225,
        "recall": 0.5867603284636141,
        "f1-score": 0.5187076370985746,
        "support": 1807.0
    },
    "weighted avg": {
        "precision": 0.4928528887347577,
        "recall": 0.5877144438295517,
        "f1-score": 0.5216272173453966,
        "support": 1807.0
    }
}