{
    "0": {
        "precision": 0.42946708463949845,
        "recall": 0.3246445497630332,
        "f1-score": 0.3697705802968961,
        "support": 422.0
    },
    "1": {
        "precision": 0.18005540166204986,
        "recall": 0.16129032258064516,
        "f1-score": 0.17015706806282724,
        "support": 403.0
    },
    "2": {
        "precision": 0.7157894736842105,
        "recall": 0.5112781954887218,
        "f1-score": 0.5964912280701754,
        "support": 532.0
    },
    "3": {
        "precision": 0.3895582329317269,
        "recall": 0.6466666666666666,
        "f1-score": 0.48621553884711777,
        "support": 450.0
    },
    "accuracy": 0.42335362479247374,
    "macro avg": {
        "precision": 0.4287175482293714,
        "recall": 0.4109699336247667,
        "f1-score": 0.4056586038192541,
        "support": 1807.0
    },
    "weighted avg": {
        "precision": 0.4482006869988664,
        "recall": 0.42335362479247374,
        "f1-score": 0.42099989437141444,
        "support": 1807.0
    }
}