{
    "train_metrics": [],
    "val_metrics": [],
    "hyperparameters": {
        "learning_rate": 0.0001988258331962122,
        "batch_size": 32,
        "weight_decay": 0.006787431272848925,
        "trainable_layers": 3,
        "dropout_rate": 0.46572884961727085,
        "optimizer": "SGD",
        "scheduler": "CosineAnnealingLR",
        "label_smoothing": 0.14180021906403437,
        "momentum": 0.7923649160309464,
        "T_max": 6,
        "eta_min": 6.189296416768232e-05
    },
    "class_weights": {
        "T": [
            1.020164132118225,
            0.9987770915031433,
            0.9719483256340027,
            1.010427713394165
        ],
        "N": [
            1.005452036857605,
            0.9579423666000366,
            1.0827651023864746,
            0.9634310603141785
        ],
        "M": [
            0.9742671847343445,
            1.027129054069519
        ]
    },
    "classification_reports": {
        "T": {
            "0": {
                "precision": 0.42946708463949845,
                "recall": 0.3246445497630332,
                "f1-score": 0.3697705802968961,
                "support": 422.0
            },
            "1": {
                "precision": 0.18005540166204986,
                "recall": 0.16129032258064516,
                "f1-score": 0.17015706806282724,
                "support": 403.0
            },
            "2": {
                "precision": 0.7157894736842105,
                "recall": 0.5112781954887218,
                "f1-score": 0.5964912280701754,
                "support": 532.0
            },
            "3": {
                "precision": 0.3895582329317269,
                "recall": 0.6466666666666666,
                "f1-score": 0.48621553884711777,
                "support": 450.0
            },
            "accuracy": 0.42335362479247374,
            "macro avg": {
                "precision": 0.4287175482293714,
                "recall": 0.4109699336247667,
                "f1-score": 0.4056586038192541,
                "support": 1807.0
            },
            "weighted avg": {
                "precision": 0.4482006869988664,
                "recall": 0.42335362479247374,
                "f1-score": 0.42099989437141444,
                "support": 1807.0
            }
        },
        "N": {
            "0": {
                "precision": 0.25,
                "recall": 0.20137299771167047,
                "f1-score": 0.22306717363751585,
                "support": 437.0
            },
            "1": {
                "precision": 0.6456310679611651,
                "recall": 0.5277777777777778,
                "f1-score": 0.5807860262008734,
                "support": 504.0
            },
            "2": {
                "precision": 0.7484143763213531,
                "recall": 0.8271028037383178,
                "f1-score": 0.7857935627081021,
                "support": 428.0
            },
            "3": {
                "precision": 0.5578947368421052,
                "recall": 0.726027397260274,
                "f1-score": 0.6309523809523809,
                "support": 438.0
            },
            "accuracy": 0.5677919203099059,
            "macro avg": {
                "precision": 0.5504850452811558,
                "recall": 0.57057024412201,
                "f1-score": 0.5551497858747181,
                "support": 1807.0
            },
            "weighted avg": {
                "precision": 0.5530311599639228,
                "recall": 0.5677919203099059,
                "f1-score": 0.5549935250586857,
                "support": 1807.0
            }
        },
        "M": {
            "0": {
                "precision": 0.6258064516129033,
                "recall": 0.8229056203605515,
                "f1-score": 0.7109482363719651,
                "support": 943.0
            },
            "1": {
                "precision": 0.7054673721340388,
                "recall": 0.46296296296296297,
                "f1-score": 0.5590496156533893,
                "support": 864.0
            },
            "accuracy": 0.6508024349750968,
            "macro avg": {
                "precision": 0.6656369118734711,
                "recall": 0.6429342916617572,
                "f1-score": 0.6349989260126772,
                "support": 1807.0
            },
            "weighted avg": {
                "precision": 0.6638955691171983,
                "recall": 0.6508024349750968,
                "f1-score": 0.638319344119143,
                "support": 1807.0
            }
        }
    },
    "final_metrics": {
        "val_f1_T": 0.4056586038192541,
        "val_f1_N": 0.5551497858747181,
        "val_f1_M": 0.6349989260126772,
        "val_f1_mean": 0.5319357719022165
    }
}