{
    "0": {
        "precision": 0.4479495268138801,
        "recall": 0.33649289099526064,
        "f1-score": 0.38430311231393777,
        "support": 422.0
    },
    "1": {
        "precision": 0.18232044198895028,
        "recall": 0.16377171215880892,
        "f1-score": 0.17254901960784313,
        "support": 403.0
    },
    "2": {
        "precision": 0.726775956284153,
        "recall": 0.5,
        "f1-score": 0.5924276169265034,
        "support": 532.0
    },
    "3": {
        "precision": 0.3884514435695538,
        "recall": 0.6577777777777778,
        "f1-score": 0.4884488448844885,
        "support": 450.0
    },
    "accuracy": 0.42612064194798005,
    "macro avg": {
        "precision": 0.4363743421641343,
        "recall": 0.41451059523296185,
        "f1-score": 0.4094321484331932,
        "support": 1807.0
    },
    "weighted avg": {
        "precision": 0.45598107182427944,
        "recall": 0.42612064194798005,
        "f1-score": 0.42428701754364256,
        "support": 1807.0
    }
}