{
    "0": {
        "precision": 0.6184519155590305,
        "recall": 0.83881230116649,
        "f1-score": 0.711971197119712,
        "support": 943.0
    },
    "1": {
        "precision": 0.7121212121212122,
        "recall": 0.4351851851851852,
        "f1-score": 0.5402298850574713,
        "support": 864.0
    },
    "accuracy": 0.6458218040951854,
    "macro avg": {
        "precision": 0.6652865638401213,
        "recall": 0.6369987431758376,
        "f1-score": 0.6261005410885916,
        "support": 1807.0
    },
    "weighted avg": {
        "precision": 0.6632390058909203,
        "recall": 0.6458218040951854,
        "f1-score": 0.6298547092271962,
        "support": 1807.0
    }
}