{
    "0": {
        "precision": 0.6574307304785895,
        "recall": 0.8303287380699894,
        "f1-score": 0.7338331771321462,
        "support": 943.0
    },
    "1": {
        "precision": 0.7402597402597403,
        "recall": 0.5277777777777778,
        "f1-score": 0.6162162162162163,
        "support": 864.0
    },
    "accuracy": 0.685666851134477,
    "macro avg": {
        "precision": 0.6988452353691649,
        "recall": 0.6790532579238836,
        "f1-score": 0.6750246966741813,
        "support": 1807.0
    },
    "weighted avg": {
        "precision": 0.6970346399699644,
        "recall": 0.685666851134477,
        "f1-score": 0.6775957370483812,
        "support": 1807.0
    }
}