{
    "0": {
        "precision": 0.2514450867052023,
        "recall": 0.19908466819221968,
        "f1-score": 0.2222222222222222,
        "support": 437.0
    },
    "1": {
        "precision": 0.6563245823389021,
        "recall": 0.5456349206349206,
        "f1-score": 0.5958829902491874,
        "support": 504.0
    },
    "2": {
        "precision": 0.7669683257918553,
        "recall": 0.7920560747663551,
        "f1-score": 0.7793103448275862,
        "support": 428.0
    },
    "3": {
        "precision": 0.53,
        "recall": 0.726027397260274,
        "f1-score": 0.6127167630057804,
        "support": 438.0
    },
    "accuracy": 0.563918096292197,
    "macro avg": {
        "precision": 0.55118449870899,
        "recall": 0.5657007652134423,
        "f1-score": 0.5525330800761941,
        "support": 1807.0
    },
    "weighted avg": {
        "precision": 0.5539964227049774,
        "recall": 0.563918096292197,
        "f1-score": 0.5530442213499946,
        "support": 1807.0
    }
}