{
    "0": {
        "precision": 0.25,
        "recall": 0.19679633867276888,
        "f1-score": 0.22023047375160051,
        "support": 437.0
    },
    "1": {
        "precision": 0.6520681265206812,
        "recall": 0.5317460317460317,
        "f1-score": 0.585792349726776,
        "support": 504.0
    },
    "2": {
        "precision": 0.7473903966597077,
        "recall": 0.8364485981308412,
        "f1-score": 0.7894156560088202,
        "support": 428.0
    },
    "3": {
        "precision": 0.5602094240837696,
        "recall": 0.7328767123287672,
        "f1-score": 0.6350148367952523,
        "support": 438.0
    },
    "accuracy": 0.5716657443276149,
    "macro avg": {
        "precision": 0.5524169868160396,
        "recall": 0.5744669202196022,
        "f1-score": 0.5576133290706122,
        "support": 1807.0
    },
    "weighted avg": {
        "precision": 0.5551450765276532,
        "recall": 0.5716657443276149,
        "f1-score": 0.5575464640729607,
        "support": 1807.0
    }
}