{
    "0": {
        "precision": 0.296969696969697,
        "recall": 0.11611374407582939,
        "f1-score": 0.16695059625212946,
        "support": 422.0
    },
    "1": {
        "precision": 0.14579439252336449,
        "recall": 0.1935483870967742,
        "f1-score": 0.16631130063965885,
        "support": 403.0
    },
    "2": {
        "precision": 0.7572463768115942,
        "recall": 0.39285714285714285,
        "f1-score": 0.5173267326732673,
        "support": 532.0
    },
    "3": {
        "precision": 0.38267148014440433,
        "recall": 0.7066666666666667,
        "f1-score": 0.4964871194379391,
        "support": 450.0
    },
    "accuracy": 0.3619258439402324,
    "macro avg": {
        "precision": 0.395670486612265,
        "recall": 0.3522964851741033,
        "f1-score": 0.3367689372507487,
        "support": 1807.0
    },
    "weighted avg": {
        "precision": 0.42010713383335807,
        "recall": 0.3619258439402324,
        "f1-score": 0.35202746613471614,
        "support": 1807.0
    }
}