{
    "train_metrics": [],
    "val_metrics": [],
    "hyperparameters": {
        "learning_rate": 0.0002657577687589405,
        "batch_size": 32,
        "weight_decay": 0.008580083742236164,
        "trainable_layers": 3,
        "dropout_rate": 0.459140127656871,
        "optimizer": "SGD",
        "scheduler": "CosineAnnealingLR",
        "label_smoothing": 0.1605884660281308,
        "momentum": 0.8127042640998042,
        "T_max": 5,
        "eta_min": 4.581366292682915e-05
    },
    "class_weights": {
        "T": [
            1.020164132118225,
            0.9987770915031433,
            0.9719483256340027,
            1.010427713394165
        ],
        "N": [
            1.005452036857605,
            0.9579423666000366,
            1.0827651023864746,
            0.9634310603141785
        ],
        "M": [
            0.9742671847343445,
            1.027129054069519
        ]
    },
    "classification_reports": {
        "T": {
            "0": {
                "precision": 0.40540540540540543,
                "recall": 0.31990521327014215,
                "f1-score": 0.3576158940397351,
                "support": 422.0
            },
            "1": {
                "precision": 0.1855072463768116,
                "recall": 0.1588089330024814,
                "f1-score": 0.1711229946524064,
                "support": 403.0
            },
            "2": {
                "precision": 0.6948356807511737,
                "recall": 0.556390977443609,
                "f1-score": 0.6179540709812108,
                "support": 532.0
            },
            "3": {
                "precision": 0.3940256045519203,
                "recall": 0.6155555555555555,
                "f1-score": 0.48048568950563747,
                "support": 450.0
            },
            "accuracy": 0.4272274488101826,
            "macro avg": {
                "precision": 0.41994348427132777,
                "recall": 0.412665169817947,
                "f1-score": 0.4067946622947474,
                "support": 1807.0
            },
            "weighted avg": {
                "precision": 0.4387407889202683,
                "recall": 0.4272274488101826,
                "f1-score": 0.4232687327997947,
                "support": 1807.0
            }
        },
        "N": {
            "0": {
                "precision": 0.25360230547550433,
                "recall": 0.20137299771167047,
                "f1-score": 0.22448979591836735,
                "support": 437.0
            },
            "1": {
                "precision": 0.6508313539192399,
                "recall": 0.5436507936507936,
                "f1-score": 0.5924324324324325,
                "support": 504.0
            },
            "2": {
                "precision": 0.7628635346756152,
                "recall": 0.7967289719626168,
                "f1-score": 0.7794285714285715,
                "support": 428.0
            },
            "3": {
                "precision": 0.5405405405405406,
                "recall": 0.730593607305936,
                "f1-score": 0.6213592233009708,
                "support": 438.0
            },
            "accuracy": 0.5661317100166021,
            "macro avg": {
                "precision": 0.5519594336527249,
                "recall": 0.5680865926577543,
                "f1-score": 0.5544275057700856,
                "support": 1807.0
            },
            "weighted avg": {
                "precision": 0.5545686549341519,
                "recall": 0.5661317100166021,
                "f1-score": 0.5547530465631026,
                "support": 1807.0
            }
        },
        "M": {
            "0": {
                "precision": 0.6164705882352941,
                "recall": 0.8335100742311771,
                "f1-score": 0.7087466185752931,
                "support": 943.0
            },
            "1": {
                "precision": 0.7048872180451128,
                "recall": 0.4340277777777778,
                "f1-score": 0.5372492836676218,
                "support": 864.0
            },
            "accuracy": 0.6425013835085778,
            "macro avg": {
                "precision": 0.6606789031402034,
                "recall": 0.6337689260044774,
                "f1-score": 0.6229979511214574,
                "support": 1807.0
            },
            "weighted avg": {
                "precision": 0.6587461655212284,
                "recall": 0.6425013835085778,
                "f1-score": 0.6267467860571813,
                "support": 1807.0
            }
        }
    },
    "final_metrics": {
        "val_f1_T": 0.4067946622947474,
        "val_f1_N": 0.5544275057700856,
        "val_f1_M": 0.6229979511214574,
        "val_f1_mean": 0.5280733730620968
    }
}