{
    "0": {
        "precision": 0.23178807947019867,
        "recall": 0.16018306636155608,
        "f1-score": 0.18944519621109607,
        "support": 437.0
    },
    "1": {
        "precision": 0.6700507614213198,
        "recall": 0.5238095238095238,
        "f1-score": 0.5879732739420935,
        "support": 504.0
    },
    "2": {
        "precision": 0.7183908045977011,
        "recall": 0.8761682242990654,
        "f1-score": 0.7894736842105263,
        "support": 428.0
    },
    "3": {
        "precision": 0.568760611205433,
        "recall": 0.7648401826484018,
        "f1-score": 0.6523855890944499,
        "support": 438.0
    },
    "accuracy": 0.5777531820697288,
    "macro avg": {
        "precision": 0.5472475641736632,
        "recall": 0.5812502492796368,
        "f1-score": 0.5548194358645415,
        "support": 1807.0
    },
    "weighted avg": {
        "precision": 0.5509603688769329,
        "recall": 0.5777531820697288,
        "f1-score": 0.5549339821120854,
        "support": 1807.0
    }
}