{
    "0": {
        "precision": 0.25,
        "recall": 0.20137299771167047,
        "f1-score": 0.22306717363751585,
        "support": 437.0
    },
    "1": {
        "precision": 0.6456310679611651,
        "recall": 0.5277777777777778,
        "f1-score": 0.5807860262008734,
        "support": 504.0
    },
    "2": {
        "precision": 0.7484143763213531,
        "recall": 0.8271028037383178,
        "f1-score": 0.7857935627081021,
        "support": 428.0
    },
    "3": {
        "precision": 0.5578947368421052,
        "recall": 0.726027397260274,
        "f1-score": 0.6309523809523809,
        "support": 438.0
    },
    "accuracy": 0.5677919203099059,
    "macro avg": {
        "precision": 0.5504850452811558,
        "recall": 0.57057024412201,
        "f1-score": 0.5551497858747181,
        "support": 1807.0
    },
    "weighted avg": {
        "precision": 0.5530311599639228,
        "recall": 0.5677919203099059,
        "f1-score": 0.5549935250586857,
        "support": 1807.0
    }
}