{
    "0": {
        "precision": 0.23497267759562843,
        "recall": 0.1018957345971564,
        "f1-score": 0.14214876033057852,
        "support": 422.0
    },
    "1": {
        "precision": 0.21926910299003322,
        "recall": 0.16377171215880892,
        "f1-score": 0.1875,
        "support": 403.0
    },
    "2": {
        "precision": 0.6542056074766355,
        "recall": 0.5263157894736842,
        "f1-score": 0.5833333333333334,
        "support": 532.0
    },
    "3": {
        "precision": 0.4480446927374302,
        "recall": 0.8911111111111111,
        "f1-score": 0.5962825278810409,
        "support": 450.0
    },
    "accuracy": 0.4371887105700055,
    "macro avg": {
        "precision": 0.38912302019993183,
        "recall": 0.42077358683519017,
        "f1-score": 0.3773161553862382,
        "support": 1807.0
    },
    "weighted avg": {
        "precision": 0.40795872349737256,
        "recall": 0.4371887105700055,
        "f1-score": 0.39524612492490646,
        "support": 1807.0
    }
}