{
    "train_metrics": [],
    "val_metrics": [],
    "hyperparameters": {
        "learning_rate": 0.00017599482289070884,
        "batch_size": 32,
        "weight_decay": 0.007677637850279478,
        "trainable_layers": 3,
        "dropout_rate": 0.4668213197856335,
        "optimizer": "SGD",
        "scheduler": "CosineAnnealingLR",
        "label_smoothing": 0.15775316504395692,
        "momentum": 0.8145624538146696,
        "T_max": 5,
        "eta_min": 6.604730557308898e-05
    },
    "class_weights": {
        "T": [
            1.020164132118225,
            0.9987770915031433,
            0.9719483256340027,
            1.010427713394165
        ],
        "N": [
            1.005452036857605,
            0.9579423666000366,
            1.0827651023864746,
            0.9634310603141785
        ],
        "M": [
            0.9742671847343445,
            1.027129054069519
        ]
    },
    "classification_reports": {
        "T": {
            "0": {
                "precision": 0.4281150159744409,
                "recall": 0.3175355450236967,
                "f1-score": 0.36462585034013606,
                "support": 422.0
            },
            "1": {
                "precision": 0.17647058823529413,
                "recall": 0.16377171215880892,
                "f1-score": 0.16988416988416988,
                "support": 403.0
            },
            "2": {
                "precision": 0.717391304347826,
                "recall": 0.49624060150375937,
                "f1-score": 0.5866666666666667,
                "support": 532.0
            },
            "3": {
                "precision": 0.39095744680851063,
                "recall": 0.6533333333333333,
                "f1-score": 0.4891846921797005,
                "support": 450.0
            },
            "accuracy": 0.4194798007747648,
            "macro avg": {
                "precision": 0.4282335888415179,
                "recall": 0.40772029800489956,
                "f1-score": 0.4025903447676683,
                "support": 1807.0
            },
            "weighted avg": {
                "precision": 0.44790548355114046,
                "recall": 0.4194798007747648,
                "f1-score": 0.41758450882921405,
                "support": 1807.0
            }
        },
        "N": {
            "0": {
                "precision": 0.25,
                "recall": 0.19679633867276888,
                "f1-score": 0.22023047375160051,
                "support": 437.0
            },
            "1": {
                "precision": 0.6520681265206812,
                "recall": 0.5317460317460317,
                "f1-score": 0.585792349726776,
                "support": 504.0
            },
            "2": {
                "precision": 0.7473903966597077,
                "recall": 0.8364485981308412,
                "f1-score": 0.7894156560088202,
                "support": 428.0
            },
            "3": {
                "precision": 0.5602094240837696,
                "recall": 0.7328767123287672,
                "f1-score": 0.6350148367952523,
                "support": 438.0
            },
            "accuracy": 0.5716657443276149,
            "macro avg": {
                "precision": 0.5524169868160396,
                "recall": 0.5744669202196022,
                "f1-score": 0.5576133290706122,
                "support": 1807.0
            },
            "weighted avg": {
                "precision": 0.5551450765276532,
                "recall": 0.5716657443276149,
                "f1-score": 0.5575464640729607,
                "support": 1807.0
            }
        },
        "M": {
            "0": {
                "precision": 0.6253021756647864,
                "recall": 0.8229056203605515,
                "f1-score": 0.7106227106227107,
                "support": 943.0
            },
            "1": {
                "precision": 0.7049469964664311,
                "recall": 0.4618055555555556,
                "f1-score": 0.558041958041958,
                "support": 864.0
            },
            "accuracy": 0.6502490315439956,
            "macro avg": {
                "precision": 0.6651245860656088,
                "recall": 0.6423555879580536,
                "f1-score": 0.6343323343323344,
                "support": 1807.0
            },
            "weighted avg": {
                "precision": 0.6633835952401161,
                "recall": 0.6502490315439956,
                "f1-score": 0.6376676634562634,
                "support": 1807.0
            }
        }
    },
    "final_metrics": {
        "val_f1_T": 0.4025903447676683,
        "val_f1_N": 0.5576133290706122,
        "val_f1_M": 0.6343323343323344,
        "val_f1_mean": 0.5315120027235384
    }
}