{
    "0": {
        "precision": 0.6164705882352941,
        "recall": 0.8335100742311771,
        "f1-score": 0.7087466185752931,
        "support": 943.0
    },
    "1": {
        "precision": 0.7048872180451128,
        "recall": 0.4340277777777778,
        "f1-score": 0.5372492836676218,
        "support": 864.0
    },
    "accuracy": 0.6425013835085778,
    "macro avg": {
        "precision": 0.6606789031402034,
        "recall": 0.6337689260044774,
        "f1-score": 0.6229979511214574,
        "support": 1807.0
    },
    "weighted avg": {
        "precision": 0.6587461655212284,
        "recall": 0.6425013835085778,
        "f1-score": 0.6267467860571813,
        "support": 1807.0
    }
}