{
    "0": {
        "precision": 0.23030303030303031,
        "recall": 0.17391304347826086,
        "f1-score": 0.1981747066492829,
        "support": 437.0
    },
    "1": {
        "precision": 0.6502463054187192,
        "recall": 0.5238095238095238,
        "f1-score": 0.5802197802197803,
        "support": 504.0
    },
    "2": {
        "precision": 0.7309236947791165,
        "recall": 0.8504672897196262,
        "f1-score": 0.7861771058315334,
        "support": 428.0
    },
    "3": {
        "precision": 0.5636998254799301,
        "recall": 0.7374429223744292,
        "f1-score": 0.6389713155291791,
        "support": 438.0
    },
    "accuracy": 0.5683453237410072,
    "macro avg": {
        "precision": 0.5437932139951991,
        "recall": 0.57140819484546,
        "f1-score": 0.5508857270574439,
        "support": 1807.0
    },
    "weighted avg": {
        "precision": 0.5468192734361538,
        "recall": 0.5683453237410072,
        "f1-score": 0.5508502233172012,
        "support": 1807.0
    }
}