{
    "0": {
        "precision": 0.6253021756647864,
        "recall": 0.8229056203605515,
        "f1-score": 0.7106227106227107,
        "support": 943.0
    },
    "1": {
        "precision": 0.7049469964664311,
        "recall": 0.4618055555555556,
        "f1-score": 0.558041958041958,
        "support": 864.0
    },
    "accuracy": 0.6502490315439956,
    "macro avg": {
        "precision": 0.6651245860656088,
        "recall": 0.6423555879580536,
        "f1-score": 0.6343323343323344,
        "support": 1807.0
    },
    "weighted avg": {
        "precision": 0.6633835952401161,
        "recall": 0.6502490315439956,
        "f1-score": 0.6376676634562634,
        "support": 1807.0
    }
}