{
    "0": {
        "precision": 0.6261151662611517,
        "recall": 0.8186638388123012,
        "f1-score": 0.7095588235294118,
        "support": 943.0
    },
    "1": {
        "precision": 0.7020905923344948,
        "recall": 0.4664351851851852,
        "f1-score": 0.5605006954102921,
        "support": 864.0
    },
    "accuracy": 0.6502490315439956,
    "macro avg": {
        "precision": 0.6641028792978232,
        "recall": 0.6425495119987432,
        "f1-score": 0.635029759469852,
        "support": 1807.0
    },
    "weighted avg": {
        "precision": 0.6624420993698227,
        "recall": 0.6502490315439956,
        "f1-score": 0.6382880860114708,
        "support": 1807.0
    }
}