{
    "0": {
        "precision": 0.404320987654321,
        "recall": 0.3104265402843602,
        "f1-score": 0.3512064343163539,
        "support": 422.0
    },
    "1": {
        "precision": 0.1906158357771261,
        "recall": 0.16129032258064516,
        "f1-score": 0.17473118279569894,
        "support": 403.0
    },
    "2": {
        "precision": 0.6765375854214123,
        "recall": 0.5582706766917294,
        "f1-score": 0.611740473738414,
        "support": 532.0
    },
    "3": {
        "precision": 0.39544807965860596,
        "recall": 0.6177777777777778,
        "f1-score": 0.4822202948829141,
        "support": 450.0
    },
    "accuracy": 0.4266740453790813,
    "macro avg": {
        "precision": 0.4167306221278664,
        "recall": 0.4119413293336281,
        "f1-score": 0.40497459643334527,
        "support": 1807.0
    },
    "weighted avg": {
        "precision": 0.434593951244532,
        "recall": 0.4266740453790813,
        "f1-score": 0.421179217860717,
        "support": 1807.0
    }
}