{
    "0": {
        "precision": 0.3854166666666667,
        "recall": 0.35071090047393366,
        "f1-score": 0.36724565756823824,
        "support": 422.0
    },
    "1": {
        "precision": 0.14882506527415143,
        "recall": 0.141439205955335,
        "f1-score": 0.1450381679389313,
        "support": 403.0
    },
    "2": {
        "precision": 0.581151832460733,
        "recall": 0.41729323308270677,
        "f1-score": 0.48577680525164113,
        "support": 532.0
    },
    "3": {
        "precision": 0.41793313069908816,
        "recall": 0.6111111111111112,
        "f1-score": 0.4963898916967509,
        "support": 450.0
    },
    "accuracy": 0.38848920863309355,
    "macro avg": {
        "precision": 0.3833316737751598,
        "recall": 0.38013861265577165,
        "f1-score": 0.3736126306138904,
        "support": 1807.0
    },
    "weighted avg": {
        "precision": 0.398375771069461,
        "recall": 0.38848920863309355,
        "f1-score": 0.3847464088713873,
        "support": 1807.0
    }
}