{
    "train_metrics": [],
    "val_metrics": [],
    "hyperparameters": {
        "learning_rate": 0.00017624255031867448,
        "batch_size": 32,
        "weight_decay": 0.007413717804739728,
        "trainable_layers": 4,
        "dropout_rate": 0.46576614459814014,
        "optimizer": "SGD",
        "scheduler": "CosineAnnealingLR",
        "label_smoothing": 0.19140740017831662,
        "momentum": 0.7910321673888134,
        "T_max": 5,
        "eta_min": 5.84909826432526e-05
    },
    "class_weights": {
        "T": [
            1.020164132118225,
            0.9987770915031433,
            0.9719483256340027,
            1.010427713394165
        ],
        "N": [
            1.005452036857605,
            0.9579423666000366,
            1.0827651023864746,
            0.9634310603141785
        ],
        "M": [
            0.9742671847343445,
            1.027129054069519
        ]
    },
    "classification_reports": {
        "T": {
            "0": {
                "precision": 0.4275092936802974,
                "recall": 0.2725118483412322,
                "f1-score": 0.33285094066570187,
                "support": 422.0
            },
            "1": {
                "precision": 0.16997792494481237,
                "recall": 0.19106699751861042,
                "f1-score": 0.17990654205607476,
                "support": 403.0
            },
            "2": {
                "precision": 0.7834394904458599,
                "recall": 0.462406015037594,
                "f1-score": 0.5815602836879432,
                "support": 532.0
            },
            "3": {
                "precision": 0.3865110246433204,
                "recall": 0.6622222222222223,
                "f1-score": 0.4881244881244881,
                "support": 450.0
            },
            "accuracy": 0.4073049252905368,
            "macro avg": {
                "precision": 0.4418594334285725,
                "recall": 0.3970517707799147,
                "f1-score": 0.395610563633552,
                "support": 1807.0
            },
            "weighted avg": {
                "precision": 0.4646540097911105,
                "recall": 0.4073049252905368,
                "f1-score": 0.4106317232913834,
                "support": 1807.0
            }
        },
        "N": {
            "0": {
                "precision": 0.23178807947019867,
                "recall": 0.16018306636155608,
                "f1-score": 0.18944519621109607,
                "support": 437.0
            },
            "1": {
                "precision": 0.6700507614213198,
                "recall": 0.5238095238095238,
                "f1-score": 0.5879732739420935,
                "support": 504.0
            },
            "2": {
                "precision": 0.7183908045977011,
                "recall": 0.8761682242990654,
                "f1-score": 0.7894736842105263,
                "support": 428.0
            },
            "3": {
                "precision": 0.568760611205433,
                "recall": 0.7648401826484018,
                "f1-score": 0.6523855890944499,
                "support": 438.0
            },
            "accuracy": 0.5777531820697288,
            "macro avg": {
                "precision": 0.5472475641736632,
                "recall": 0.5812502492796368,
                "f1-score": 0.5548194358645415,
                "support": 1807.0
            },
            "weighted avg": {
                "precision": 0.5509603688769329,
                "recall": 0.5777531820697288,
                "f1-score": 0.5549339821120854,
                "support": 1807.0
            }
        },
        "M": {
            "0": {
                "precision": 0.625910931174089,
                "recall": 0.8197242841993637,
                "f1-score": 0.7098255280073462,
                "support": 943.0
            },
            "1": {
                "precision": 0.7027972027972028,
                "recall": 0.4652777777777778,
                "f1-score": 0.5598885793871866,
                "support": 864.0
            },
            "accuracy": 0.6502490315439956,
            "macro avg": {
                "precision": 0.6643540669856459,
                "recall": 0.6425010309885708,
                "f1-score": 0.6348570536972664,
                "support": 1807.0
            },
            "weighted avg": {
                "precision": 0.6626733764880737,
                "recall": 0.6502490315439956,
                "f1-score": 0.6381345907589688,
                "support": 1807.0
            }
        }
    },
    "final_metrics": {
        "val_f1_T": 0.395610563633552,
        "val_f1_N": 0.5548194358645415,
        "val_f1_M": 0.6348570536972664,
        "val_f1_mean": 0.5284290177317866
    }
}