{
    "train_metrics": [],
    "val_metrics": [],
    "hyperparameters": {
        "learning_rate": 0.00018654230619671264,
        "batch_size": 32,
        "weight_decay": 0.007906314868514612,
        "trainable_layers": 3,
        "dropout_rate": 0.46535637653995676,
        "optimizer": "SGD",
        "scheduler": "CosineAnnealingLR",
        "label_smoothing": 0.15655092309368898,
        "momentum": 0.8124314837038132,
        "T_max": 6,
        "eta_min": 4.678094442156532e-05
    },
    "class_weights": {
        "T": [
            1.020164132118225,
            0.9987770915031433,
            0.9719483256340027,
            1.010427713394165
        ],
        "N": [
            1.005452036857605,
            0.9579423666000366,
            1.0827651023864746,
            0.9634310603141785
        ],
        "M": [
            0.9742671847343445,
            1.027129054069519
        ]
    },
    "classification_reports": {
        "T": {
            "0": {
                "precision": 0.4479495268138801,
                "recall": 0.33649289099526064,
                "f1-score": 0.38430311231393777,
                "support": 422.0
            },
            "1": {
                "precision": 0.18232044198895028,
                "recall": 0.16377171215880892,
                "f1-score": 0.17254901960784313,
                "support": 403.0
            },
            "2": {
                "precision": 0.726775956284153,
                "recall": 0.5,
                "f1-score": 0.5924276169265034,
                "support": 532.0
            },
            "3": {
                "precision": 0.3884514435695538,
                "recall": 0.6577777777777778,
                "f1-score": 0.4884488448844885,
                "support": 450.0
            },
            "accuracy": 0.42612064194798005,
            "macro avg": {
                "precision": 0.4363743421641343,
                "recall": 0.41451059523296185,
                "f1-score": 0.4094321484331932,
                "support": 1807.0
            },
            "weighted avg": {
                "precision": 0.45598107182427944,
                "recall": 0.42612064194798005,
                "f1-score": 0.42428701754364256,
                "support": 1807.0
            }
        },
        "N": {
            "0": {
                "precision": 0.2463768115942029,
                "recall": 0.1945080091533181,
                "f1-score": 0.21739130434782608,
                "support": 437.0
            },
            "1": {
                "precision": 0.6385542168674698,
                "recall": 0.5257936507936508,
                "f1-score": 0.5767138193688792,
                "support": 504.0
            },
            "2": {
                "precision": 0.7453027139874739,
                "recall": 0.8341121495327103,
                "f1-score": 0.7872105843439912,
                "support": 428.0
            },
            "3": {
                "precision": 0.5616197183098591,
                "recall": 0.728310502283105,
                "f1-score": 0.6341948310139165,
                "support": 438.0
            },
            "accuracy": 0.5677919203099059,
            "macro avg": {
                "precision": 0.5479633651897514,
                "recall": 0.570681077940696,
                "f1-score": 0.5538776347686531,
                "support": 1807.0
            },
            "weighted avg": {
                "precision": 0.5503469785136849,
                "recall": 0.5677919203099059,
                "f1-score": 0.5536066580217148,
                "support": 1807.0
            }
        },
        "M": {
            "0": {
                "precision": 0.6261151662611517,
                "recall": 0.8186638388123012,
                "f1-score": 0.7095588235294118,
                "support": 943.0
            },
            "1": {
                "precision": 0.7020905923344948,
                "recall": 0.4664351851851852,
                "f1-score": 0.5605006954102921,
                "support": 864.0
            },
            "accuracy": 0.6502490315439956,
            "macro avg": {
                "precision": 0.6641028792978232,
                "recall": 0.6425495119987432,
                "f1-score": 0.635029759469852,
                "support": 1807.0
            },
            "weighted avg": {
                "precision": 0.6624420993698227,
                "recall": 0.6502490315439956,
                "f1-score": 0.6382880860114708,
                "support": 1807.0
            }
        }
    },
    "final_metrics": {
        "val_f1_T": 0.4094321484331932,
        "val_f1_N": 0.5538776347686531,
        "val_f1_M": 0.635029759469852,
        "val_f1_mean": 0.5327798475572328
    }
}