{
    "0": {
        "precision": 0.42727272727272725,
        "recall": 0.3341232227488152,
        "f1-score": 0.375,
        "support": 422.0
    },
    "1": {
        "precision": 0.1813031161473088,
        "recall": 0.1588089330024814,
        "f1-score": 0.1693121693121693,
        "support": 403.0
    },
    "2": {
        "precision": 0.6992481203007519,
        "recall": 0.5244360902255639,
        "f1-score": 0.5993555316863588,
        "support": 532.0
    },
    "3": {
        "precision": 0.3917241379310345,
        "recall": 0.6311111111111111,
        "f1-score": 0.48340425531914893,
        "support": 450.0
    },
    "accuracy": 0.42501383508577756,
    "macro avg": {
        "precision": 0.42488702541295564,
        "recall": 0.4121198392719929,
        "f1-score": 0.40676798907941925,
        "support": 1807.0
    },
    "weighted avg": {
        "precision": 0.4436359207445611,
        "recall": 0.42501383508577756,
        "f1-score": 0.42217590591232107,
        "support": 1807.0
    }
}