{
    "0": {
        "precision": 0.23357664233576642,
        "recall": 0.14645308924485126,
        "f1-score": 0.180028129395218,
        "support": 437.0
    },
    "1": {
        "precision": 0.6560975609756098,
        "recall": 0.5337301587301587,
        "f1-score": 0.5886214442013129,
        "support": 504.0
    },
    "2": {
        "precision": 0.7158878504672898,
        "recall": 0.8948598130841121,
        "f1-score": 0.7954309449636553,
        "support": 428.0
    },
    "3": {
        "precision": 0.5697278911564626,
        "recall": 0.7648401826484018,
        "f1-score": 0.6530214424951267,
        "support": 438.0
    },
    "accuracy": 0.5816270060874378,
    "macro avg": {
        "precision": 0.5438224862337822,
        "recall": 0.584970810926881,
        "f1-score": 0.5542754902638282,
        "support": 1807.0
    },
    "weighted avg": {
        "precision": 0.5471427668837675,
        "recall": 0.5816270060874378,
        "f1-score": 0.5544025106145445,
        "support": 1807.0
    }
}