{
    "0": {
        "precision": 0.622898318654924,
        "recall": 0.8250265111346765,
        "f1-score": 0.7098540145985401,
        "support": 943.0
    },
    "1": {
        "precision": 0.7043010752688172,
        "recall": 0.4548611111111111,
        "f1-score": 0.5527426160337553,
        "support": 864.0
    },
    "accuracy": 0.6480354178195905,
    "macro avg": {
        "precision": 0.6635996969618706,
        "recall": 0.6399438111228938,
        "f1-score": 0.6312983153161478,
        "support": 1807.0
    },
    "weighted avg": {
        "precision": 0.6618202786518269,
        "recall": 0.6480354178195905,
        "f1-score": 0.6347326818038671,
        "support": 1807.0
    }
}