{
    "0": {
        "precision": 0.4275092936802974,
        "recall": 0.2725118483412322,
        "f1-score": 0.33285094066570187,
        "support": 422.0
    },
    "1": {
        "precision": 0.16997792494481237,
        "recall": 0.19106699751861042,
        "f1-score": 0.17990654205607476,
        "support": 403.0
    },
    "2": {
        "precision": 0.7834394904458599,
        "recall": 0.462406015037594,
        "f1-score": 0.5815602836879432,
        "support": 532.0
    },
    "3": {
        "precision": 0.3865110246433204,
        "recall": 0.6622222222222223,
        "f1-score": 0.4881244881244881,
        "support": 450.0
    },
    "accuracy": 0.4073049252905368,
    "macro avg": {
        "precision": 0.4418594334285725,
        "recall": 0.3970517707799147,
        "f1-score": 0.395610563633552,
        "support": 1807.0
    },
    "weighted avg": {
        "precision": 0.4646540097911105,
        "recall": 0.4073049252905368,
        "f1-score": 0.4106317232913834,
        "support": 1807.0
    }
}