{
    "0": {
        "precision": 0.40540540540540543,
        "recall": 0.31990521327014215,
        "f1-score": 0.3576158940397351,
        "support": 422.0
    },
    "1": {
        "precision": 0.1855072463768116,
        "recall": 0.1588089330024814,
        "f1-score": 0.1711229946524064,
        "support": 403.0
    },
    "2": {
        "precision": 0.6948356807511737,
        "recall": 0.556390977443609,
        "f1-score": 0.6179540709812108,
        "support": 532.0
    },
    "3": {
        "precision": 0.3940256045519203,
        "recall": 0.6155555555555555,
        "f1-score": 0.48048568950563747,
        "support": 450.0
    },
    "accuracy": 0.4272274488101826,
    "macro avg": {
        "precision": 0.41994348427132777,
        "recall": 0.412665169817947,
        "f1-score": 0.4067946622947474,
        "support": 1807.0
    },
    "weighted avg": {
        "precision": 0.4387407889202683,
        "recall": 0.4272274488101826,
        "f1-score": 0.4232687327997947,
        "support": 1807.0
    }
}