{
    "0": {
        "precision": 0.19662921348314608,
        "recall": 0.08009153318077804,
        "f1-score": 0.11382113821138211,
        "support": 437.0
    },
    "1": {
        "precision": 0.6377440347071583,
        "recall": 0.5833333333333334,
        "f1-score": 0.6093264248704663,
        "support": 504.0
    },
    "2": {
        "precision": 0.6868686868686869,
        "recall": 0.9532710280373832,
        "f1-score": 0.7984344422700587,
        "support": 428.0
    },
    "3": {
        "precision": 0.5801393728222997,
        "recall": 0.7602739726027398,
        "f1-score": 0.658102766798419,
        "support": 438.0
    },
    "accuracy": 0.5921416712783619,
    "macro avg": {
        "precision": 0.5253453269703228,
        "recall": 0.5942424667885586,
        "f1-score": 0.5449211930375815,
        "support": 1807.0
    },
    "weighted avg": {
        "precision": 0.5287386845935296,
        "recall": 0.5921416712783619,
        "f1-score": 0.5461091913018161,
        "support": 1807.0
    }
}