{
    "0": {
        "precision": 0.6176232821341956,
        "recall": 0.8101802757158006,
        "f1-score": 0.7009174311926606,
        "support": 943.0
    },
    "1": {
        "precision": 0.6859649122807018,
        "recall": 0.4525462962962963,
        "f1-score": 0.5453277545327755,
        "support": 864.0
    },
    "accuracy": 0.6391809629219701,
    "macro avg": {
        "precision": 0.6517940972074487,
        "recall": 0.6313632860060485,
        "f1-score": 0.623122592862718,
        "support": 1807.0
    },
    "weighted avg": {
        "precision": 0.6503001877493485,
        "recall": 0.6391809629219701,
        "f1-score": 0.626523695368565,
        "support": 1807.0
    }
}