{
    "0": {
        "precision": 0.17197452229299362,
        "recall": 0.06178489702517163,
        "f1-score": 0.09090909090909091,
        "support": 437.0
    },
    "1": {
        "precision": 0.6131868131868132,
        "recall": 0.5535714285714286,
        "f1-score": 0.5818561001042752,
        "support": 504.0
    },
    "2": {
        "precision": 0.643609022556391,
        "recall": 1.0,
        "f1-score": 0.7831655992680695,
        "support": 428.0
    },
    "3": {
        "precision": 0.5660377358490566,
        "recall": 0.684931506849315,
        "f1-score": 0.6198347107438017,
        "support": 438.0
    },
    "accuracy": 0.5722191477587161,
    "macro avg": {
        "precision": 0.49870202347131354,
        "recall": 0.5750719581114788,
        "f1-score": 0.5189413752563093,
        "support": 1807.0
    },
    "weighted avg": {
        "precision": 0.5022624294655308,
        "recall": 0.5722191477587161,
        "f1-score": 0.5200139606930527,
        "support": 1807.0
    }
}