{
    "train_metrics": [],
    "val_metrics": [],
    "hyperparameters": {
        "learning_rate": 0.0002087611936317693,
        "batch_size": 32,
        "weight_decay": 0.004927766977620675,
        "trainable_layers": 3,
        "dropout_rate": 0.4604480061985539,
        "optimizer": "SGD",
        "scheduler": "CosineAnnealingLR",
        "label_smoothing": 0.16068620143691492,
        "momentum": 0.8132933765800298,
        "T_max": 6,
        "eta_min": 4.751166859325178e-05
    },
    "class_weights": {
        "T": [
            1.020164132118225,
            0.9987770915031433,
            0.9719483256340027,
            1.010427713394165
        ],
        "N": [
            1.005452036857605,
            0.9579423666000366,
            1.0827651023864746,
            0.9634310603141785
        ],
        "M": [
            0.9742671847343445,
            1.027129054069519
        ]
    },
    "classification_reports": {
        "T": {
            "0": {
                "precision": 0.42727272727272725,
                "recall": 0.3341232227488152,
                "f1-score": 0.375,
                "support": 422.0
            },
            "1": {
                "precision": 0.1813031161473088,
                "recall": 0.1588089330024814,
                "f1-score": 0.1693121693121693,
                "support": 403.0
            },
            "2": {
                "precision": 0.6992481203007519,
                "recall": 0.5244360902255639,
                "f1-score": 0.5993555316863588,
                "support": 532.0
            },
            "3": {
                "precision": 0.3917241379310345,
                "recall": 0.6311111111111111,
                "f1-score": 0.48340425531914893,
                "support": 450.0
            },
            "accuracy": 0.42501383508577756,
            "macro avg": {
                "precision": 0.42488702541295564,
                "recall": 0.4121198392719929,
                "f1-score": 0.40676798907941925,
                "support": 1807.0
            },
            "weighted avg": {
                "precision": 0.4436359207445611,
                "recall": 0.42501383508577756,
                "f1-score": 0.42217590591232107,
                "support": 1807.0
            }
        },
        "N": {
            "0": {
                "precision": 0.2548476454293629,
                "recall": 0.21052631578947367,
                "f1-score": 0.23057644110275688,
                "support": 437.0
            },
            "1": {
                "precision": 0.6474820143884892,
                "recall": 0.5357142857142857,
                "f1-score": 0.5863192182410424,
                "support": 504.0
            },
            "2": {
                "precision": 0.7559912854030502,
                "recall": 0.8107476635514018,
                "f1-score": 0.7824126268320181,
                "support": 428.0
            },
            "3": {
                "precision": 0.5543859649122806,
                "recall": 0.7214611872146118,
                "f1-score": 0.626984126984127,
                "support": 438.0
            },
            "accuracy": 0.5672385168788047,
            "macro avg": {
                "precision": 0.5531767275332957,
                "recall": 0.5696123630674432,
                "f1-score": 0.5565731032899861,
                "support": 1807.0
            },
            "weighted avg": {
                "precision": 0.5556639065238044,
                "recall": 0.5672385168788047,
                "f1-score": 0.5565901730263095,
                "support": 1807.0
            }
        },
        "M": {
            "0": {
                "precision": 0.622898318654924,
                "recall": 0.8250265111346765,
                "f1-score": 0.7098540145985401,
                "support": 943.0
            },
            "1": {
                "precision": 0.7043010752688172,
                "recall": 0.4548611111111111,
                "f1-score": 0.5527426160337553,
                "support": 864.0
            },
            "accuracy": 0.6480354178195905,
            "macro avg": {
                "precision": 0.6635996969618706,
                "recall": 0.6399438111228938,
                "f1-score": 0.6312983153161478,
                "support": 1807.0
            },
            "weighted avg": {
                "precision": 0.6618202786518269,
                "recall": 0.6480354178195905,
                "f1-score": 0.6347326818038671,
                "support": 1807.0
            }
        }
    },
    "final_metrics": {
        "val_f1_T": 0.40676798907941925,
        "val_f1_N": 0.5565731032899861,
        "val_f1_M": 0.6312983153161478,
        "val_f1_mean": 0.5315464692285178
    }
}