{
    "0": {
        "precision": 0.622168284789644,
        "recall": 0.8154825026511134,
        "f1-score": 0.7058283616337769,
        "support": 943.0
    },
    "1": {
        "precision": 0.6952714535901926,
        "recall": 0.45949074074074076,
        "f1-score": 0.5533101045296167,
        "support": 864.0
    },
    "accuracy": 0.6452684006640841,
    "macro avg": {
        "precision": 0.6587198691899183,
        "recall": 0.6374866216959271,
        "f1-score": 0.6295692330816969,
        "support": 1807.0
    },
    "weighted avg": {
        "precision": 0.6571218751845936,
        "recall": 0.6452684006640841,
        "f1-score": 0.6329031960897845,
        "support": 1807.0
    }
}