{
    "0": {
        "precision": 0.2463768115942029,
        "recall": 0.1945080091533181,
        "f1-score": 0.21739130434782608,
        "support": 437.0
    },
    "1": {
        "precision": 0.6385542168674698,
        "recall": 0.5257936507936508,
        "f1-score": 0.5767138193688792,
        "support": 504.0
    },
    "2": {
        "precision": 0.7453027139874739,
        "recall": 0.8341121495327103,
        "f1-score": 0.7872105843439912,
        "support": 428.0
    },
    "3": {
        "precision": 0.5616197183098591,
        "recall": 0.728310502283105,
        "f1-score": 0.6341948310139165,
        "support": 438.0
    },
    "accuracy": 0.5677919203099059,
    "macro avg": {
        "precision": 0.5479633651897514,
        "recall": 0.570681077940696,
        "f1-score": 0.5538776347686531,
        "support": 1807.0
    },
    "weighted avg": {
        "precision": 0.5503469785136849,
        "recall": 0.5677919203099059,
        "f1-score": 0.5536066580217148,
        "support": 1807.0
    }
}