{
    "0": {
        "precision": 0.42641509433962266,
        "recall": 0.2677725118483412,
        "f1-score": 0.3289665211062591,
        "support": 422.0
    },
    "1": {
        "precision": 0.15625,
        "recall": 0.17369727047146402,
        "f1-score": 0.1645123384253819,
        "support": 403.0
    },
    "2": {
        "precision": 0.797979797979798,
        "recall": 0.44548872180451127,
        "f1-score": 0.571773220747889,
        "support": 532.0
    },
    "3": {
        "precision": 0.3864491844416562,
        "recall": 0.6844444444444444,
        "f1-score": 0.49398556535685645,
        "support": 450.0
    },
    "accuracy": 0.4028776978417266,
    "macro avg": {
        "precision": 0.44177351919026925,
        "recall": 0.3928507371421902,
        "f1-score": 0.38980941140909664,
        "support": 1807.0
    },
    "weighted avg": {
        "precision": 0.46560227190665116,
        "recall": 0.4028776978417266,
        "f1-score": 0.4048695086556351,
        "support": 1807.0
    }
}