{
    "0": {
        "precision": 0.62570281124498,
        "recall": 0.8260869565217391,
        "f1-score": 0.7120658135283364,
        "support": 943.0
    },
    "1": {
        "precision": 0.708185053380783,
        "recall": 0.46064814814814814,
        "f1-score": 0.5582047685834503,
        "support": 864.0
    },
    "accuracy": 0.6513558384061982,
    "macro avg": {
        "precision": 0.6669439323128814,
        "recall": 0.6433675523349436,
        "f1-score": 0.6351352910558934,
        "support": 1807.0
    },
    "weighted avg": {
        "precision": 0.6651409170586677,
        "recall": 0.6513558384061982,
        "f1-score": 0.6384986066482138,
        "support": 1807.0
    }
}