{
    "0": {
        "precision": 0.1683673469387755,
        "recall": 0.07819905213270142,
        "f1-score": 0.10679611650485436,
        "support": 422.0
    },
    "1": {
        "precision": 0.16592920353982302,
        "recall": 0.18610421836228289,
        "f1-score": 0.17543859649122806,
        "support": 403.0
    },
    "2": {
        "precision": 0.6710182767624021,
        "recall": 0.4830827067669173,
        "f1-score": 0.5617486338797815,
        "support": 532.0
    },
    "3": {
        "precision": 0.4690721649484536,
        "recall": 0.8088888888888889,
        "f1-score": 0.5938009787928222,
        "support": 450.0
    },
    "accuracy": 0.4034311012728279,
    "macro avg": {
        "precision": 0.36859674804736353,
        "recall": 0.3890687165376976,
        "f1-score": 0.35944608141717155,
        "support": 1807.0
    },
    "weighted avg": {
        "precision": 0.3906943480349275,
        "recall": 0.4034311012728279,
        "f1-score": 0.37732729896614675,
        "support": 1807.0
    }
}