{
    "0": {
        "precision": 0.25360230547550433,
        "recall": 0.20137299771167047,
        "f1-score": 0.22448979591836735,
        "support": 437.0
    },
    "1": {
        "precision": 0.6508313539192399,
        "recall": 0.5436507936507936,
        "f1-score": 0.5924324324324325,
        "support": 504.0
    },
    "2": {
        "precision": 0.7628635346756152,
        "recall": 0.7967289719626168,
        "f1-score": 0.7794285714285715,
        "support": 428.0
    },
    "3": {
        "precision": 0.5405405405405406,
        "recall": 0.730593607305936,
        "f1-score": 0.6213592233009708,
        "support": 438.0
    },
    "accuracy": 0.5661317100166021,
    "macro avg": {
        "precision": 0.5519594336527249,
        "recall": 0.5680865926577543,
        "f1-score": 0.5544275057700856,
        "support": 1807.0
    },
    "weighted avg": {
        "precision": 0.5545686549341519,
        "recall": 0.5661317100166021,
        "f1-score": 0.5547530465631026,
        "support": 1807.0
    }
}