{
    "0": {
        "precision": 0.625910931174089,
        "recall": 0.8197242841993637,
        "f1-score": 0.7098255280073462,
        "support": 943.0
    },
    "1": {
        "precision": 0.7027972027972028,
        "recall": 0.4652777777777778,
        "f1-score": 0.5598885793871866,
        "support": 864.0
    },
    "accuracy": 0.6502490315439956,
    "macro avg": {
        "precision": 0.6643540669856459,
        "recall": 0.6425010309885708,
        "f1-score": 0.6348570536972664,
        "support": 1807.0
    },
    "weighted avg": {
        "precision": 0.6626733764880737,
        "recall": 0.6502490315439956,
        "f1-score": 0.6381345907589688,
        "support": 1807.0
    }
}