{
    "0": {
        "precision": 0.44481605351170567,
        "recall": 0.31516587677725116,
        "f1-score": 0.36893203883495146,
        "support": 422.0
    },
    "1": {
        "precision": 0.15649867374005305,
        "recall": 0.14640198511166252,
        "f1-score": 0.15128205128205127,
        "support": 403.0
    },
    "2": {
        "precision": 0.7514970059880239,
        "recall": 0.4718045112781955,
        "f1-score": 0.5796766743648961,
        "support": 532.0
    },
    "3": {
        "precision": 0.38268506900878296,
        "recall": 0.6777777777777778,
        "f1-score": 0.48917401764234164,
        "support": 450.0
    },
    "accuracy": 0.4139457664637521,
    "macro avg": {
        "precision": 0.43387420056214143,
        "recall": 0.4027875377362218,
        "f1-score": 0.39726619553106013,
        "support": 1807.0
    },
    "weighted avg": {
        "precision": 0.4553326111448601,
        "recall": 0.4139457664637521,
        "f1-score": 0.4123808996990563,
        "support": 1807.0
    }
}