{
    "0": {
        "precision": 0.4281150159744409,
        "recall": 0.3175355450236967,
        "f1-score": 0.36462585034013606,
        "support": 422.0
    },
    "1": {
        "precision": 0.17647058823529413,
        "recall": 0.16377171215880892,
        "f1-score": 0.16988416988416988,
        "support": 403.0
    },
    "2": {
        "precision": 0.717391304347826,
        "recall": 0.49624060150375937,
        "f1-score": 0.5866666666666667,
        "support": 532.0
    },
    "3": {
        "precision": 0.39095744680851063,
        "recall": 0.6533333333333333,
        "f1-score": 0.4891846921797005,
        "support": 450.0
    },
    "accuracy": 0.4194798007747648,
    "macro avg": {
        "precision": 0.4282335888415179,
        "recall": 0.40772029800489956,
        "f1-score": 0.4025903447676683,
        "support": 1807.0
    },
    "weighted avg": {
        "precision": 0.44790548355114046,
        "recall": 0.4194798007747648,
        "f1-score": 0.41758450882921405,
        "support": 1807.0
    }
}