{
    "train_metrics": [],
    "val_metrics": [],
    "hyperparameters": {
        "learning_rate": 5.6115164153345e-05,
        "batch_size": 16,
        "weight_decay": 0.003968793330444372,
        "trainable_layers": 2,
        "dropout_rate": 0.24679835610086082,
        "optimizer": "SGD",
        "scheduler": "ReduceLROnPlateau",
        "label_smoothing": 0.18324426408004219,
        "momentum": 0.7615783420967001,
        "factor": 0.2545474901621302,
        "patience": 3
    },
    "class_weights": {
        "T": [
            1.020164132118225,
            0.9987770915031433,
            0.9719483256340027,
            1.010427713394165
        ],
        "N": [
            1.005452036857605,
            0.9579423666000366,
            1.0827651023864746,
            0.9634310603141785
        ],
        "M": [
            0.9742671847343445,
            1.027129054069519
        ]
    },
    "classification_reports": {
        "T": {
            "0": {
                "precision": 0.1683673469387755,
                "recall": 0.07819905213270142,
                "f1-score": 0.10679611650485436,
                "support": 422.0
            },
            "1": {
                "precision": 0.16592920353982302,
                "recall": 0.18610421836228289,
                "f1-score": 0.17543859649122806,
                "support": 403.0
            },
            "2": {
                "precision": 0.6710182767624021,
                "recall": 0.4830827067669173,
                "f1-score": 0.5617486338797815,
                "support": 532.0
            },
            "3": {
                "precision": 0.4690721649484536,
                "recall": 0.8088888888888889,
                "f1-score": 0.5938009787928222,
                "support": 450.0
            },
            "accuracy": 0.4034311012728279,
            "macro avg": {
                "precision": 0.36859674804736353,
                "recall": 0.3890687165376976,
                "f1-score": 0.35944608141717155,
                "support": 1807.0
            },
            "weighted avg": {
                "precision": 0.3906943480349275,
                "recall": 0.4034311012728279,
                "f1-score": 0.37732729896614675,
                "support": 1807.0
            }
        },
        "N": {
            "0": {
                "precision": 0.13953488372093023,
                "recall": 0.02745995423340961,
                "f1-score": 0.045889101338432124,
                "support": 437.0
            },
            "1": {
                "precision": 0.6032315978456014,
                "recall": 0.6666666666666666,
                "f1-score": 0.6333647502356268,
                "support": 504.0
            },
            "2": {
                "precision": 0.6609907120743034,
                "recall": 0.9976635514018691,
                "f1-score": 0.7951582867783985,
                "support": 428.0
            },
            "3": {
                "precision": 0.5540540540540541,
                "recall": 0.6552511415525114,
                "f1-score": 0.600418410041841,
                "support": 438.0
            },
            "accuracy": 0.5877144438295517,
            "macro avg": {
                "precision": 0.48945281192372225,
                "recall": 0.5867603284636141,
                "f1-score": 0.5187076370985746,
                "support": 1807.0
            },
            "weighted avg": {
                "precision": 0.4928528887347577,
                "recall": 0.5877144438295517,
                "f1-score": 0.5216272173453966,
                "support": 1807.0
            }
        },
        "M": {
            "0": {
                "precision": 0.6314127861089187,
                "recall": 0.848356309650053,
                "f1-score": 0.7239819004524887,
                "support": 943.0
            },
            "1": {
                "precision": 0.7351851851851852,
                "recall": 0.45949074074074076,
                "f1-score": 0.5655270655270656,
                "support": 864.0
            },
            "accuracy": 0.6624239070282236,
            "macro avg": {
                "precision": 0.6832989856470519,
                "recall": 0.6539235251953969,
                "f1-score": 0.6447544829897771,
                "support": 1807.0
            },
            "weighted avg": {
                "precision": 0.6810305795798065,
                "recall": 0.6624239070282236,
                "f1-score": 0.6482182162380085,
                "support": 1807.0
            }
        }
    },
    "final_metrics": {
        "val_f1_T": 0.35944608141717155,
        "val_f1_N": 0.5187076370985746,
        "val_f1_M": 0.6447544829897771,
        "val_f1_mean": 0.5076360671685077
    }
}