{
    "0": {
        "precision": 0.6314127861089187,
        "recall": 0.848356309650053,
        "f1-score": 0.7239819004524887,
        "support": 943.0
    },
    "1": {
        "precision": 0.7351851851851852,
        "recall": 0.45949074074074076,
        "f1-score": 0.5655270655270656,
        "support": 864.0
    },
    "accuracy": 0.6624239070282236,
    "macro avg": {
        "precision": 0.6832989856470519,
        "recall": 0.6539235251953969,
        "f1-score": 0.6447544829897771,
        "support": 1807.0
    },
    "weighted avg": {
        "precision": 0.6810305795798065,
        "recall": 0.6624239070282236,
        "f1-score": 0.6482182162380085,
        "support": 1807.0
    }
}