{
    "train_metrics": [],
    "val_metrics": [],
    "hyperparameters": {
        "learning_rate": 0.0008781408196485975,
        "batch_size": 16,
        "weight_decay": 0.0031423062259089674,
        "trainable_layers": 2,
        "dropout_rate": 0.2854521483132403,
        "optimizer": "SGD",
        "scheduler": "ReduceLROnPlateau",
        "label_smoothing": 0.12395618906669725,
        "momentum": 0.7420195129064546,
        "factor": 0.3468358280832689,
        "patience": 5
    },
    "class_weights": {
        "T": [
            1.020164132118225,
            0.9987770915031433,
            0.9719483256340027,
            1.010427713394165
        ],
        "N": [
            1.005452036857605,
            0.9579423666000366,
            1.0827651023864746,
            0.9634310603141785
        ],
        "M": [
            0.9742671847343445,
            1.027129054069519
        ]
    },
    "classification_reports": {
        "T": {
            "0": {
                "precision": 0.3854166666666667,
                "recall": 0.35071090047393366,
                "f1-score": 0.36724565756823824,
                "support": 422.0
            },
            "1": {
                "precision": 0.14882506527415143,
                "recall": 0.141439205955335,
                "f1-score": 0.1450381679389313,
                "support": 403.0
            },
            "2": {
                "precision": 0.581151832460733,
                "recall": 0.41729323308270677,
                "f1-score": 0.48577680525164113,
                "support": 532.0
            },
            "3": {
                "precision": 0.41793313069908816,
                "recall": 0.6111111111111112,
                "f1-score": 0.4963898916967509,
                "support": 450.0
            },
            "accuracy": 0.38848920863309355,
            "macro avg": {
                "precision": 0.3833316737751598,
                "recall": 0.38013861265577165,
                "f1-score": 0.3736126306138904,
                "support": 1807.0
            },
            "weighted avg": {
                "precision": 0.398375771069461,
                "recall": 0.38848920863309355,
                "f1-score": 0.3847464088713873,
                "support": 1807.0
            }
        },
        "N": {
            "0": {
                "precision": 0.3065326633165829,
                "recall": 0.2791762013729977,
                "f1-score": 0.29221556886227545,
                "support": 437.0
            },
            "1": {
                "precision": 0.597979797979798,
                "recall": 0.5873015873015873,
                "f1-score": 0.5925925925925926,
                "support": 504.0
            },
            "2": {
                "precision": 0.7744360902255639,
                "recall": 0.7219626168224299,
                "f1-score": 0.747279322853688,
                "support": 428.0
            },
            "3": {
                "precision": 0.4970873786407767,
                "recall": 0.5844748858447488,
                "f1-score": 0.5372507869884575,
                "support": 438.0
            },
            "accuracy": 0.5439955727725512,
            "macro avg": {
                "precision": 0.5440089825406803,
                "recall": 0.5432288228354409,
                "f1-score": 0.5423345678242534,
                "support": 1807.0
            },
            "weighted avg": {
                "precision": 0.5448364751036893,
                "recall": 0.5439955727725512,
                "f1-score": 0.5431744688111809,
                "support": 1807.0
            }
        },
        "M": {
            "0": {
                "precision": 0.5832721936903889,
                "recall": 0.8430540827147401,
                "f1-score": 0.6895056374674762,
                "support": 943.0
            },
            "1": {
                "precision": 0.6666666666666666,
                "recall": 0.3425925925925926,
                "f1-score": 0.4525993883792049,
                "support": 864.0
            },
            "accuracy": 0.6037631433314886,
            "macro avg": {
                "precision": 0.6249694301785278,
                "recall": 0.5928233376536663,
                "f1-score": 0.5710525129233406,
                "support": 1807.0
            },
            "weighted avg": {
                "precision": 0.6231464740730696,
                "recall": 0.6037631433314886,
                "f1-score": 0.5762311498015844,
                "support": 1807.0
            }
        }
    },
    "final_metrics": {
        "val_f1_T": 0.3736126306138904,
        "val_f1_N": 0.5423345678242534,
        "val_f1_M": 0.5710525129233406,
        "val_f1_mean": 0.4956665704538281
    }
}