{
    "train_metrics": [],
    "val_metrics": [],
    "hyperparameters": {
        "learning_rate": 0.00017175482489007385,
        "batch_size": 32,
        "weight_decay": 0.007635340146344675,
        "trainable_layers": 3,
        "dropout_rate": 0.47303489034563045,
        "optimizer": "SGD",
        "scheduler": "CosineAnnealingLR",
        "label_smoothing": 0.15706335698611754,
        "momentum": 0.8058789359672357,
        "T_max": 5,
        "eta_min": 6.378822095957935e-05
    },
    "class_weights": {
        "T": [
            1.020164132118225,
            0.9987770915031433,
            0.9719483256340027,
            1.010427713394165
        ],
        "N": [
            1.005452036857605,
            0.9579423666000366,
            1.0827651023864746,
            0.9634310603141785
        ],
        "M": [
            0.9742671847343445,
            1.027129054069519
        ]
    },
    "classification_reports": {
        "T": {
            "0": {
                "precision": 0.44481605351170567,
                "recall": 0.31516587677725116,
                "f1-score": 0.36893203883495146,
                "support": 422.0
            },
            "1": {
                "precision": 0.15649867374005305,
                "recall": 0.14640198511166252,
                "f1-score": 0.15128205128205127,
                "support": 403.0
            },
            "2": {
                "precision": 0.7514970059880239,
                "recall": 0.4718045112781955,
                "f1-score": 0.5796766743648961,
                "support": 532.0
            },
            "3": {
                "precision": 0.38268506900878296,
                "recall": 0.6777777777777778,
                "f1-score": 0.48917401764234164,
                "support": 450.0
            },
            "accuracy": 0.4139457664637521,
            "macro avg": {
                "precision": 0.43387420056214143,
                "recall": 0.4027875377362218,
                "f1-score": 0.39726619553106013,
                "support": 1807.0
            },
            "weighted avg": {
                "precision": 0.4553326111448601,
                "recall": 0.4139457664637521,
                "f1-score": 0.4123808996990563,
                "support": 1807.0
            }
        },
        "N": {
            "0": {
                "precision": 0.23030303030303031,
                "recall": 0.17391304347826086,
                "f1-score": 0.1981747066492829,
                "support": 437.0
            },
            "1": {
                "precision": 0.6502463054187192,
                "recall": 0.5238095238095238,
                "f1-score": 0.5802197802197803,
                "support": 504.0
            },
            "2": {
                "precision": 0.7309236947791165,
                "recall": 0.8504672897196262,
                "f1-score": 0.7861771058315334,
                "support": 428.0
            },
            "3": {
                "precision": 0.5636998254799301,
                "recall": 0.7374429223744292,
                "f1-score": 0.6389713155291791,
                "support": 438.0
            },
            "accuracy": 0.5683453237410072,
            "macro avg": {
                "precision": 0.5437932139951991,
                "recall": 0.57140819484546,
                "f1-score": 0.5508857270574439,
                "support": 1807.0
            },
            "weighted avg": {
                "precision": 0.5468192734361538,
                "recall": 0.5683453237410072,
                "f1-score": 0.5508502233172012,
                "support": 1807.0
            }
        },
        "M": {
            "0": {
                "precision": 0.6263200649878148,
                "recall": 0.8176033934252386,
                "f1-score": 0.7092916283348666,
                "support": 943.0
            },
            "1": {
                "precision": 0.7013888888888888,
                "recall": 0.4675925925925926,
                "f1-score": 0.5611111111111111,
                "support": 864.0
            },
            "accuracy": 0.6502490315439956,
            "macro avg": {
                "precision": 0.6638544769383519,
                "recall": 0.6425979930089156,
                "f1-score": 0.6352013697229888,
                "support": 1807.0
            },
            "weighted avg": {
                "precision": 0.6622135148220859,
                "recall": 0.6502490315439956,
                "f1-score": 0.6384405121858214,
                "support": 1807.0
            }
        }
    },
    "final_metrics": {
        "val_f1_T": 0.39726619553106013,
        "val_f1_N": 0.5508857270574439,
        "val_f1_M": 0.6352013697229888,
        "val_f1_mean": 0.5277844307704976
    }
}