{
    "0": {
        "precision": 0.2548476454293629,
        "recall": 0.21052631578947367,
        "f1-score": 0.23057644110275688,
        "support": 437.0
    },
    "1": {
        "precision": 0.6474820143884892,
        "recall": 0.5357142857142857,
        "f1-score": 0.5863192182410424,
        "support": 504.0
    },
    "2": {
        "precision": 0.7559912854030502,
        "recall": 0.8107476635514018,
        "f1-score": 0.7824126268320181,
        "support": 428.0
    },
    "3": {
        "precision": 0.5543859649122806,
        "recall": 0.7214611872146118,
        "f1-score": 0.626984126984127,
        "support": 438.0
    },
    "accuracy": 0.5672385168788047,
    "macro avg": {
        "precision": 0.5531767275332957,
        "recall": 0.5696123630674432,
        "f1-score": 0.5565731032899861,
        "support": 1807.0
    },
    "weighted avg": {
        "precision": 0.5556639065238044,
        "recall": 0.5672385168788047,
        "f1-score": 0.5565901730263095,
        "support": 1807.0
    }
}