{
    "0": {
        "precision": 0.4186746987951807,
        "recall": 0.3293838862559242,
        "f1-score": 0.3687002652519894,
        "support": 422.0
    },
    "1": {
        "precision": 0.1810344827586207,
        "recall": 0.15632754342431762,
        "f1-score": 0.1677762982689747,
        "support": 403.0
    },
    "2": {
        "precision": 0.7021791767554479,
        "recall": 0.5451127819548872,
        "f1-score": 0.6137566137566137,
        "support": 532.0
    },
    "3": {
        "precision": 0.39215686274509803,
        "recall": 0.6222222222222222,
        "f1-score": 0.48109965635738833,
        "support": 450.0
    },
    "accuracy": 0.4272274488101826,
    "macro avg": {
        "precision": 0.4235113052635868,
        "recall": 0.4132616084643378,
        "f1-score": 0.40783320840874154,
        "support": 1807.0
    },
    "weighted avg": {
        "precision": 0.44253875468316706,
        "recall": 0.4272274488101826,
        "f1-score": 0.4240280708456444,
        "support": 1807.0
    }
}