{
    "train_metrics": [],
    "val_metrics": [],
    "hyperparameters": {
        "learning_rate": 2.8681134821030064e-05,
        "batch_size": 32,
        "weight_decay": 0.0014495102383254683,
        "trainable_layers": 4,
        "dropout_rate": 0.4424361138693251,
        "optimizer": "SGD",
        "scheduler": "CosineAnnealingLR",
        "label_smoothing": 0.18074401551640626,
        "momentum": 0.959866476977813,
        "T_max": 6,
        "eta_min": 1.189514052824e-05
    },
    "class_weights": {
        "T": [
            1.020164132118225,
            0.9987770915031433,
            0.9719483256340027,
            1.010427713394165
        ],
        "N": [
            1.005452036857605,
            0.9579423666000366,
            1.0827651023864746,
            0.9634310603141785
        ],
        "M": [
            0.9742671847343445,
            1.027129054069519
        ]
    },
    "classification_reports": {
        "T": {
            "0": {
                "precision": 0.42641509433962266,
                "recall": 0.2677725118483412,
                "f1-score": 0.3289665211062591,
                "support": 422.0
            },
            "1": {
                "precision": 0.15625,
                "recall": 0.17369727047146402,
                "f1-score": 0.1645123384253819,
                "support": 403.0
            },
            "2": {
                "precision": 0.797979797979798,
                "recall": 0.44548872180451127,
                "f1-score": 0.571773220747889,
                "support": 532.0
            },
            "3": {
                "precision": 0.3864491844416562,
                "recall": 0.6844444444444444,
                "f1-score": 0.49398556535685645,
                "support": 450.0
            },
            "accuracy": 0.4028776978417266,
            "macro avg": {
                "precision": 0.44177351919026925,
                "recall": 0.3928507371421902,
                "f1-score": 0.38980941140909664,
                "support": 1807.0
            },
            "weighted avg": {
                "precision": 0.46560227190665116,
                "recall": 0.4028776978417266,
                "f1-score": 0.4048695086556351,
                "support": 1807.0
            }
        },
        "N": {
            "0": {
                "precision": 0.23357664233576642,
                "recall": 0.14645308924485126,
                "f1-score": 0.180028129395218,
                "support": 437.0
            },
            "1": {
                "precision": 0.6560975609756098,
                "recall": 0.5337301587301587,
                "f1-score": 0.5886214442013129,
                "support": 504.0
            },
            "2": {
                "precision": 0.7158878504672898,
                "recall": 0.8948598130841121,
                "f1-score": 0.7954309449636553,
                "support": 428.0
            },
            "3": {
                "precision": 0.5697278911564626,
                "recall": 0.7648401826484018,
                "f1-score": 0.6530214424951267,
                "support": 438.0
            },
            "accuracy": 0.5816270060874378,
            "macro avg": {
                "precision": 0.5438224862337822,
                "recall": 0.584970810926881,
                "f1-score": 0.5542754902638282,
                "support": 1807.0
            },
            "weighted avg": {
                "precision": 0.5471427668837675,
                "recall": 0.5816270060874378,
                "f1-score": 0.5544025106145445,
                "support": 1807.0
            }
        },
        "M": {
            "0": {
                "precision": 0.622168284789644,
                "recall": 0.8154825026511134,
                "f1-score": 0.7058283616337769,
                "support": 943.0
            },
            "1": {
                "precision": 0.6952714535901926,
                "recall": 0.45949074074074076,
                "f1-score": 0.5533101045296167,
                "support": 864.0
            },
            "accuracy": 0.6452684006640841,
            "macro avg": {
                "precision": 0.6587198691899183,
                "recall": 0.6374866216959271,
                "f1-score": 0.6295692330816969,
                "support": 1807.0
            },
            "weighted avg": {
                "precision": 0.6571218751845936,
                "recall": 0.6452684006640841,
                "f1-score": 0.6329031960897845,
                "support": 1807.0
            }
        }
    },
    "final_metrics": {
        "val_f1_T": 0.38980941140909664,
        "val_f1_N": 0.5542754902638282,
        "val_f1_M": 0.6295692330816969,
        "val_f1_mean": 0.5245513782515405
    }
}