{
    "train_metrics": [],
    "val_metrics": [],
    "hyperparameters": {
        "learning_rate": 0.0002077684255760601,
        "batch_size": 32,
        "weight_decay": 0.005363885827457383,
        "trainable_layers": 3,
        "dropout_rate": 0.49712754377857954,
        "optimizer": "SGD",
        "scheduler": "CosineAnnealingLR",
        "label_smoothing": 0.14565112128461621,
        "momentum": 0.8197499891190452,
        "T_max": 6,
        "eta_min": 5.755378286507777e-05
    },
    "class_weights": {
        "T": [
            1.020164132118225,
            0.9987770915031433,
            0.9719483256340027,
            1.010427713394165
        ],
        "N": [
            1.005452036857605,
            0.9579423666000366,
            1.0827651023864746,
            0.9634310603141785
        ],
        "M": [
            0.9742671847343445,
            1.027129054069519
        ]
    },
    "classification_reports": {
        "T": {
            "0": {
                "precision": 0.4186746987951807,
                "recall": 0.3293838862559242,
                "f1-score": 0.3687002652519894,
                "support": 422.0
            },
            "1": {
                "precision": 0.1810344827586207,
                "recall": 0.15632754342431762,
                "f1-score": 0.1677762982689747,
                "support": 403.0
            },
            "2": {
                "precision": 0.7021791767554479,
                "recall": 0.5451127819548872,
                "f1-score": 0.6137566137566137,
                "support": 532.0
            },
            "3": {
                "precision": 0.39215686274509803,
                "recall": 0.6222222222222222,
                "f1-score": 0.48109965635738833,
                "support": 450.0
            },
            "accuracy": 0.4272274488101826,
            "macro avg": {
                "precision": 0.4235113052635868,
                "recall": 0.4132616084643378,
                "f1-score": 0.40783320840874154,
                "support": 1807.0
            },
            "weighted avg": {
                "precision": 0.44253875468316706,
                "recall": 0.4272274488101826,
                "f1-score": 0.4240280708456444,
                "support": 1807.0
            }
        },
        "N": {
            "0": {
                "precision": 0.2587601078167116,
                "recall": 0.21967963386727687,
                "f1-score": 0.2376237623762376,
                "support": 437.0
            },
            "1": {
                "precision": 0.6507177033492823,
                "recall": 0.5396825396825397,
                "f1-score": 0.5900216919739696,
                "support": 504.0
            },
            "2": {
                "precision": 0.7662921348314606,
                "recall": 0.7967289719626168,
                "f1-score": 0.7812142038946163,
                "support": 428.0
            },
            "3": {
                "precision": 0.5427574171029669,
                "recall": 0.7100456621004566,
                "f1-score": 0.6152324431256182,
                "support": 438.0
            },
            "accuracy": 0.5644714997232982,
            "macro avg": {
                "precision": 0.5546318407751053,
                "recall": 0.5665342019032225,
                "f1-score": 0.5560230253426104,
                "support": 1807.0
            },
            "weighted avg": {
                "precision": 0.5571337421156092,
                "recall": 0.5644714997232982,
                "f1-score": 0.5561948014771517,
                "support": 1807.0
            }
        },
        "M": {
            "0": {
                "precision": 0.62570281124498,
                "recall": 0.8260869565217391,
                "f1-score": 0.7120658135283364,
                "support": 943.0
            },
            "1": {
                "precision": 0.708185053380783,
                "recall": 0.46064814814814814,
                "f1-score": 0.5582047685834503,
                "support": 864.0
            },
            "accuracy": 0.6513558384061982,
            "macro avg": {
                "precision": 0.6669439323128814,
                "recall": 0.6433675523349436,
                "f1-score": 0.6351352910558934,
                "support": 1807.0
            },
            "weighted avg": {
                "precision": 0.6651409170586677,
                "recall": 0.6513558384061982,
                "f1-score": 0.6384986066482138,
                "support": 1807.0
            }
        }
    },
    "final_metrics": {
        "val_f1_T": 0.40783320840874154,
        "val_f1_N": 0.5560230253426104,
        "val_f1_M": 0.6351352910558934,
        "val_f1_mean": 0.5329971749357484
    }
}